sha256,size_bytes,copy_count,source_relative_path,destination_relative_path
00e348ab3d6bc2eef908345d0bc4e008c95bcfecec060dfda5c4967953761396,1373,3,community-platform/node_modules/next/dist/compiled/react-dom/client.js,06_DIGITAL_PLATFORM/community-platform/node_modules/next/dist/compiled/react-dom/client.js
00e348ab3d6bc2eef908345d0bc4e008c95bcfecec060dfda5c4967953761396,1373,3,community-platform/node_modules/next/dist/compiled/react-dom-experimental/client.js,06_DIGITAL_PLATFORM/community-platform/node_modules/next/dist/compiled/react-dom-experimental/client.js
00e348ab3d6bc2eef908345d0bc4e008c95bcfecec060dfda5c4967953761396,1373,3,community-platform/node_modules/react-dom/client.js,06_DIGITAL_PLATFORM/community-platform/node_modules/react-dom/client.js
01b0f2dc082c773bf1f36664bc564c7e769cfb381b2b3b15e0595dcce1c60aff,40244,2,institution/06-templates/ministry/MIN-PLAN-001-Formation-Plan.docx,04_INSTITUTION_AND_GOVERNANCE/institution/06-templates/ministry/MIN-PLAN-001-Formation-Plan.docx
01b0f2dc082c773bf1f36664bc564c7e769cfb381b2b3b15e0595dcce1c60aff,40244,2,operations/templates/06-Ministry/MIN-PLAN-001-Formation-Plan.docx,80_HISTORICAL_AND_PREINTEGRATION_PACKAGES/operations/templates/06-Ministry/MIN-PLAN-001-Formation-Plan.docx
022471744dba797bdd8db0287562722068ec8e12e7dcfacba5880c39277883b9,40170,2,institution/06-templates/succession/SUC-COI-001-Succession-Conflict-Record.docx,04_INSTITUTION_AND_GOVERNANCE/institution/06-templates/succession/SUC-COI-001-Succession-Conflict-Record.docx
022471744dba797bdd8db0287562722068ec8e12e7dcfacba5880c39277883b9,40170,2,operations/templates/08-Succession/SUC-COI-001-Succession-Conflict-Record.docx,80_HISTORICAL_AND_PREINTEGRATION_PACKAGES/operations/templates/08-Succession/SUC-COI-001-Succession-Conflict-Record.docx
02d6bdf50fff5e3c422c2f71e2dda33820cb4f5d3146d31c0ebe4fc060213a3f,1629,2,community-platform/node_modules/@supabase/realtime-js/dist/main/phoenix/socketAdapter.d.ts.map,06_DIGITAL_PLATFORM/community-platform/node_modules/@supabase/realtime-js/dist/main/phoenix/socketAdapter.d.ts.map
02d6bdf50fff5e3c422c2f71e2dda33820cb4f5d3146d31c0ebe4fc060213a3f,1629,2,community-platform/node_modules/@supabase/realtime-js/dist/module/phoenix/socketAdapter.d.ts.map,06_DIGITAL_PLATFORM/community-platform/node_modules/@supabase/realtime-js/dist/module/phoenix/socketAdapter.d.ts.map
02dc86299e20707aec5c196f4672ed4f9f5636fcb26e8d7b491a5b31c4a40d11,7600,4,governance/02_model_charter_member.md,80_HISTORICAL_AND_PREINTEGRATION_PACKAGES/governance/02_model_charter_member.md
02dc86299e20707aec5c196f4672ed4f9f5636fcb26e8d7b491a5b31c4a40d11,7600,4,institutional_integrity/institutional_integrity_v0_2_release/modular_source/governance/02_model_charter_member.md,05_INTEGRITY_SAFEGUARDING_AND_COMPLIANCE/institutional_integrity/institutional_integrity_v0_2_release/modular_source/governance/02_model_charter_member.md
02dc86299e20707aec5c196f4672ed4f9f5636fcb26e8d7b491a5b31c4a40d11,7600,4,institutional_integrity/institutional_integrity_v0_3/governance/02_model_charter_member.md,05_INTEGRITY_SAFEGUARDING_AND_COMPLIANCE/institutional_integrity/institutional_integrity_v0_3/governance/02_model_charter_member.md
02dc86299e20707aec5c196f4672ed4f9f5636fcb26e8d7b491a5b31c4a40d11,7600,4,institutional_integrity/institutional_integrity_v0_4/governance/02_model_charter_member.md,05_INTEGRITY_SAFEGUARDING_AND_COMPLIANCE/institutional_integrity/institutional_integrity_v0_4/governance/02_model_charter_member.md
0326543ee7ddf0b78e8b3be1530e0f07ba3e321749fde8b5c25374b293ab0dad,40226,2,institution/06-templates/ministry/MIN-EQ-001-Prior-Learning-Equivalency.docx,04_INSTITUTION_AND_GOVERNANCE/institution/06-templates/ministry/MIN-EQ-001-Prior-Learning-Equivalency.docx
0326543ee7ddf0b78e8b3be1530e0f07ba3e321749fde8b5c25374b293ab0dad,40226,2,operations/templates/06-Ministry/MIN-EQ-001-Prior-Learning-Equivalency.docx,80_HISTORICAL_AND_PREINTEGRATION_PACKAGES/operations/templates/06-Ministry/MIN-EQ-001-Prior-Learning-Equivalency.docx
033fb8406f5293761c51dd07cc4e28a50adf5cdc70725159a7ec834aa7e07404,76089,2,community-platform/node_modules/next/dist/compiled/react-server-dom-turbopack/cjs/react-server-dom-turbopack-client.node.production.js,06_DIGITAL_PLATFORM/community-platform/node_modules/next/dist/compiled/react-server-dom-turbopack/cjs/react-server-dom-turbopack-client.node.production.js
033fb8406f5293761c51dd07cc4e28a50adf5cdc70725159a7ec834aa7e07404,76089,2,community-platform/node_modules/next/dist/compiled/react-server-dom-turbopack-experimental/cjs/react-server-dom-turbopack-client.node.production.js,06_DIGITAL_PLATFORM/community-platform/node_modules/next/dist/compiled/react-server-dom-turbopack-experimental/cjs/react-server-dom-turbopack-client.node.production.js
034d51cff340147bcded04542f38b1301aeb67f68da3c1f479c829bfe98405bf,40250,2,institution/06-templates/succession/SUC-INT-001-Interim-Appointment.docx,04_INSTITUTION_AND_GOVERNANCE/institution/06-templates/succession/SUC-INT-001-Interim-Appointment.docx
034d51cff340147bcded04542f38b1301aeb67f68da3c1f479c829bfe98405bf,40250,2,operations/templates/08-Succession/SUC-INT-001-Interim-Appointment.docx,80_HISTORICAL_AND_PREINTEGRATION_PACKAGES/operations/templates/08-Succession/SUC-INT-001-Interim-Appointment.docx
04c37d4a5e50124537e77655c5399f1e3b5b183cd51ef47f4b5735dcb57139fb,146904,2,.archive/institutional_integrity_v0_4_source_pack.zip,99_UNCLASSIFIED/.archive/institutional_integrity_v0_4_source_pack.zip
04c37d4a5e50124537e77655c5399f1e3b5b183cd51ef47f4b5735dcb57139fb,146904,2,institutional_integrity/institutional_integrity_v0_4_release/05_source/institutional_integrity_v0_4_source_pack.zip,05_INTEGRITY_SAFEGUARDING_AND_COMPLIANCE/institutional_integrity/institutional_integrity_v0_4_release/05_source/institutional_integrity_v0_4_source_pack.zip
04e1e5a54a6ff1158d0d38528ea59de9977afc1a854176472aa986a0955af21b,668,2,community-platform/node_modules/next/dist/compiled/react-server-dom-webpack/server.browser.js,06_DIGITAL_PLATFORM/community-platform/node_modules/next/dist/compiled/react-server-dom-webpack/server.browser.js
04e1e5a54a6ff1158d0d38528ea59de9977afc1a854176472aa986a0955af21b,668,2,community-platform/node_modules/next/dist/compiled/react-server-dom-webpack-experimental/server.browser.js,06_DIGITAL_PLATFORM/community-platform/node_modules/next/dist/compiled/react-server-dom-webpack-experimental/server.browser.js
04f0926fa2977a658580074b93eb2f279754988392beb964d28da6d7fb5bab74,41364,2,Church/CH-026-Ministerial-Course-of-Study.docx,80_HISTORICAL_AND_PREINTEGRATION_PACKAGES/Church/CH-026-Ministerial-Course-of-Study.docx
04f0926fa2977a658580074b93eb2f279754988392beb964d28da6d7fb5bab74,41364,2,institution/05-operations/ministry/CH-026-Ministerial-Course-of-Study.docx,04_INSTITUTION_AND_GOVERNANCE/institution/05-operations/ministry/CH-026-Ministerial-Course-of-Study.docx
05df596443e7811d8e773c1b95aa21bbd27f76436406ed9671f4f63d832c962c,40216,2,institution/06-templates/succession/SUC-SEL-001-Selection-Docket.docx,04_INSTITUTION_AND_GOVERNANCE/institution/06-templates/succession/SUC-SEL-001-Selection-Docket.docx
05df596443e7811d8e773c1b95aa21bbd27f76436406ed9671f4f63d832c962c,40216,2,operations/templates/08-Succession/SUC-SEL-001-Selection-Docket.docx,80_HISTORICAL_AND_PREINTEGRATION_PACKAGES/operations/templates/08-Succession/SUC-SEL-001-Selection-Docket.docx
06ee30cd4b21cfd5e1f8f32a958d067377c65f5f0877b8d201467ddfaeebd5f9,40335,2,institution/06-templates/discipline/DISC-INT-001-Complaint-Intake-Record.docx,04_INSTITUTION_AND_GOVERNANCE/institution/06-templates/discipline/DISC-INT-001-Complaint-Intake-Record.docx
06ee30cd4b21cfd5e1f8f32a958d067377c65f5f0877b8d201467ddfaeebd5f9,40335,2,operations/templates/01-Discipline/DISC-INT-001-Complaint-Intake-Record.docx,80_HISTORICAL_AND_PREINTEGRATION_PACKAGES/operations/templates/01-Discipline/DISC-INT-001-Complaint-Intake-Record.docx
077f714f6eb967f9a27638f203898b48f78cc23a6a395416f8a8871071964499,43048,2,institution/06-templates/manuals/MIN-OPS-001-Ministerial-Credentialing-Procedures-and-Forms-Manual.docx,04_INSTITUTION_AND_GOVERNANCE/institution/06-templates/manuals/MIN-OPS-001-Ministerial-Credentialing-Procedures-and-Forms-Manual.docx
077f714f6eb967f9a27638f203898b48f78cc23a6a395416f8a8871071964499,43048,2,MIN-OPS-001-Ministerial-Credentialing-Procedures-and-Forms-Manual.docx,80_HISTORICAL_AND_PREINTEGRATION_PACKAGES/top_level_institutional_exports/MIN-OPS-001-Ministerial-Credentialing-Procedures-and-Forms-Manual.docx
087e4fdf120457dd86460f414a4b052bf6f5370c9af84b50eec9f0cb41557381,4812,2,institutional_integrity/institutional_integrity_v0_3/references_v03/67_current_legal_source_notes.md,05_INTEGRITY_SAFEGUARDING_AND_COMPLIANCE/institutional_integrity/institutional_integrity_v0_3/references_v03/67_current_legal_source_notes.md
087e4fdf120457dd86460f414a4b052bf6f5370c9af84b50eec9f0cb41557381,4812,2,institutional_integrity/institutional_integrity_v0_4/references_v03/67_current_legal_source_notes.md,05_INTEGRITY_SAFEGUARDING_AND_COMPLIANCE/institutional_integrity/institutional_integrity_v0_4/references_v03/67_current_legal_source_notes.md
089e52b2a704f07257567567d858a9e9212cf651e413db266015dd3f8cc7e438,40132,2,institution/06-templates/governance/GOV-NOT-001-Meeting-Notice.docx,04_INSTITUTION_AND_GOVERNANCE/institution/06-templates/governance/GOV-NOT-001-Meeting-Notice.docx
089e52b2a704f07257567567d858a9e9212cf651e413db266015dd3f8cc7e438,40132,2,operations/templates/04-Governance/GOV-NOT-001-Meeting-Notice.docx,80_HISTORICAL_AND_PREINTEGRATION_PACKAGES/operations/templates/04-Governance/GOV-NOT-001-Meeting-Notice.docx
08ced801f056b6d4c0a8c1bec7d5ff1aa7ee586a62b2e1cda01d59d7309f5f4b,40825,2,Congregation/CONG-001-Congregational-Operations-Layer-Production-Binder.docx,80_HISTORICAL_AND_PREINTEGRATION_PACKAGES/Congregation/CONG-001-Congregational-Operations-Layer-Production-Binder.docx
08ced801f056b6d4c0a8c1bec7d5ff1aa7ee586a62b2e1cda01d59d7309f5f4b,40825,2,institution/99-archive/historical-drafts/production-binders/CONG-001-Congregational-Operations-Layer-Production-Binder.docx,04_INSTITUTION_AND_GOVERNANCE/institution/99-archive/historical-drafts/production-binders/CONG-001-Congregational-Operations-Layer-Production-Binder.docx
08dea783898e7a7ddd3b2e3140ecf1147f8bd79f44ee4510490c833571ecbbc8,40289,2,institution/06-templates/governance/GOV-REC-001-Conflict-Recusal-Record.docx,04_INSTITUTION_AND_GOVERNANCE/institution/06-templates/governance/GOV-REC-001-Conflict-Recusal-Record.docx
08dea783898e7a7ddd3b2e3140ecf1147f8bd79f44ee4510490c833571ecbbc8,40289,2,operations/templates/04-Governance/GOV-REC-001-Conflict-Recusal-Record.docx,80_HISTORICAL_AND_PREINTEGRATION_PACKAGES/operations/templates/04-Governance/GOV-REC-001-Conflict-Recusal-Record.docx
08f1955ecce91d762ba03f8a380d0e947f3809635a760ddee5c86a71eb3fd0d5,79,6,community-platform/node_modules/@supabase/auth-js/dist/main/lib/version.d.ts,06_DIGITAL_PLATFORM/community-platform/node_modules/@supabase/auth-js/dist/main/lib/version.d.ts
08f1955ecce91d762ba03f8a380d0e947f3809635a760ddee5c86a71eb3fd0d5,79,6,community-platform/node_modules/@supabase/auth-js/dist/module/lib/version.d.ts,06_DIGITAL_PLATFORM/community-platform/node_modules/@supabase/auth-js/dist/module/lib/version.d.ts
08f1955ecce91d762ba03f8a380d0e947f3809635a760ddee5c86a71eb3fd0d5,79,6,community-platform/node_modules/@supabase/functions-js/dist/main/version.d.ts,06_DIGITAL_PLATFORM/community-platform/node_modules/@supabase/functions-js/dist/main/version.d.ts
08f1955ecce91d762ba03f8a380d0e947f3809635a760ddee5c86a71eb3fd0d5,79,6,community-platform/node_modules/@supabase/functions-js/dist/module/version.d.ts,06_DIGITAL_PLATFORM/community-platform/node_modules/@supabase/functions-js/dist/module/version.d.ts
08f1955ecce91d762ba03f8a380d0e947f3809635a760ddee5c86a71eb3fd0d5,79,6,community-platform/node_modules/@supabase/realtime-js/dist/main/lib/version.d.ts,06_DIGITAL_PLATFORM/community-platform/node_modules/@supabase/realtime-js/dist/main/lib/version.d.ts
08f1955ecce91d762ba03f8a380d0e947f3809635a760ddee5c86a71eb3fd0d5,79,6,community-platform/node_modules/@supabase/realtime-js/dist/module/lib/version.d.ts,06_DIGITAL_PLATFORM/community-platform/node_modules/@supabase/realtime-js/dist/module/lib/version.d.ts
092529f9a1f5e5e069119b8b6c0fe2894c7dd88347ba532246005d7e2c69149d,3233,2,institutional_integrity/institutional_integrity_v0_3/tax/64_irs_1023_preparation_dossier.md,05_INTEGRITY_SAFEGUARDING_AND_COMPLIANCE/institutional_integrity/institutional_integrity_v0_3/tax/64_irs_1023_preparation_dossier.md
092529f9a1f5e5e069119b8b6c0fe2894c7dd88347ba532246005d7e2c69149d,3233,2,institutional_integrity/institutional_integrity_v0_4/tax/64_irs_1023_preparation_dossier.md,05_INTEGRITY_SAFEGUARDING_AND_COMPLIANCE/institutional_integrity/institutional_integrity_v0_4/tax/64_irs_1023_preparation_dossier.md
096bcdd6c9233dc77bf69ee7b3d22309132db883322f2f7821f03359c548b550,3961,2,release_v1_0/source/teaching_status_register_v1_0.csv,03_RELEASES_AND_BASELINES/release_v1_0/source/teaching_status_register_v1_0.csv
096bcdd6c9233dc77bf69ee7b3d22309132db883322f2f7821f03359c548b550,3961,2,source/teaching_status_register_v1_0.csv,01_FOUNDATIONAL_SOURCE/source/teaching_status_register_v1_0.csv
0973c1d64c88adc8e3c950410cb58b288f72118d5965b78049438deb8f2f9683,112594,3,community-platform/.next/dev/static/chunks/node_modules_next_dist_build_polyfills_polyfill-nomodule.js,06_DIGITAL_PLATFORM/community-platform/.next/dev/static/chunks/node_modules_next_dist_build_polyfills_polyfill-nomodule.js
0973c1d64c88adc8e3c950410cb58b288f72118d5965b78049438deb8f2f9683,112594,3,community-platform/node_modules/next/dist/build/polyfills/polyfill-nomodule.js,06_DIGITAL_PLATFORM/community-platform/node_modules/next/dist/build/polyfills/polyfill-nomodule.js
0973c1d64c88adc8e3c950410cb58b288f72118d5965b78049438deb8f2f9683,112594,3,community-platform/node_modules/next/dist/bundle-analyzer/_next/static/chunks/03~yq9q893hmn.js,06_DIGITAL_PLATFORM/community-platform/node_modules/next/dist/bundle-analyzer/_next/static/chunks/03~yq9q893hmn.js
0a36f31198efb49894659850d2d033d582921814ca145324a1cbca283c1e489c,4566,2,community-platform/node_modules/@supabase/auth-js/dist/main/lib/locks.d.ts,06_DIGITAL_PLATFORM/community-platform/node_modules/@supabase/auth-js/dist/main/lib/locks.d.ts
0a36f31198efb49894659850d2d033d582921814ca145324a1cbca283c1e489c,4566,2,community-platform/node_modules/@supabase/auth-js/dist/module/lib/locks.d.ts,06_DIGITAL_PLATFORM/community-platform/node_modules/@supabase/auth-js/dist/module/lib/locks.d.ts
0ab3e3bfee65106ababfdedc8934d5f551e9f0f9d4f60e1cc28a5533bc0df048,5559,2,community-platform/node_modules/next/dist/bundle-analyzer/_not-found/__next._full.txt,06_DIGITAL_PLATFORM/community-platform/node_modules/next/dist/bundle-analyzer/_not-found/__next._full.txt
0ab3e3bfee65106ababfdedc8934d5f551e9f0f9d4f60e1cc28a5533bc0df048,5559,2,community-platform/node_modules/next/dist/bundle-analyzer/_not-found.txt,06_DIGITAL_PLATFORM/community-platform/node_modules/next/dist/bundle-analyzer/_not-found.txt
0ac19f537806ce6136ab0b182043d17c7d1981adf882e50f89a7a13e3b402da7,187,2,community-platform/node_modules/next/dist/api/navigation.js.map,06_DIGITAL_PLATFORM/community-platform/node_modules/next/dist/api/navigation.js.map
0ac19f537806ce6136ab0b182043d17c7d1981adf882e50f89a7a13e3b402da7,187,2,community-platform/node_modules/next/dist/esm/api/navigation.js.map,06_DIGITAL_PLATFORM/community-platform/node_modules/next/dist/esm/api/navigation.js.map
0b05d565334e892a5b067a43a881790e8f148c0caa53d96d39a8ee16a00880d6,40117,2,institution/06-templates/discipline/DISC-APL-DEC-001-Appeal-Decision.docx,04_INSTITUTION_AND_GOVERNANCE/institution/06-templates/discipline/DISC-APL-DEC-001-Appeal-Decision.docx
0b05d565334e892a5b067a43a881790e8f148c0caa53d96d39a8ee16a00880d6,40117,2,operations/templates/01-Discipline/DISC-APL-DEC-001-Appeal-Decision.docx,80_HISTORICAL_AND_PREINTEGRATION_PACKAGES/operations/templates/01-Discipline/DISC-APL-DEC-001-Appeal-Decision.docx
0b18f1c65dae3eed74e6341930d31cc68f946afb75427b1fdc65fce26b5177f3,101,3,community-platform/node_modules/next/dist/compiled/react-dom/server.react-server.js,06_DIGITAL_PLATFORM/community-platform/node_modules/next/dist/compiled/react-dom/server.react-server.js
0b18f1c65dae3eed74e6341930d31cc68f946afb75427b1fdc65fce26b5177f3,101,3,community-platform/node_modules/next/dist/compiled/react-dom-experimental/server.react-server.js,06_DIGITAL_PLATFORM/community-platform/node_modules/next/dist/compiled/react-dom-experimental/server.react-server.js
0b18f1c65dae3eed74e6341930d31cc68f946afb75427b1fdc65fce26b5177f3,101,3,community-platform/node_modules/react-dom/server.react-server.js,06_DIGITAL_PLATFORM/community-platform/node_modules/react-dom/server.react-server.js
0b6415ad116d4a05c362156d1ab615d84ec25e76e943b060d1a09cc0bd4e5a59,511,4,forms/35_related_party_transaction_memo.md,80_HISTORICAL_AND_PREINTEGRATION_PACKAGES/forms/35_related_party_transaction_memo.md
0b6415ad116d4a05c362156d1ab615d84ec25e76e943b060d1a09cc0bd4e5a59,511,4,institutional_integrity/institutional_integrity_v0_2_release/modular_source/forms/35_related_party_transaction_memo.md,05_INTEGRITY_SAFEGUARDING_AND_COMPLIANCE/institutional_integrity/institutional_integrity_v0_2_release/modular_source/forms/35_related_party_transaction_memo.md
0b6415ad116d4a05c362156d1ab615d84ec25e76e943b060d1a09cc0bd4e5a59,511,4,institutional_integrity/institutional_integrity_v0_3/forms/35_related_party_transaction_memo.md,05_INTEGRITY_SAFEGUARDING_AND_COMPLIANCE/institutional_integrity/institutional_integrity_v0_3/forms/35_related_party_transaction_memo.md
0b6415ad116d4a05c362156d1ab615d84ec25e76e943b060d1a09cc0bd4e5a59,511,4,institutional_integrity/institutional_integrity_v0_4/forms/35_related_party_transaction_memo.md,05_INTEGRITY_SAFEGUARDING_AND_COMPLIANCE/institutional_integrity/institutional_integrity_v0_4/forms/35_related_party_transaction_memo.md
0d400fcc054e394748b9a32c770d0c09e35198441540dcdd74b87de68e160a4c,458,2,community-platform/node_modules/next/dist/build/templates/edge-ssr-app.d.ts,06_DIGITAL_PLATFORM/community-platform/node_modules/next/dist/build/templates/edge-ssr-app.d.ts
0d400fcc054e394748b9a32c770d0c09e35198441540dcdd74b87de68e160a4c,458,2,community-platform/node_modules/next/dist/build/templates/edge-ssr.d.ts,06_DIGITAL_PLATFORM/community-platform/node_modules/next/dist/build/templates/edge-ssr.d.ts
0d7fd19558f420bf4c8ab69f82b1bdb93031c269732c70b5891eca6ec5d6ae8d,3282,4,00_README.md,00_START_HERE/original_root_metadata/00_README.md
0d7fd19558f420bf4c8ab69f82b1bdb93031c269732c70b5891eca6ec5d6ae8d,3282,4,institutional_integrity/institutional_integrity_v0_2_release/modular_source/00_README.md,05_INTEGRITY_SAFEGUARDING_AND_COMPLIANCE/institutional_integrity/institutional_integrity_v0_2_release/modular_source/00_README.md
0d7fd19558f420bf4c8ab69f82b1bdb93031c269732c70b5891eca6ec5d6ae8d,3282,4,institutional_integrity/institutional_integrity_v0_3/00_README.md,05_INTEGRITY_SAFEGUARDING_AND_COMPLIANCE/institutional_integrity/institutional_integrity_v0_3/00_README.md
0d7fd19558f420bf4c8ab69f82b1bdb93031c269732c70b5891eca6ec5d6ae8d,3282,4,institutional_integrity/institutional_integrity_v0_4/00_README.md,05_INTEGRITY_SAFEGUARDING_AND_COMPLIANCE/institutional_integrity/institutional_integrity_v0_4/00_README.md
0dfef145c74e0af98d910efc739a2c625ab07258412b733ffa9c61f6077ce0e9,3507,2,community-platform/node_modules/@supabase/auth-js/dist/main/lib/errors.d.ts.map,06_DIGITAL_PLATFORM/community-platform/node_modules/@supabase/auth-js/dist/main/lib/errors.d.ts.map
0dfef145c74e0af98d910efc739a2c625ab07258412b733ffa9c61f6077ce0e9,3507,2,community-platform/node_modules/@supabase/auth-js/dist/module/lib/errors.d.ts.map,06_DIGITAL_PLATFORM/community-platform/node_modules/@supabase/auth-js/dist/module/lib/errors.d.ts.map
0e24028dd2be738d337c9c379c846038f21b6f640369935d731809a2dd1ac102,41736,2,Church/CH-024-Ministerial-Offices-Standard.docx,80_HISTORICAL_AND_PREINTEGRATION_PACKAGES/Church/CH-024-Ministerial-Offices-Standard.docx
0e24028dd2be738d337c9c379c846038f21b6f640369935d731809a2dd1ac102,41736,2,institution/05-operations/ministry/CH-024-Ministerial-Offices-Standard.docx,04_INSTITUTION_AND_GOVERNANCE/institution/05-operations/ministry/CH-024-Ministerial-Offices-Standard.docx
0eaba304354ff9c9e30a0f8ed30df22937747bc0b0d84de7e12ebfe8c41d6601,40288,2,institution/06-templates/local-affiliation/AFF-DIS-001-Disaffiliation-Implementation-Record.docx,04_INSTITUTION_AND_GOVERNANCE/institution/06-templates/local-affiliation/AFF-DIS-001-Disaffiliation-Implementation-Record.docx
0eaba304354ff9c9e30a0f8ed30df22937747bc0b0d84de7e12ebfe8c41d6601,40288,2,operations/templates/05-Local-and-Affiliation/AFF-DIS-001-Disaffiliation-Implementation-Record.docx,80_HISTORICAL_AND_PREINTEGRATION_PACKAGES/operations/templates/05-Local-and-Affiliation/AFF-DIS-001-Disaffiliation-Implementation-Record.docx
0f40aefe1546bbc5d66107dc7e70c11a0ecc3f850f8754ab083715112911f331,40578,2,Church/CH-028-Ministerial-Credentials.docx,80_HISTORICAL_AND_PREINTEGRATION_PACKAGES/Church/CH-028-Ministerial-Credentials.docx
0f40aefe1546bbc5d66107dc7e70c11a0ecc3f850f8754ab083715112911f331,40578,2,institution/05-operations/ministry/CH-028-Ministerial-Credentials.docx,04_INSTITUTION_AND_GOVERNANCE/institution/05-operations/ministry/CH-028-Ministerial-Credentials.docx
0fc07311a3c39ac135d658f635f3af9661a33303638844bd7e23d598f47a375f,41120,2,binders/FILING-001-IRS-Determination-Package-Production-Binder.docx,80_HISTORICAL_AND_PREINTEGRATION_PACKAGES/binders/FILING-001-IRS-Determination-Package-Production-Binder.docx
0fc07311a3c39ac135d658f635f3af9661a33303638844bd7e23d598f47a375f,41120,2,institution/99-archive/historical-drafts/production-binders/FILING-001-IRS-Determination-Package-Production-Binder.docx,04_INSTITUTION_AND_GOVERNANCE/institution/99-archive/historical-drafts/production-binders/FILING-001-IRS-Determination-Package-Production-Binder.docx
1048bc9843d12df48d469a273c9971ef3c6def3dfe21af32fcb5a22b1699462b,14935,3,HTERP/HTERP_v0.1/wave1_findings.md,02_RESEARCH_AND_EVIDENCE/HTERP/HTERP_v0.1/wave1_findings.md
1048bc9843d12df48d469a273c9971ef3c6def3dfe21af32fcb5a22b1699462b,14935,3,HTERP/HTERP_v0.2/wave1_findings.md,02_RESEARCH_AND_EVIDENCE/HTERP/HTERP_v0.2/wave1_findings.md
1048bc9843d12df48d469a273c9971ef3c6def3dfe21af32fcb5a22b1699462b,14935,3,HTERP/HTERP_v1.4/wave1_findings.md,02_RESEARCH_AND_EVIDENCE/HTERP/HTERP_v1.4/wave1_findings.md
1049b49c0f2b80f05d8623804d99bb7dfe1a3b28f06a8737f00aece03e7e2eb8,1824,2,community-platform/node_modules/@supabase/auth-js/dist/main/lib/fetch.d.ts.map,06_DIGITAL_PLATFORM/community-platform/node_modules/@supabase/auth-js/dist/main/lib/fetch.d.ts.map
1049b49c0f2b80f05d8623804d99bb7dfe1a3b28f06a8737f00aece03e7e2eb8,1824,2,community-platform/node_modules/@supabase/auth-js/dist/module/lib/fetch.d.ts.map,06_DIGITAL_PLATFORM/community-platform/node_modules/@supabase/auth-js/dist/module/lib/fetch.d.ts.map
10d7d1f502facc5600c0056a9de03b6ee635e3ead7612d1cfaf77a9006d79af6,240,2,community-platform/node_modules/next/dist/api/app.js.map,06_DIGITAL_PLATFORM/community-platform/node_modules/next/dist/api/app.js.map
10d7d1f502facc5600c0056a9de03b6ee635e3ead7612d1cfaf77a9006d79af6,240,2,community-platform/node_modules/next/dist/esm/api/app.js.map,06_DIGITAL_PLATFORM/community-platform/node_modules/next/dist/esm/api/app.js.map
10ea62d2f14f764183b70af2165df15e8063c5f52e48fef4dbce55d0998c038a,226,2,community-platform/node_modules/@supabase/auth-js/dist/main/lib/version.js.map,06_DIGITAL_PLATFORM/community-platform/node_modules/@supabase/auth-js/dist/main/lib/version.js.map
10ea62d2f14f764183b70af2165df15e8063c5f52e48fef4dbce55d0998c038a,226,2,community-platform/node_modules/@supabase/realtime-js/dist/main/lib/version.js.map,06_DIGITAL_PLATFORM/community-platform/node_modules/@supabase/realtime-js/dist/main/lib/version.js.map
1111e8c333e446bd3bee3f02fa22e5474b55f3637e2a9bb8d2333840de859384,67,2,community-platform/node_modules/@types/react-dom/static.browser.d.ts,06_DIGITAL_PLATFORM/community-platform/node_modules/@types/react-dom/static.browser.d.ts
1111e8c333e446bd3bee3f02fa22e5474b55f3637e2a9bb8d2333840de859384,67,2,community-platform/node_modules/@types/react-dom/static.edge.d.ts,06_DIGITAL_PLATFORM/community-platform/node_modules/@types/react-dom/static.edge.d.ts
11133541dfe9c23338b648851e4a8eb399342a37759d4b5a3ca6f514785ccc8d,287,2,community-platform/node_modules/next/dist/api/error.react-server.js,06_DIGITAL_PLATFORM/community-platform/node_modules/next/dist/api/error.react-server.js
11133541dfe9c23338b648851e4a8eb399342a37759d4b5a3ca6f514785ccc8d,287,2,community-platform/node_modules/next/dist/esm/api/error.react-server.js,06_DIGITAL_PLATFORM/community-platform/node_modules/next/dist/esm/api/error.react-server.js
117da2af0d4ce0fe1c8e19b5cff9dcd806adf973d328d27b11d4448c4ff24f76,1106,2,community-platform/node_modules/next/dist/compiled/@babel/runtime/LICENSE,06_DIGITAL_PLATFORM/community-platform/node_modules/next/dist/compiled/@babel/runtime/LICENSE
117da2af0d4ce0fe1c8e19b5cff9dcd806adf973d328d27b11d4448c4ff24f76,1106,2,community-platform/node_modules/next/dist/compiled/babel/LICENSE,06_DIGITAL_PLATFORM/community-platform/node_modules/next/dist/compiled/babel/LICENSE
1213b565bcb89186df47543861eab7c2b262a71c9a3805cfb82d539f1d73d6bc,122,2,community-platform/node_modules/next/dist/compiled/schema-utils2/package.json,06_DIGITAL_PLATFORM/community-platform/node_modules/next/dist/compiled/schema-utils2/package.json
1213b565bcb89186df47543861eab7c2b262a71c9a3805cfb82d539f1d73d6bc,122,2,community-platform/node_modules/next/dist/compiled/schema-utils3/package.json,06_DIGITAL_PLATFORM/community-platform/node_modules/next/dist/compiled/schema-utils3/package.json
124e73c09161dcdbfc9bbd4d663ed49f216a93ad648dbe17d24200a9865505d6,40094,2,institution/06-templates/doctrine/DOC-MIN-001-Minority-Dissenting-Report.docx,04_INSTITUTION_AND_GOVERNANCE/institution/06-templates/doctrine/DOC-MIN-001-Minority-Dissenting-Report.docx
124e73c09161dcdbfc9bbd4d663ed49f216a93ad648dbe17d24200a9865505d6,40094,2,operations/templates/02-Doctrine/DOC-MIN-001-Minority-Dissenting-Report.docx,80_HISTORICAL_AND_PREINTEGRATION_PACKAGES/operations/templates/02-Doctrine/DOC-MIN-001-Minority-Dissenting-Report.docx
1385e556bdf4609614aa12da62584555711708c06bc4d057718493d6c941ee4f,152,2,community-platform/node_modules/next/dist/client/request/params.browser.dev.d.ts,06_DIGITAL_PLATFORM/community-platform/node_modules/next/dist/client/request/params.browser.dev.d.ts
1385e556bdf4609614aa12da62584555711708c06bc4d057718493d6c941ee4f,152,2,community-platform/node_modules/next/dist/client/request/params.browser.prod.d.ts,06_DIGITAL_PLATFORM/community-platform/node_modules/next/dist/client/request/params.browser.prod.d.ts
13a7adf794631909fd04e2dbdb5857c3b146c8b5d545c02947e16888feffb436,1190,4,institutional_integrity/institutional_integrity_v0_2_release/modular_source/operations/21_annual_integrity_certification.md,05_INTEGRITY_SAFEGUARDING_AND_COMPLIANCE/institutional_integrity/institutional_integrity_v0_2_release/modular_source/operations/21_annual_integrity_certification.md
13a7adf794631909fd04e2dbdb5857c3b146c8b5d545c02947e16888feffb436,1190,4,institutional_integrity/institutional_integrity_v0_3/operations/21_annual_integrity_certification.md,05_INTEGRITY_SAFEGUARDING_AND_COMPLIANCE/institutional_integrity/institutional_integrity_v0_3/operations/21_annual_integrity_certification.md
13a7adf794631909fd04e2dbdb5857c3b146c8b5d545c02947e16888feffb436,1190,4,institutional_integrity/institutional_integrity_v0_4/operations/21_annual_integrity_certification.md,05_INTEGRITY_SAFEGUARDING_AND_COMPLIANCE/institutional_integrity/institutional_integrity_v0_4/operations/21_annual_integrity_certification.md
13a7adf794631909fd04e2dbdb5857c3b146c8b5d545c02947e16888feffb436,1190,4,operations/21_annual_integrity_certification.md,80_HISTORICAL_AND_PREINTEGRATION_PACKAGES/operations/21_annual_integrity_certification.md
13e54766c609a1a20ee5a6dc39cb67e0c145acee559a3f0f954c95d9050a5e22,10868,2,community-platform/node_modules/@supabase/realtime-js/dist/main/RealtimeChannel.d.ts.map,06_DIGITAL_PLATFORM/community-platform/node_modules/@supabase/realtime-js/dist/main/RealtimeChannel.d.ts.map
13e54766c609a1a20ee5a6dc39cb67e0c145acee559a3f0f954c95d9050a5e22,10868,2,community-platform/node_modules/@supabase/realtime-js/dist/module/RealtimeChannel.d.ts.map,06_DIGITAL_PLATFORM/community-platform/node_modules/@supabase/realtime-js/dist/module/RealtimeChannel.d.ts.map
143b10b673c96c4821c9f411207f282370b279e07346a30e34c4c22a1c5d4a11,85,2,community-platform/node_modules/next/dist/compiled/react-server-dom-webpack/plugin.js,06_DIGITAL_PLATFORM/community-platform/node_modules/next/dist/compiled/react-server-dom-webpack/plugin.js
143b10b673c96c4821c9f411207f282370b279e07346a30e34c4c22a1c5d4a11,85,2,community-platform/node_modules/next/dist/compiled/react-server-dom-webpack-experimental/plugin.js,06_DIGITAL_PLATFORM/community-platform/node_modules/next/dist/compiled/react-server-dom-webpack-experimental/plugin.js
145965504d60007bc25486ab930b0367867dcd5d579ccd343c148d69349a7cfb,194,3,community-platform/node_modules/next/dist/compiled/scheduler/index.js,06_DIGITAL_PLATFORM/community-platform/node_modules/next/dist/compiled/scheduler/index.js
145965504d60007bc25486ab930b0367867dcd5d579ccd343c148d69349a7cfb,194,3,community-platform/node_modules/next/dist/compiled/scheduler-experimental/index.js,06_DIGITAL_PLATFORM/community-platform/node_modules/next/dist/compiled/scheduler-experimental/index.js
145965504d60007bc25486ab930b0367867dcd5d579ccd343c148d69349a7cfb,194,3,community-platform/node_modules/scheduler/index.js,06_DIGITAL_PLATFORM/community-platform/node_modules/scheduler/index.js
14ae327120fa883a6744a68149a3c62c1d041bf1d8968c62eba39d528cc89f13,40145,2,institution/06-templates/doctrine/DOC-TEACH-001-Teaching-Classification-Record.docx,04_INSTITUTION_AND_GOVERNANCE/institution/06-templates/doctrine/DOC-TEACH-001-Teaching-Classification-Record.docx
14ae327120fa883a6744a68149a3c62c1d041bf1d8968c62eba39d528cc89f13,40145,2,operations/templates/02-Doctrine/DOC-TEACH-001-Teaching-Classification-Record.docx,80_HISTORICAL_AND_PREINTEGRATION_PACKAGES/operations/templates/02-Doctrine/DOC-TEACH-001-Teaching-Classification-Record.docx
152be57d0705d6043d06bda4a5b35e7c03e4cbb2b4caf3d4ae6592db3f4c5bf8,222,3,community-platform/node_modules/next/dist/compiled/scheduler/unstable_mock.js,06_DIGITAL_PLATFORM/community-platform/node_modules/next/dist/compiled/scheduler/unstable_mock.js
152be57d0705d6043d06bda4a5b35e7c03e4cbb2b4caf3d4ae6592db3f4c5bf8,222,3,community-platform/node_modules/next/dist/compiled/scheduler-experimental/unstable_mock.js,06_DIGITAL_PLATFORM/community-platform/node_modules/next/dist/compiled/scheduler-experimental/unstable_mock.js
152be57d0705d6043d06bda4a5b35e7c03e4cbb2b4caf3d4ae6592db3f4c5bf8,222,3,community-platform/node_modules/scheduler/unstable_mock.js,06_DIGITAL_PLATFORM/community-platform/node_modules/scheduler/unstable_mock.js
15586051f32ec586d63d58746d4ff7d3e9b4a7910b782900c82b441a8a7ec322,136,2,community-platform/node_modules/next/dist/api/image.js,06_DIGITAL_PLATFORM/community-platform/node_modules/next/dist/api/image.js
15586051f32ec586d63d58746d4ff7d3e9b4a7910b782900c82b441a8a7ec322,136,2,community-platform/node_modules/next/dist/esm/api/image.js,06_DIGITAL_PLATFORM/community-platform/node_modules/next/dist/esm/api/image.js
15eb62490eacf3f65b4439781ab7913acdd1b29a5c64d9552e874a2c1eec63e3,324,2,community-platform/node_modules/next/dist/compiled/react-server-dom-turbopack/static.node.js,06_DIGITAL_PLATFORM/community-platform/node_modules/next/dist/compiled/react-server-dom-turbopack/static.node.js
15eb62490eacf3f65b4439781ab7913acdd1b29a5c64d9552e874a2c1eec63e3,324,2,community-platform/node_modules/next/dist/compiled/react-server-dom-turbopack-experimental/static.node.js,06_DIGITAL_PLATFORM/community-platform/node_modules/next/dist/compiled/react-server-dom-turbopack-experimental/static.node.js
1651067d4316f9d7dcdb8af2a3c270917a075d3b9e0001c70dd26a5843f2a8a7,4195,2,community-platform/node_modules/@supabase/auth-js/dist/main/lib/webauthn.d.ts.map,06_DIGITAL_PLATFORM/community-platform/node_modules/@supabase/auth-js/dist/main/lib/webauthn.d.ts.map
1651067d4316f9d7dcdb8af2a3c270917a075d3b9e0001c70dd26a5843f2a8a7,4195,2,community-platform/node_modules/@supabase/auth-js/dist/module/lib/webauthn.d.ts.map,06_DIGITAL_PLATFORM/community-platform/node_modules/@supabase/auth-js/dist/module/lib/webauthn.d.ts.map
170293bd7f3da5bb04596fd050e0c27ba0f0d00a0cd26e01891f1b5092233158,1255,2,community-platform/node_modules/@supabase/realtime-js/dist/main/phoenix/channelAdapter.d.ts.map,06_DIGITAL_PLATFORM/community-platform/node_modules/@supabase/realtime-js/dist/main/phoenix/channelAdapter.d.ts.map
170293bd7f3da5bb04596fd050e0c27ba0f0d00a0cd26e01891f1b5092233158,1255,2,community-platform/node_modules/@supabase/realtime-js/dist/module/phoenix/channelAdapter.d.ts.map,06_DIGITAL_PLATFORM/community-platform/node_modules/@supabase/realtime-js/dist/module/phoenix/channelAdapter.d.ts.map
17307f7387fbcf31645bdc6c61dd25c80edefb6fbacbb2909f503b879227b631,105,2,community-platform/node_modules/@supabase/ssr/dist/main/types.js.map,06_DIGITAL_PLATFORM/community-platform/node_modules/@supabase/ssr/dist/main/types.js.map
17307f7387fbcf31645bdc6c61dd25c80edefb6fbacbb2909f503b879227b631,105,2,community-platform/node_modules/@supabase/ssr/dist/module/types.js.map,06_DIGITAL_PLATFORM/community-platform/node_modules/@supabase/ssr/dist/module/types.js.map
17a6d22df79839dc85dd3584cb2887aa3f88df5be2c288b5af9ccefea9775e90,161,2,community-platform/.env.example,06_DIGITAL_PLATFORM/community-platform/.env.example
17a6d22df79839dc85dd3584cb2887aa3f88df5be2c288b5af9ccefea9775e90,161,2,community-platform/.env.local,06_DIGITAL_PLATFORM/community-platform/.env.local
17b17208ad784417caf6060dcf1ca640215a1cfeb0107aead509d03fb3cd8ec7,1669,2,community-platform/node_modules/@supabase/realtime-js/dist/main/index.d.ts,06_DIGITAL_PLATFORM/community-platform/node_modules/@supabase/realtime-js/dist/main/index.d.ts
17b17208ad784417caf6060dcf1ca640215a1cfeb0107aead509d03fb3cd8ec7,1669,2,community-platform/node_modules/@supabase/realtime-js/dist/module/index.d.ts,06_DIGITAL_PLATFORM/community-platform/node_modules/@supabase/realtime-js/dist/module/index.d.ts
1882ce8b3f5ae6f731332c936e02762c38355747d28faeac8ac9ab73f0d45f5d,40921,2,binders/MINED-001-Ministry-and-Religious-Education-Layer-Production-Binder.docx,80_HISTORICAL_AND_PREINTEGRATION_PACKAGES/binders/MINED-001-Ministry-and-Religious-Education-Layer-Production-Binder.docx
1882ce8b3f5ae6f731332c936e02762c38355747d28faeac8ac9ab73f0d45f5d,40921,2,institution/99-archive/historical-drafts/production-binders/MINED-001-Ministry-and-Religious-Education-Layer-Production-Binder.docx,04_INSTITUTION_AND_GOVERNANCE/institution/99-archive/historical-drafts/production-binders/MINED-001-Ministry-and-Religious-Education-Layer-Production-Binder.docx
19046caf9ddc8c49e635849289f81d159020329b0ee0a14c4237a605f6d63e30,5790,2,HTERP/HTERP_v0.2/WP-001-calibration-corpus.md,02_RESEARCH_AND_EVIDENCE/HTERP/HTERP_v0.2/WP-001-calibration-corpus.md
19046caf9ddc8c49e635849289f81d159020329b0ee0a14c4237a605f6d63e30,5790,2,HTERP/HTERP_v1.4/WP-001-calibration-corpus.md,02_RESEARCH_AND_EVIDENCE/HTERP/HTERP_v1.4/WP-001-calibration-corpus.md
197349fc4f1b3c67345786038740cde4a4781f902ceeb7588cf342ea3c4e0925,921,2,community-platform/node_modules/@supabase/realtime-js/dist/main/lib/serializer.d.ts.map,06_DIGITAL_PLATFORM/community-platform/node_modules/@supabase/realtime-js/dist/main/lib/serializer.d.ts.map
197349fc4f1b3c67345786038740cde4a4781f902ceeb7588cf342ea3c4e0925,921,2,community-platform/node_modules/@supabase/realtime-js/dist/module/lib/serializer.d.ts.map,06_DIGITAL_PLATFORM/community-platform/node_modules/@supabase/realtime-js/dist/module/lib/serializer.d.ts.map
19986219bf1820210487fa486b859c5c82f91ac8a8454f4709ad9e7499926be3,145954,4,community-platform/.next/dev/server/chunks/ssr/node_modules_next_dist_04i1gg2._.js.map,06_DIGITAL_PLATFORM/community-platform/.next/dev/server/chunks/ssr/node_modules_next_dist_04i1gg2._.js.map
19986219bf1820210487fa486b859c5c82f91ac8a8454f4709ad9e7499926be3,145954,4,community-platform/.next/dev/server/chunks/ssr/node_modules_next_dist_07jyqbb._.js.map,06_DIGITAL_PLATFORM/community-platform/.next/dev/server/chunks/ssr/node_modules_next_dist_07jyqbb._.js.map
19986219bf1820210487fa486b859c5c82f91ac8a8454f4709ad9e7499926be3,145954,4,community-platform/.next/dev/server/chunks/ssr/node_modules_next_dist_19a7m5f._.js.map,06_DIGITAL_PLATFORM/community-platform/.next/dev/server/chunks/ssr/node_modules_next_dist_19a7m5f._.js.map
19986219bf1820210487fa486b859c5c82f91ac8a8454f4709ad9e7499926be3,145954,4,community-platform/.next/dev/server/chunks/ssr/node_modules_next_dist_1x662-u._.js.map,06_DIGITAL_PLATFORM/community-platform/.next/dev/server/chunks/ssr/node_modules_next_dist_1x662-u._.js.map
1b06234f6a5d5900ac5477ec43ab36014ed11be1e5bbcb4c80c1a98d391b8ad7,1038,2,release_v1_2/v1_2/filing_readiness_register_v1_2.csv,03_RELEASES_AND_BASELINES/release_v1_2/v1_2/filing_readiness_register_v1_2.csv
1b06234f6a5d5900ac5477ec43ab36014ed11be1e5bbcb4c80c1a98d391b8ad7,1038,2,source/filing_readiness_register_v1_2.csv,01_FOUNDATIONAL_SOURCE/source/filing_readiness_register_v1_2.csv
1b1079eff381a47e400e2a30d0d031a0016166de38cfebf1d21d946fffa5bf6a,4488,2,community-platform/node_modules/next/dist/bundle-analyzer/__next._full.txt,06_DIGITAL_PLATFORM/community-platform/node_modules/next/dist/bundle-analyzer/__next._full.txt
1b1079eff381a47e400e2a30d0d031a0016166de38cfebf1d21d946fffa5bf6a,4488,2,community-platform/node_modules/next/dist/bundle-analyzer/index.txt,06_DIGITAL_PLATFORM/community-platform/node_modules/next/dist/bundle-analyzer/index.txt
1b5ebfb3a01a97343ac96873e6d59a8cb285c66012b6a1ac509cb2765e995ba8,28356,2,community-platform/node_modules/next/dist/esm/next-devtools/server/font/geist-latin.woff2,06_DIGITAL_PLATFORM/community-platform/node_modules/next/dist/esm/next-devtools/server/font/geist-latin.woff2
1b5ebfb3a01a97343ac96873e6d59a8cb285c66012b6a1ac509cb2765e995ba8,28356,2,community-platform/node_modules/next/dist/next-devtools/server/font/geist-latin.woff2,06_DIGITAL_PLATFORM/community-platform/node_modules/next/dist/next-devtools/server/font/geist-latin.woff2
1b61d259de5350f8b1e5db06290d31eaebebc6baafd5f79d314b5af9256d7153,91,2,community-platform/node_modules/next/dist/styled-jsx/types/style.d.ts,06_DIGITAL_PLATFORM/community-platform/node_modules/next/dist/styled-jsx/types/style.d.ts
1b61d259de5350f8b1e5db06290d31eaebebc6baafd5f79d314b5af9256d7153,91,2,community-platform/node_modules/styled-jsx/style.d.ts,06_DIGITAL_PLATFORM/community-platform/node_modules/styled-jsx/style.d.ts
1d44ee1cd6e6b7d884dacc8cc163022e84e81022e990ce3451da0ddf73b7338e,1408,4,governance/09_board_independence_standard.md,80_HISTORICAL_AND_PREINTEGRATION_PACKAGES/governance/09_board_independence_standard.md
1d44ee1cd6e6b7d884dacc8cc163022e84e81022e990ce3451da0ddf73b7338e,1408,4,institutional_integrity/institutional_integrity_v0_2_release/modular_source/governance/09_board_independence_standard.md,05_INTEGRITY_SAFEGUARDING_AND_COMPLIANCE/institutional_integrity/institutional_integrity_v0_2_release/modular_source/governance/09_board_independence_standard.md
1d44ee1cd6e6b7d884dacc8cc163022e84e81022e990ce3451da0ddf73b7338e,1408,4,institutional_integrity/institutional_integrity_v0_3/governance/09_board_independence_standard.md,05_INTEGRITY_SAFEGUARDING_AND_COMPLIANCE/institutional_integrity/institutional_integrity_v0_3/governance/09_board_independence_standard.md
1d44ee1cd6e6b7d884dacc8cc163022e84e81022e990ce3451da0ddf73b7338e,1408,4,institutional_integrity/institutional_integrity_v0_4/governance/09_board_independence_standard.md,05_INTEGRITY_SAFEGUARDING_AND_COMPLIANCE/institutional_integrity/institutional_integrity_v0_4/governance/09_board_independence_standard.md
1d74a31978bbee16b6b78f1759f56d6be3db4c63adccf2d1fee45371431ca403,109634,2,community-platform/node_modules/@supabase/auth-js/dist/main/GoTrueClient.d.ts,06_DIGITAL_PLATFORM/community-platform/node_modules/@supabase/auth-js/dist/main/GoTrueClient.d.ts
1d74a31978bbee16b6b78f1759f56d6be3db4c63adccf2d1fee45371431ca403,109634,2,community-platform/node_modules/@supabase/auth-js/dist/module/GoTrueClient.d.ts,06_DIGITAL_PLATFORM/community-platform/node_modules/@supabase/auth-js/dist/module/GoTrueClient.d.ts
1e05d21d7514e9dcf967497101f2eb2a2f184893f70ebd7f4a7c7a1ce90b258e,40200,2,institution/06-templates/discipline/DISC-INV-001-Investigation-Plan.docx,04_INSTITUTION_AND_GOVERNANCE/institution/06-templates/discipline/DISC-INV-001-Investigation-Plan.docx
1e05d21d7514e9dcf967497101f2eb2a2f184893f70ebd7f4a7c7a1ce90b258e,40200,2,operations/templates/01-Discipline/DISC-INV-001-Investigation-Plan.docx,80_HISTORICAL_AND_PREINTEGRATION_PACKAGES/operations/templates/01-Discipline/DISC-INV-001-Investigation-Plan.docx
1e46f15002696985e80c61d47aaa30dabb03c954270a690f5f7dfbbacfa9002b,976,2,community-platform/node_modules/next/dist/compiled/react/cjs/react-jsx-runtime.production.js,06_DIGITAL_PLATFORM/community-platform/node_modules/next/dist/compiled/react/cjs/react-jsx-runtime.production.js
1e46f15002696985e80c61d47aaa30dabb03c954270a690f5f7dfbbacfa9002b,976,2,community-platform/node_modules/react/cjs/react-jsx-runtime.production.js,06_DIGITAL_PLATFORM/community-platform/node_modules/react/cjs/react-jsx-runtime.production.js
1ee94c8b51e7209389deb5b755d2c2c0291d967dd526d6173d08db4e0fa0fabd,17547,2,community-platform/node_modules/@supabase/auth-js/dist/main/lib/webauthn.d.ts,06_DIGITAL_PLATFORM/community-platform/node_modules/@supabase/auth-js/dist/main/lib/webauthn.d.ts
1ee94c8b51e7209389deb5b755d2c2c0291d967dd526d6173d08db4e0fa0fabd,17547,2,community-platform/node_modules/@supabase/auth-js/dist/module/lib/webauthn.d.ts,06_DIGITAL_PLATFORM/community-platform/node_modules/@supabase/auth-js/dist/module/lib/webauthn.d.ts
1f1021a73fc8a5f931aff4e2abf699417f3d1829263aa35daf7cbddf5cf3b7d7,303,2,community-platform/node_modules/next/dist/api/headers.js.map,06_DIGITAL_PLATFORM/community-platform/node_modules/next/dist/api/headers.js.map
1f1021a73fc8a5f931aff4e2abf699417f3d1829263aa35daf7cbddf5cf3b7d7,303,2,community-platform/node_modules/next/dist/esm/api/headers.js.map,06_DIGITAL_PLATFORM/community-platform/node_modules/next/dist/esm/api/headers.js.map
1f256ecad192880510e84ad60474eab7589218784b9a50bc7ceee34c2b91f1d5,16725,2,community-platform/node_modules/next/dist/compiled/@vercel/og/LICENSE,06_DIGITAL_PLATFORM/community-platform/node_modules/next/dist/compiled/@vercel/og/LICENSE
1f256ecad192880510e84ad60474eab7589218784b9a50bc7ceee34c2b91f1d5,16725,2,community-platform/node_modules/next/dist/compiled/@vercel/og/satori/LICENSE,06_DIGITAL_PLATFORM/community-platform/node_modules/next/dist/compiled/@vercel/og/satori/LICENSE
1f944108e2596121da0e8efd69f74f4e469be49d4ff80117e2ab18905541a1d4,40547,2,Church/CH-036-Governing-Body-Roster.docx,80_HISTORICAL_AND_PREINTEGRATION_PACKAGES/Church/CH-036-Governing-Body-Roster.docx
1f944108e2596121da0e8efd69f74f4e469be49d4ff80117e2ab18905541a1d4,40547,2,institution/05-operations/compliance/CH-036-Governing-Body-Roster.docx,04_INSTITUTION_AND_GOVERNANCE/institution/05-operations/compliance/CH-036-Governing-Body-Roster.docx
214d0ac13edb475ec426df1979d96fd46b443debc466c0fb592e32152ae5a940,1093,2,community-platform/node_modules/next/dist/compiled/webpack-sources1/LICENSE,06_DIGITAL_PLATFORM/community-platform/node_modules/next/dist/compiled/webpack-sources1/LICENSE
214d0ac13edb475ec426df1979d96fd46b443debc466c0fb592e32152ae5a940,1093,2,community-platform/node_modules/next/dist/compiled/webpack-sources3/LICENSE,06_DIGITAL_PLATFORM/community-platform/node_modules/next/dist/compiled/webpack-sources3/LICENSE
21553adb678d149179f2206423e3d2d5f76617eb7dd97a83b687d7a0ad1bbf51,1130,2,institutional_integrity/institutional_integrity_v0_3/compliance/69_board_annual_cycle.md,05_INTEGRITY_SAFEGUARDING_AND_COMPLIANCE/institutional_integrity/institutional_integrity_v0_3/compliance/69_board_annual_cycle.md
21553adb678d149179f2206423e3d2d5f76617eb7dd97a83b687d7a0ad1bbf51,1130,2,institutional_integrity/institutional_integrity_v0_4/compliance/69_board_annual_cycle.md,05_INTEGRITY_SAFEGUARDING_AND_COMPLIANCE/institutional_integrity/institutional_integrity_v0_4/compliance/69_board_annual_cycle.md
218c48074fc0737329d0db31603fa0194d659f980b12c1920c88aa644e07d906,849,2,community-platform/node_modules/next/dist/compiled/react-server-dom-webpack/server.node.js,06_DIGITAL_PLATFORM/community-platform/node_modules/next/dist/compiled/react-server-dom-webpack/server.node.js
218c48074fc0737329d0db31603fa0194d659f980b12c1920c88aa644e07d906,849,2,community-platform/node_modules/next/dist/compiled/react-server-dom-webpack-experimental/server.node.js,06_DIGITAL_PLATFORM/community-platform/node_modules/next/dist/compiled/react-server-dom-webpack-experimental/server.node.js
2190b7be2a578d9c407418b0c260c41e2fbcaadf2f7cb840dfc5a833a66d0f8f,1484,4,institutional_integrity/institutional_integrity_v0_2_release/modular_source/policies/19_revelation_doctrine_protocol.md,05_INTEGRITY_SAFEGUARDING_AND_COMPLIANCE/institutional_integrity/institutional_integrity_v0_2_release/modular_source/policies/19_revelation_doctrine_protocol.md
2190b7be2a578d9c407418b0c260c41e2fbcaadf2f7cb840dfc5a833a66d0f8f,1484,4,institutional_integrity/institutional_integrity_v0_3/policies/19_revelation_doctrine_protocol.md,05_INTEGRITY_SAFEGUARDING_AND_COMPLIANCE/institutional_integrity/institutional_integrity_v0_3/policies/19_revelation_doctrine_protocol.md
2190b7be2a578d9c407418b0c260c41e2fbcaadf2f7cb840dfc5a833a66d0f8f,1484,4,institutional_integrity/institutional_integrity_v0_4/policies/19_revelation_doctrine_protocol.md,05_INTEGRITY_SAFEGUARDING_AND_COMPLIANCE/institutional_integrity/institutional_integrity_v0_4/policies/19_revelation_doctrine_protocol.md
2190b7be2a578d9c407418b0c260c41e2fbcaadf2f7cb840dfc5a833a66d0f8f,1484,4,policies/19_revelation_doctrine_protocol.md,80_HISTORICAL_AND_PREINTEGRATION_PACKAGES/policies/19_revelation_doctrine_protocol.md
21f534c5aa4d3e220c80a309be8429714e7719526bf50436d76c3460fa97e451,106,2,community-platform/node_modules/@types/react-dom/server.browser.d.ts,06_DIGITAL_PLATFORM/community-platform/node_modules/@types/react-dom/server.browser.d.ts
21f534c5aa4d3e220c80a309be8429714e7719526bf50436d76c3460fa97e451,106,2,community-platform/node_modules/@types/react-dom/server.edge.d.ts,06_DIGITAL_PLATFORM/community-platform/node_modules/@types/react-dom/server.edge.d.ts
22cd9fa48f0b3ad406a88bfd873bb57a90e406e506ad708f367950894d34bc41,1792,2,institutional_integrity/institutional_integrity_v0_3/compliance/62_launch_readiness_gate.md,05_INTEGRITY_SAFEGUARDING_AND_COMPLIANCE/institutional_integrity/institutional_integrity_v0_3/compliance/62_launch_readiness_gate.md
22cd9fa48f0b3ad406a88bfd873bb57a90e406e506ad708f367950894d34bc41,1792,2,institutional_integrity/institutional_integrity_v0_4/compliance/62_launch_readiness_gate.md,05_INTEGRITY_SAFEGUARDING_AND_COMPLIANCE/institutional_integrity/institutional_integrity_v0_4/compliance/62_launch_readiness_gate.md
2339fc64703bc3ac1503dc16802b67b9db301ef70626760393fa8fc3f1e0c39d,168,2,community-platform/node_modules/next/dist/api/headers.js,06_DIGITAL_PLATFORM/community-platform/node_modules/next/dist/api/headers.js
2339fc64703bc3ac1503dc16802b67b9db301ef70626760393fa8fc3f1e0c39d,168,2,community-platform/node_modules/next/dist/esm/api/headers.js,06_DIGITAL_PLATFORM/community-platform/node_modules/next/dist/esm/api/headers.js
2351da4bcbb869dd3f6aeddccf17c4d5a4cf1cb8feed1fbeeba3bb5fdc0e071d,10,2,community-platform/node_modules/next/dist/esm/lib/default-transpiled-packages.json,06_DIGITAL_PLATFORM/community-platform/node_modules/next/dist/esm/lib/default-transpiled-packages.json
2351da4bcbb869dd3f6aeddccf17c4d5a4cf1cb8feed1fbeeba3bb5fdc0e071d,10,2,community-platform/node_modules/next/dist/lib/default-transpiled-packages.json,06_DIGITAL_PLATFORM/community-platform/node_modules/next/dist/lib/default-transpiled-packages.json
2386c150fed8774d847d819af089258d7e5bbe9582b4b686e95488f3fe5c22c4,3385,2,HTERP/HTERP_v0.2/analysis/contradiction_matrix.md,02_RESEARCH_AND_EVIDENCE/HTERP/HTERP_v0.2/analysis/contradiction_matrix.md
2386c150fed8774d847d819af089258d7e5bbe9582b4b686e95488f3fe5c22c4,3385,2,HTERP/HTERP_v1.4/analysis/contradiction_matrix.md,02_RESEARCH_AND_EVIDENCE/HTERP/HTERP_v1.4/analysis/contradiction_matrix.md
2444af60cfde6b28984baf97e4fca84338b7450b6dd418a97b1e772a1ea9ba59,2084,2,institutional_integrity/institutional_integrity_v0_3/founding/52_tax_and_filing_resolutions.md,05_INTEGRITY_SAFEGUARDING_AND_COMPLIANCE/institutional_integrity/institutional_integrity_v0_3/founding/52_tax_and_filing_resolutions.md
2444af60cfde6b28984baf97e4fca84338b7450b6dd418a97b1e772a1ea9ba59,2084,2,institutional_integrity/institutional_integrity_v0_4/founding/52_tax_and_filing_resolutions.md,05_INTEGRITY_SAFEGUARDING_AND_COMPLIANCE/institutional_integrity/institutional_integrity_v0_4/founding/52_tax_and_filing_resolutions.md
244f6e135c18067e439c70a4e066f7a62cd13f337cd851272d5ffbffd5ce2f18,2096,4,governance/01_constitutional_integration_map.md,80_HISTORICAL_AND_PREINTEGRATION_PACKAGES/governance/01_constitutional_integration_map.md
244f6e135c18067e439c70a4e066f7a62cd13f337cd851272d5ffbffd5ce2f18,2096,4,institutional_integrity/institutional_integrity_v0_2_release/modular_source/governance/01_constitutional_integration_map.md,05_INTEGRITY_SAFEGUARDING_AND_COMPLIANCE/institutional_integrity/institutional_integrity_v0_2_release/modular_source/governance/01_constitutional_integration_map.md
244f6e135c18067e439c70a4e066f7a62cd13f337cd851272d5ffbffd5ce2f18,2096,4,institutional_integrity/institutional_integrity_v0_3/governance/01_constitutional_integration_map.md,05_INTEGRITY_SAFEGUARDING_AND_COMPLIANCE/institutional_integrity/institutional_integrity_v0_3/governance/01_constitutional_integration_map.md
244f6e135c18067e439c70a4e066f7a62cd13f337cd851272d5ffbffd5ce2f18,2096,4,institutional_integrity/institutional_integrity_v0_4/governance/01_constitutional_integration_map.md,05_INTEGRITY_SAFEGUARDING_AND_COMPLIANCE/institutional_integrity/institutional_integrity_v0_4/governance/01_constitutional_integration_map.md
245cd4ab6b216058410b76f00a13ea550a7b0ee866943b060391e6e60e6b94b1,37603,2,community-platform/node_modules/@supabase/auth-js/dist/main/lib/types.d.ts.map,06_DIGITAL_PLATFORM/community-platform/node_modules/@supabase/auth-js/dist/main/lib/types.d.ts.map
245cd4ab6b216058410b76f00a13ea550a7b0ee866943b060391e6e60e6b94b1,37603,2,community-platform/node_modules/@supabase/auth-js/dist/module/lib/types.d.ts.map,06_DIGITAL_PLATFORM/community-platform/node_modules/@supabase/auth-js/dist/module/lib/types.d.ts.map
25258cfae4497a8293f3ff778056083b2f99370a9b39b48d3498d2c18c4b4b76,1656,2,community-platform/node_modules/@supabase/ssr/dist/main/clearAuthCookiesAtScopes.d.ts,06_DIGITAL_PLATFORM/community-platform/node_modules/@supabase/ssr/dist/main/clearAuthCookiesAtScopes.d.ts
25258cfae4497a8293f3ff778056083b2f99370a9b39b48d3498d2c18c4b4b76,1656,2,community-platform/node_modules/@supabase/ssr/dist/module/clearAuthCookiesAtScopes.d.ts,06_DIGITAL_PLATFORM/community-platform/node_modules/@supabase/ssr/dist/module/clearAuthCookiesAtScopes.d.ts
263effa7516c24d3759ba12ca855c55ff6e24369aa1f5ccfe82061e3db9bb190,3116,2,community-platform/node_modules/@supabase/auth-js/dist/main/lib/base64url.d.ts,06_DIGITAL_PLATFORM/community-platform/node_modules/@supabase/auth-js/dist/main/lib/base64url.d.ts
263effa7516c24d3759ba12ca855c55ff6e24369aa1f5ccfe82061e3db9bb190,3116,2,community-platform/node_modules/@supabase/auth-js/dist/module/lib/base64url.d.ts,06_DIGITAL_PLATFORM/community-platform/node_modules/@supabase/auth-js/dist/module/lib/base64url.d.ts
26401a9da7b51e0db1f506c5d1e8579081302460212d007593acdd8c5968570b,12327,2,community-platform/node_modules/next/dist/compiled/scheduler/cjs/scheduler.native.development.js,06_DIGITAL_PLATFORM/community-platform/node_modules/next/dist/compiled/scheduler/cjs/scheduler.native.development.js
26401a9da7b51e0db1f506c5d1e8579081302460212d007593acdd8c5968570b,12327,2,community-platform/node_modules/scheduler/cjs/scheduler.native.development.js,06_DIGITAL_PLATFORM/community-platform/node_modules/scheduler/cjs/scheduler.native.development.js
267f86e2d4ce217e541adf80afad239a7e90ef8aa06a9ab4cc9c3a8ab3ae2cb7,955,2,README_RELEASE.md,00_START_HERE/original_root_metadata/README_RELEASE.md
267f86e2d4ce217e541adf80afad239a7e90ef8aa06a9ab4cc9c3a8ab3ae2cb7,955,2,release_v1_2/README_RELEASE.md,03_RELEASES_AND_BASELINES/release_v1_2/README_RELEASE.md
26d2e5251e016b03433f9bceb7928e8ebc054d5a8fe8c071c750b1507e33d27b,2311,2,release_v1_0/source/adoption_and_review_protocol_v1_0.md,03_RELEASES_AND_BASELINES/release_v1_0/source/adoption_and_review_protocol_v1_0.md
26d2e5251e016b03433f9bceb7928e8ebc054d5a8fe8c071c750b1507e33d27b,2311,2,source/adoption_and_review_protocol_v1_0.md,01_FOUNDATIONAL_SOURCE/source/adoption_and_review_protocol_v1_0.md
26e16148b600ab4b7e0454801da43208e13fbc02840a1319295087835fc2850e,127452,2,community-platform/.next/dev/server/chunks/[turbopack]_runtime.js.map,06_DIGITAL_PLATFORM/community-platform/.next/dev/server/chunks/[turbopack]_runtime.js.map
26e16148b600ab4b7e0454801da43208e13fbc02840a1319295087835fc2850e,127452,2,community-platform/.next/dev/server/chunks/ssr/[turbopack]_runtime.js.map,06_DIGITAL_PLATFORM/community-platform/.next/dev/server/chunks/ssr/[turbopack]_runtime.js.map
27b2fb3d04f9878687ab58717172592650e256de727e910366340be87e0f8352,975,2,community-platform/node_modules/next/dist/compiled/react/cjs/react-jsx-runtime.profiling.js,06_DIGITAL_PLATFORM/community-platform/node_modules/next/dist/compiled/react/cjs/react-jsx-runtime.profiling.js
27b2fb3d04f9878687ab58717172592650e256de727e910366340be87e0f8352,975,2,community-platform/node_modules/react/cjs/react-jsx-runtime.profiling.js,06_DIGITAL_PLATFORM/community-platform/node_modules/react/cjs/react-jsx-runtime.profiling.js
280d629fa5d0c6522e9e94377f925a5a4e15540bb8fe03303a2f3dbae2b56745,353,9,community-platform/.next/dev/static/chunks/_00w1egb._.js,06_DIGITAL_PLATFORM/community-platform/.next/dev/static/chunks/_00w1egb._.js
280d629fa5d0c6522e9e94377f925a5a4e15540bb8fe03303a2f3dbae2b56745,353,9,community-platform/.next/dev/static/chunks/_0kf7et7._.js,06_DIGITAL_PLATFORM/community-platform/.next/dev/static/chunks/_0kf7et7._.js
280d629fa5d0c6522e9e94377f925a5a4e15540bb8fe03303a2f3dbae2b56745,353,9,community-platform/.next/dev/static/chunks/_0kikcn_._.js,06_DIGITAL_PLATFORM/community-platform/.next/dev/static/chunks/_0kikcn_._.js
280d629fa5d0c6522e9e94377f925a5a4e15540bb8fe03303a2f3dbae2b56745,353,9,community-platform/.next/dev/static/chunks/_0yo4uv-._.js,06_DIGITAL_PLATFORM/community-platform/.next/dev/static/chunks/_0yo4uv-._.js
280d629fa5d0c6522e9e94377f925a5a4e15540bb8fe03303a2f3dbae2b56745,353,9,community-platform/.next/dev/static/chunks/_1-3te1y._.js,06_DIGITAL_PLATFORM/community-platform/.next/dev/static/chunks/_1-3te1y._.js
280d629fa5d0c6522e9e94377f925a5a4e15540bb8fe03303a2f3dbae2b56745,353,9,community-platform/.next/dev/static/chunks/_1101-it._.js,06_DIGITAL_PLATFORM/community-platform/.next/dev/static/chunks/_1101-it._.js
280d629fa5d0c6522e9e94377f925a5a4e15540bb8fe03303a2f3dbae2b56745,353,9,community-platform/.next/dev/static/chunks/_1670ime._.js,06_DIGITAL_PLATFORM/community-platform/.next/dev/static/chunks/_1670ime._.js
280d629fa5d0c6522e9e94377f925a5a4e15540bb8fe03303a2f3dbae2b56745,353,9,community-platform/.next/dev/static/chunks/_1ihvo1x._.js,06_DIGITAL_PLATFORM/community-platform/.next/dev/static/chunks/_1ihvo1x._.js
280d629fa5d0c6522e9e94377f925a5a4e15540bb8fe03303a2f3dbae2b56745,353,9,community-platform/.next/dev/static/chunks/_219uq1s._.js,06_DIGITAL_PLATFORM/community-platform/.next/dev/static/chunks/_219uq1s._.js
2876b0808194e7e14eb78d59f28aa835d9146bbafd4b7ae150b3fbf1da54b8e6,92867,2,community-platform/node_modules/sharp/dist/index.d.cts,06_DIGITAL_PLATFORM/community-platform/node_modules/sharp/dist/index.d.cts
2876b0808194e7e14eb78d59f28aa835d9146bbafd4b7ae150b3fbf1da54b8e6,92867,2,community-platform/node_modules/sharp/lib/index.d.ts,06_DIGITAL_PLATFORM/community-platform/node_modules/sharp/lib/index.d.ts
2999cbb0fb08a3e7745fde74c0b68e41f30c2825abcf16b4208adad42fc45386,154,2,community-platform/node_modules/next/dist/server/route-modules/app-page/vendored/contexts/hooks-client-context.js,06_DIGITAL_PLATFORM/community-platform/node_modules/next/dist/server/route-modules/app-page/vendored/contexts/hooks-client-context.js
2999cbb0fb08a3e7745fde74c0b68e41f30c2825abcf16b4208adad42fc45386,154,2,community-platform/node_modules/next/dist/server/route-modules/pages/vendored/contexts/hooks-client-context.js,06_DIGITAL_PLATFORM/community-platform/node_modules/next/dist/server/route-modules/pages/vendored/contexts/hooks-client-context.js
29cbe21640848ed3e8aebfdc47af7ff24eddcaea57b29f98958dc2c3e8fd279d,244,3,community-platform/node_modules/next/dist/compiled/react/jsx-dev-runtime.react-server.js,06_DIGITAL_PLATFORM/community-platform/node_modules/next/dist/compiled/react/jsx-dev-runtime.react-server.js
29cbe21640848ed3e8aebfdc47af7ff24eddcaea57b29f98958dc2c3e8fd279d,244,3,community-platform/node_modules/next/dist/compiled/react-experimental/jsx-dev-runtime.react-server.js,06_DIGITAL_PLATFORM/community-platform/node_modules/next/dist/compiled/react-experimental/jsx-dev-runtime.react-server.js
29cbe21640848ed3e8aebfdc47af7ff24eddcaea57b29f98958dc2c3e8fd279d,244,3,community-platform/node_modules/react/jsx-dev-runtime.react-server.js,06_DIGITAL_PLATFORM/community-platform/node_modules/react/jsx-dev-runtime.react-server.js
29dd6bfe5f2cc8ca7c864a34835e6a95b6b12dd63efbf5bcccb09921a68abb02,274,2,community-platform/node_modules/@supabase/functions-js/dist/main/index.d.ts.map,06_DIGITAL_PLATFORM/community-platform/node_modules/@supabase/functions-js/dist/main/index.d.ts.map
29dd6bfe5f2cc8ca7c864a34835e6a95b6b12dd63efbf5bcccb09921a68abb02,274,2,community-platform/node_modules/@supabase/functions-js/dist/module/index.d.ts.map,06_DIGITAL_PLATFORM/community-platform/node_modules/@supabase/functions-js/dist/module/index.d.ts.map
2a5336ac3650d7dfca1b70278d901a315e6dddb62f47f079762ba1b80255d6b0,608,2,community-platform/node_modules/@supabase/realtime-js/dist/main/phoenix/types.d.ts,06_DIGITAL_PLATFORM/community-platform/node_modules/@supabase/realtime-js/dist/main/phoenix/types.d.ts
2a5336ac3650d7dfca1b70278d901a315e6dddb62f47f079762ba1b80255d6b0,608,2,community-platform/node_modules/@supabase/realtime-js/dist/module/phoenix/types.d.ts,06_DIGITAL_PLATFORM/community-platform/node_modules/@supabase/realtime-js/dist/module/phoenix/types.d.ts
2aa725364b0efa1772c01cd978ac888b655711645768bdcf5e885a0c4e435ef2,232,3,community-platform/node_modules/next/dist/compiled/scheduler/unstable_post_task.js,06_DIGITAL_PLATFORM/community-platform/node_modules/next/dist/compiled/scheduler/unstable_post_task.js
2aa725364b0efa1772c01cd978ac888b655711645768bdcf5e885a0c4e435ef2,232,3,community-platform/node_modules/next/dist/compiled/scheduler-experimental/unstable_post_task.js,06_DIGITAL_PLATFORM/community-platform/node_modules/next/dist/compiled/scheduler-experimental/unstable_post_task.js
2aa725364b0efa1772c01cd978ac888b655711645768bdcf5e885a0c4e435ef2,232,3,community-platform/node_modules/scheduler/unstable_post_task.js,06_DIGITAL_PLATFORM/community-platform/node_modules/scheduler/unstable_post_task.js
2b2f7e2b083b67d2e35a4c490854b79b57fab8540d13b420cf44a37ce695a8d6,1214,2,community-platform/node_modules/@supabase/auth-js/dist/main/lib/base64url.d.ts.map,06_DIGITAL_PLATFORM/community-platform/node_modules/@supabase/auth-js/dist/main/lib/base64url.d.ts.map
2b2f7e2b083b67d2e35a4c490854b79b57fab8540d13b420cf44a37ce695a8d6,1214,2,community-platform/node_modules/@supabase/auth-js/dist/module/lib/base64url.d.ts.map,06_DIGITAL_PLATFORM/community-platform/node_modules/@supabase/auth-js/dist/module/lib/base64url.d.ts.map
2b6d0b202a54c49f678e22ef52937f9e16e8a8581d107e0d71ac87c09831ca99,142,2,community-platform/node_modules/next/dist/build/babel/plugins/next-font-unsupported.d.ts,06_DIGITAL_PLATFORM/community-platform/node_modules/next/dist/build/babel/plugins/next-font-unsupported.d.ts
2b6d0b202a54c49f678e22ef52937f9e16e8a8581d107e0d71ac87c09831ca99,142,2,community-platform/node_modules/next/dist/build/babel/plugins/next-page-disallow-re-export-all-exports.d.ts,06_DIGITAL_PLATFORM/community-platform/node_modules/next/dist/build/babel/plugins/next-page-disallow-re-export-all-exports.d.ts
2baeeb7fc5f9ac9ec470b7ea01bd7ed5c40ddf6e7a571f370e1fc74907c356fd,5509,2,community-platform/node_modules/@supabase/auth-js/dist/main/lib/web3/solana.d.ts,06_DIGITAL_PLATFORM/community-platform/node_modules/@supabase/auth-js/dist/main/lib/web3/solana.d.ts
2baeeb7fc5f9ac9ec470b7ea01bd7ed5c40ddf6e7a571f370e1fc74907c356fd,5509,2,community-platform/node_modules/@supabase/auth-js/dist/module/lib/web3/solana.d.ts,06_DIGITAL_PLATFORM/community-platform/node_modules/@supabase/auth-js/dist/module/lib/web3/solana.d.ts
2c3246376222858655c7095ef576ff404df87e2da36bd4a4992472c3f9288852,194275,2,community-platform/node_modules/next/dist/compiled/react-server-dom-webpack/cjs/react-server-dom-webpack-client.edge.development.js,06_DIGITAL_PLATFORM/community-platform/node_modules/next/dist/compiled/react-server-dom-webpack/cjs/react-server-dom-webpack-client.edge.development.js
2c3246376222858655c7095ef576ff404df87e2da36bd4a4992472c3f9288852,194275,2,community-platform/node_modules/next/dist/compiled/react-server-dom-webpack-experimental/cjs/react-server-dom-webpack-client.edge.development.js,06_DIGITAL_PLATFORM/community-platform/node_modules/next/dist/compiled/react-server-dom-webpack-experimental/cjs/react-server-dom-webpack-client.edge.development.js
2cd7cb0ff419a62d911b3b10201048b8833d2351bc8b46c01b00afefdd0a7c9b,179,2,community-platform/node_modules/next/dist/api/server.js.map,06_DIGITAL_PLATFORM/community-platform/node_modules/next/dist/api/server.js.map
2cd7cb0ff419a62d911b3b10201048b8833d2351bc8b46c01b00afefdd0a7c9b,179,2,community-platform/node_modules/next/dist/esm/api/server.js.map,06_DIGITAL_PLATFORM/community-platform/node_modules/next/dist/esm/api/server.js.map
2d1e0326d6b7c70b29a4168663ea09dbbea382899c5606004d0b87d2284b244a,154,2,community-platform/node_modules/next/dist/server/route-modules/app-page/vendored/contexts/image-config-context.js,06_DIGITAL_PLATFORM/community-platform/node_modules/next/dist/server/route-modules/app-page/vendored/contexts/image-config-context.js
2d1e0326d6b7c70b29a4168663ea09dbbea382899c5606004d0b87d2284b244a,154,2,community-platform/node_modules/next/dist/server/route-modules/pages/vendored/contexts/image-config-context.js,06_DIGITAL_PLATFORM/community-platform/node_modules/next/dist/server/route-modules/pages/vendored/contexts/image-config-context.js
2d68d3c40a45785ea4256a6ef1990cd51bcd7b99cbb0e3e2258de2bdf36363ae,40241,2,institution/06-templates/safeguarding/SAFE-REV-001-Annual-Safeguarding-Review.docx,04_INSTITUTION_AND_GOVERNANCE/institution/06-templates/safeguarding/SAFE-REV-001-Annual-Safeguarding-Review.docx
2d68d3c40a45785ea4256a6ef1990cd51bcd7b99cbb0e3e2258de2bdf36363ae,40241,2,operations/templates/07-Safeguarding/SAFE-REV-001-Annual-Safeguarding-Review.docx,80_HISTORICAL_AND_PREINTEGRATION_PACKAGES/operations/templates/07-Safeguarding/SAFE-REV-001-Annual-Safeguarding-Review.docx
2e07abf27aa06353d46f4448c0bbac73431f6065eef7113128a5cd804d0c384d,7255,2,community-platform/node_modules/@types/react/experimental.d.ts,06_DIGITAL_PLATFORM/community-platform/node_modules/@types/react/experimental.d.ts
2e07abf27aa06353d46f4448c0bbac73431f6065eef7113128a5cd804d0c384d,7255,2,community-platform/node_modules/@types/react/ts5.0/experimental.d.ts,06_DIGITAL_PLATFORM/community-platform/node_modules/@types/react/ts5.0/experimental.d.ts
2e42977454b56a1997a4946a0addd05743a4163af71bde5c1ac81e13a528728a,2607,3,institutional_integrity/institutional_integrity_v0_3/founding/43_filing_decision_gate.md,05_INTEGRITY_SAFEGUARDING_AND_COMPLIANCE/institutional_integrity/institutional_integrity_v0_3/founding/43_filing_decision_gate.md
2e42977454b56a1997a4946a0addd05743a4163af71bde5c1ac81e13a528728a,2607,3,institutional_integrity/institutional_integrity_v0_3_release/02_founding_transaction/FILING_DECISION_GATE.md,05_INTEGRITY_SAFEGUARDING_AND_COMPLIANCE/institutional_integrity/institutional_integrity_v0_3_release/02_founding_transaction/FILING_DECISION_GATE.md
2e42977454b56a1997a4946a0addd05743a4163af71bde5c1ac81e13a528728a,2607,3,institutional_integrity/institutional_integrity_v0_4/founding/43_filing_decision_gate.md,05_INTEGRITY_SAFEGUARDING_AND_COMPLIANCE/institutional_integrity/institutional_integrity_v0_4/founding/43_filing_decision_gate.md
2ed360a6314d0aadeecb8491a6fde17b58b8464acde69501dbd7242544bcce57,102,2,community-platform/node_modules/@supabase/ssr/dist/main/utils/constants.d.ts,06_DIGITAL_PLATFORM/community-platform/node_modules/@supabase/ssr/dist/main/utils/constants.d.ts
2ed360a6314d0aadeecb8491a6fde17b58b8464acde69501dbd7242544bcce57,102,2,community-platform/node_modules/@supabase/ssr/dist/module/utils/constants.d.ts,06_DIGITAL_PLATFORM/community-platform/node_modules/@supabase/ssr/dist/module/utils/constants.d.ts
2f15eb5204799d4d1432d0307113558ec7b5d61b155058257705b354a04a6445,4964,2,HTERP/HTERP_v0.2/dossiers/HTE-023-jesus.md,02_RESEARCH_AND_EVIDENCE/HTERP/HTERP_v0.2/dossiers/HTE-023-jesus.md
2f15eb5204799d4d1432d0307113558ec7b5d61b155058257705b354a04a6445,4964,2,HTERP/HTERP_v1.4/dossiers/HTE-023-jesus.md,02_RESEARCH_AND_EVIDENCE/HTERP/HTERP_v1.4/dossiers/HTE-023-jesus.md
2f9b8c4bee9312538f388b49c13987f4565ac25d6756fabdbbb771d339945e3e,99,2,community-platform/node_modules/nanoid/non-secure/package.json,06_DIGITAL_PLATFORM/community-platform/node_modules/nanoid/non-secure/package.json
2f9b8c4bee9312538f388b49c13987f4565ac25d6756fabdbbb771d339945e3e,99,2,community-platform/node_modules/nanoid/url-alphabet/package.json,06_DIGITAL_PLATFORM/community-platform/node_modules/nanoid/url-alphabet/package.json
30c37570302b5ea9b8d2989b6ed50fc37426a4c7a4c8855be3e33efc557d0905,43408,2,Church/CH-054-Church-Qualification-Narrative.docx,80_HISTORICAL_AND_PREINTEGRATION_PACKAGES/Church/CH-054-Church-Qualification-Narrative.docx
30c37570302b5ea9b8d2989b6ed50fc37426a4c7a4c8855be3e33efc557d0905,43408,2,institution/09-tax-and-regulatory/form-1023/CH-054-Church-Qualification-Narrative.docx,04_INSTITUTION_AND_GOVERNANCE/institution/09-tax-and-regulatory/form-1023/CH-054-Church-Qualification-Narrative.docx
311756bc5109b0e4fcf27215dcd64f193fd39e78e87c0420a2bdf04dd0b0cec9,780,4,forms/22_board_minutes_template.md,80_HISTORICAL_AND_PREINTEGRATION_PACKAGES/forms/22_board_minutes_template.md
311756bc5109b0e4fcf27215dcd64f193fd39e78e87c0420a2bdf04dd0b0cec9,780,4,institutional_integrity/institutional_integrity_v0_2_release/modular_source/forms/22_board_minutes_template.md,05_INTEGRITY_SAFEGUARDING_AND_COMPLIANCE/institutional_integrity/institutional_integrity_v0_2_release/modular_source/forms/22_board_minutes_template.md
311756bc5109b0e4fcf27215dcd64f193fd39e78e87c0420a2bdf04dd0b0cec9,780,4,institutional_integrity/institutional_integrity_v0_3/forms/22_board_minutes_template.md,05_INTEGRITY_SAFEGUARDING_AND_COMPLIANCE/institutional_integrity/institutional_integrity_v0_3/forms/22_board_minutes_template.md
311756bc5109b0e4fcf27215dcd64f193fd39e78e87c0420a2bdf04dd0b0cec9,780,4,institutional_integrity/institutional_integrity_v0_4/forms/22_board_minutes_template.md,05_INTEGRITY_SAFEGUARDING_AND_COMPLIANCE/institutional_integrity/institutional_integrity_v0_4/forms/22_board_minutes_template.md
324608b9d41bdf7911f5ceba4051a365628646146ebc8910f2ffe63ef5cac5fa,1080,2,institutional_integrity/institutional_integrity_v0_3/recordbook/68_records_room_setup.md,05_INTEGRITY_SAFEGUARDING_AND_COMPLIANCE/institutional_integrity/institutional_integrity_v0_3/recordbook/68_records_room_setup.md
324608b9d41bdf7911f5ceba4051a365628646146ebc8910f2ffe63ef5cac5fa,1080,2,institutional_integrity/institutional_integrity_v0_4/recordbook/68_records_room_setup.md,05_INTEGRITY_SAFEGUARDING_AND_COMPLIANCE/institutional_integrity/institutional_integrity_v0_4/recordbook/68_records_room_setup.md
326dc1fac9e87ab873f0519b102f1e484d070db023b0f8be283076724713ac67,40256,2,institution/06-templates/ministry/MIN-EXAM-F-001-Examination-Record.docx,04_INSTITUTION_AND_GOVERNANCE/institution/06-templates/ministry/MIN-EXAM-F-001-Examination-Record.docx
326dc1fac9e87ab873f0519b102f1e484d070db023b0f8be283076724713ac67,40256,2,operations/templates/06-Ministry/MIN-EXAM-F-001-Examination-Record.docx,80_HISTORICAL_AND_PREINTEGRATION_PACKAGES/operations/templates/06-Ministry/MIN-EXAM-F-001-Examination-Record.docx
333657a970a5ca24b6b5bb362518be50647d21a82f66416162059461899af5c2,4217,2,HTERP/HTERP_v0.2/dossiers/HTE-008-zarathustra.md,02_RESEARCH_AND_EVIDENCE/HTERP/HTERP_v0.2/dossiers/HTE-008-zarathustra.md
333657a970a5ca24b6b5bb362518be50647d21a82f66416162059461899af5c2,4217,2,HTERP/HTERP_v1.4/dossiers/HTE-008-zarathustra.md,02_RESEARCH_AND_EVIDENCE/HTERP/HTERP_v1.4/dossiers/HTE-008-zarathustra.md
334dd6820e2eaeab2064e7c59001b810566728a28a41a7c1dbf69bbee17d0936,1065,6,community-platform/node_modules/@supabase/auth-js/LICENSE,06_DIGITAL_PLATFORM/community-platform/node_modules/@supabase/auth-js/LICENSE
334dd6820e2eaeab2064e7c59001b810566728a28a41a7c1dbf69bbee17d0936,1065,6,community-platform/node_modules/@supabase/functions-js/LICENSE,06_DIGITAL_PLATFORM/community-platform/node_modules/@supabase/functions-js/LICENSE
334dd6820e2eaeab2064e7c59001b810566728a28a41a7c1dbf69bbee17d0936,1065,6,community-platform/node_modules/@supabase/postgrest-js/LICENSE,06_DIGITAL_PLATFORM/community-platform/node_modules/@supabase/postgrest-js/LICENSE
334dd6820e2eaeab2064e7c59001b810566728a28a41a7c1dbf69bbee17d0936,1065,6,community-platform/node_modules/@supabase/realtime-js/LICENSE,06_DIGITAL_PLATFORM/community-platform/node_modules/@supabase/realtime-js/LICENSE
334dd6820e2eaeab2064e7c59001b810566728a28a41a7c1dbf69bbee17d0936,1065,6,community-platform/node_modules/@supabase/storage-js/LICENSE,06_DIGITAL_PLATFORM/community-platform/node_modules/@supabase/storage-js/LICENSE
334dd6820e2eaeab2064e7c59001b810566728a28a41a7c1dbf69bbee17d0936,1065,6,community-platform/node_modules/@supabase/supabase-js/LICENSE,06_DIGITAL_PLATFORM/community-platform/node_modules/@supabase/supabase-js/LICENSE
33f07c9378b88895f6aac2c3a1074ac188d1db97ebb99a68680df6fcdbc22708,40345,2,institution/06-templates/safeguarding/SAFE-PA-001-Protective-Action-Order.docx,04_INSTITUTION_AND_GOVERNANCE/institution/06-templates/safeguarding/SAFE-PA-001-Protective-Action-Order.docx
33f07c9378b88895f6aac2c3a1074ac188d1db97ebb99a68680df6fcdbc22708,40345,2,operations/templates/07-Safeguarding/SAFE-PA-001-Protective-Action-Order.docx,80_HISTORICAL_AND_PREINTEGRATION_PACKAGES/operations/templates/07-Safeguarding/SAFE-PA-001-Protective-Action-Order.docx
34171513f5d7662f42d42c479445c2536cc02161c245b0f5083ef595f88f0e20,4639,3,community-platform/node_modules/next/dist/compiled/scheduler/cjs/scheduler-unstable_post_task.development.js,06_DIGITAL_PLATFORM/community-platform/node_modules/next/dist/compiled/scheduler/cjs/scheduler-unstable_post_task.development.js
34171513f5d7662f42d42c479445c2536cc02161c245b0f5083ef595f88f0e20,4639,3,community-platform/node_modules/next/dist/compiled/scheduler-experimental/cjs/scheduler-unstable_post_task.development.js,06_DIGITAL_PLATFORM/community-platform/node_modules/next/dist/compiled/scheduler-experimental/cjs/scheduler-unstable_post_task.development.js
34171513f5d7662f42d42c479445c2536cc02161c245b0f5083ef595f88f0e20,4639,3,community-platform/node_modules/scheduler/cjs/scheduler-unstable_post_task.development.js,06_DIGITAL_PLATFORM/community-platform/node_modules/scheduler/cjs/scheduler-unstable_post_task.development.js
347e41ceac8744b55c9a4d9d298930688621be5749a49a1302e90e3445bc55fc,40690,2,Church/CH-019-Worship-Bulletin-and-Program-Standard.docx,80_HISTORICAL_AND_PREINTEGRATION_PACKAGES/Church/CH-019-Worship-Bulletin-and-Program-Standard.docx
347e41ceac8744b55c9a4d9d298930688621be5749a49a1302e90e3445bc55fc,40690,2,institution/05-operations/membership/CH-019-Worship-Bulletin-and-Program-Standard.docx,04_INSTITUTION_AND_GOVERNANCE/institution/05-operations/membership/CH-019-Worship-Bulletin-and-Program-Standard.docx
34e0de16e1cc045f2a4e9237e585acc6a80eb87d2adcfc1afe8c97e382fa48e5,40227,2,institution/06-templates/governance/GOV-RECOV-001-Institutional-Recovery-Plan.docx,04_INSTITUTION_AND_GOVERNANCE/institution/06-templates/governance/GOV-RECOV-001-Institutional-Recovery-Plan.docx
34e0de16e1cc045f2a4e9237e585acc6a80eb87d2adcfc1afe8c97e382fa48e5,40227,2,operations/templates/04-Governance/GOV-RECOV-001-Institutional-Recovery-Plan.docx,80_HISTORICAL_AND_PREINTEGRATION_PACKAGES/operations/templates/04-Governance/GOV-RECOV-001-Institutional-Recovery-Plan.docx
3553614c448fd8dcecafb0c1d2317523860e29e61ede1d8572985f2a734b2381,107,2,community-platform/node_modules/next/dist/api/form.js,06_DIGITAL_PLATFORM/community-platform/node_modules/next/dist/api/form.js
3553614c448fd8dcecafb0c1d2317523860e29e61ede1d8572985f2a734b2381,107,2,community-platform/node_modules/next/dist/esm/api/form.js,06_DIGITAL_PLATFORM/community-platform/node_modules/next/dist/esm/api/form.js
357fde71426d57c51aca1c7637427d0c86d5b14b5419b531f65a0cebbe01bf89,271732,2,governance/constitutional_governance_package_v0_2.pdf,80_HISTORICAL_AND_PREINTEGRATION_PACKAGES/governance/constitutional_governance_package_v0_2.pdf
357fde71426d57c51aca1c7637427d0c86d5b14b5419b531f65a0cebbe01bf89,271732,2,institutional_integrity/institutional_integrity_v0_3_release/01_current_baseline/constitutional_governance_package_v0_2.pdf,05_INTEGRITY_SAFEGUARDING_AND_COMPLIANCE/institutional_integrity/institutional_integrity_v0_3_release/01_current_baseline/constitutional_governance_package_v0_2.pdf
35ceeb9592f00f72e3fa49037dc6cafe1f4430f50142dcc8f998184952a2f172,63861,2,Church/CH-006-Ecclesiastical-Governance-ECC-CON-001.docx,80_HISTORICAL_AND_PREINTEGRATION_PACKAGES/Church/CH-006-Ecclesiastical-Governance-ECC-CON-001.docx
35ceeb9592f00f72e3fa49037dc6cafe1f4430f50142dcc8f998184952a2f172,63861,2,institution/02-constitutional/ECC-CON-001/0.1.0/CH-006-Ecclesiastical-Governance-ECC-CON-001.docx,04_INSTITUTION_AND_GOVERNANCE/institution/02-constitutional/ECC-CON-001/0.1.0/CH-006-Ecclesiastical-Governance-ECC-CON-001.docx
36506b2faf28d8782f172f2d6ea3948d4bbaa475a732a1c350ddc4aa981a78e3,252,2,community-platform/node_modules/next/dist/api/head.js.map,06_DIGITAL_PLATFORM/community-platform/node_modules/next/dist/api/head.js.map
36506b2faf28d8782f172f2d6ea3948d4bbaa475a732a1c350ddc4aa981a78e3,252,2,community-platform/node_modules/next/dist/esm/api/head.js.map,06_DIGITAL_PLATFORM/community-platform/node_modules/next/dist/esm/api/head.js.map
365ed21b5eef74ca7244537576925231d0342347ab1e125b945878c6cf5670fe,5511,2,HTERP/HTERP_v0.1/README.md,02_RESEARCH_AND_EVIDENCE/HTERP/HTERP_v0.1/README.md
365ed21b5eef74ca7244537576925231d0342347ab1e125b945878c6cf5670fe,5511,2,HTERP/HTERP_v0.2/README.md,02_RESEARCH_AND_EVIDENCE/HTERP/HTERP_v0.2/README.md
36f069d83b20e4f2df1a6c9c2e4e01fc16f49e3ebccd3ee12d0205140061ce52,40846,2,DOC-001-Doctrine-and-Authoritative-Teaching-Code.docx,80_HISTORICAL_AND_PREINTEGRATION_PACKAGES/top_level_institutional_exports/DOC-001-Doctrine-and-Authoritative-Teaching-Code.docx
36f069d83b20e4f2df1a6c9c2e4e01fc16f49e3ebccd3ee12d0205140061ce52,40846,2,institution/02-constitutional/DOC-001/0.1.0/DOC-001-Doctrine-and-Authoritative-Teaching-Code.docx,04_INSTITUTION_AND_GOVERNANCE/institution/02-constitutional/DOC-001/0.1.0/DOC-001-Doctrine-and-Authoritative-Teaching-Code.docx
3869e3cb48af5cea057fa34b8064757f38961e8e3994bc52b689191b17430363,692,4,forms/30_findings_report_template.md,80_HISTORICAL_AND_PREINTEGRATION_PACKAGES/forms/30_findings_report_template.md
3869e3cb48af5cea057fa34b8064757f38961e8e3994bc52b689191b17430363,692,4,institutional_integrity/institutional_integrity_v0_2_release/modular_source/forms/30_findings_report_template.md,05_INTEGRITY_SAFEGUARDING_AND_COMPLIANCE/institutional_integrity/institutional_integrity_v0_2_release/modular_source/forms/30_findings_report_template.md
3869e3cb48af5cea057fa34b8064757f38961e8e3994bc52b689191b17430363,692,4,institutional_integrity/institutional_integrity_v0_3/forms/30_findings_report_template.md,05_INTEGRITY_SAFEGUARDING_AND_COMPLIANCE/institutional_integrity/institutional_integrity_v0_3/forms/30_findings_report_template.md
3869e3cb48af5cea057fa34b8064757f38961e8e3994bc52b689191b17430363,692,4,institutional_integrity/institutional_integrity_v0_4/forms/30_findings_report_template.md,05_INTEGRITY_SAFEGUARDING_AND_COMPLIANCE/institutional_integrity/institutional_integrity_v0_4/forms/30_findings_report_template.md
393ddc432814d618e801c453aa796dd5135f9c545cd421934b2fc9f0992caa94,269,2,community-platform/node_modules/next/dist/compiled/react-server-dom-webpack/static.browser.js,06_DIGITAL_PLATFORM/community-platform/node_modules/next/dist/compiled/react-server-dom-webpack/static.browser.js
393ddc432814d618e801c453aa796dd5135f9c545cd421934b2fc9f0992caa94,269,2,community-platform/node_modules/next/dist/compiled/react-server-dom-webpack-experimental/static.browser.js,06_DIGITAL_PLATFORM/community-platform/node_modules/next/dist/compiled/react-server-dom-webpack-experimental/static.browser.js
399fdc26ccf83d753ca7cb2d7fa08cb2fddc493c3778a9cf2c7712c71f5c9b68,3261,2,HTERP/HTERP_v0.2/analysis/dependency_analysis.md,02_RESEARCH_AND_EVIDENCE/HTERP/HTERP_v0.2/analysis/dependency_analysis.md
399fdc26ccf83d753ca7cb2d7fa08cb2fddc493c3778a9cf2c7712c71f5c9b68,3261,2,HTERP/HTERP_v1.4/analysis/dependency_analysis.md,02_RESEARCH_AND_EVIDENCE/HTERP/HTERP_v1.4/analysis/dependency_analysis.md
39ae996523a8b9559c840536c69a7b31e2454f2eb6394995565333fc0ce7771b,790,4,forms/23_complaint_intake_form.md,80_HISTORICAL_AND_PREINTEGRATION_PACKAGES/forms/23_complaint_intake_form.md
39ae996523a8b9559c840536c69a7b31e2454f2eb6394995565333fc0ce7771b,790,4,institutional_integrity/institutional_integrity_v0_2_release/modular_source/forms/23_complaint_intake_form.md,05_INTEGRITY_SAFEGUARDING_AND_COMPLIANCE/institutional_integrity/institutional_integrity_v0_2_release/modular_source/forms/23_complaint_intake_form.md
39ae996523a8b9559c840536c69a7b31e2454f2eb6394995565333fc0ce7771b,790,4,institutional_integrity/institutional_integrity_v0_3/forms/23_complaint_intake_form.md,05_INTEGRITY_SAFEGUARDING_AND_COMPLIANCE/institutional_integrity/institutional_integrity_v0_3/forms/23_complaint_intake_form.md
39ae996523a8b9559c840536c69a7b31e2454f2eb6394995565333fc0ce7771b,790,4,institutional_integrity/institutional_integrity_v0_4/forms/23_complaint_intake_form.md,05_INTEGRITY_SAFEGUARDING_AND_COMPLIANCE/institutional_integrity/institutional_integrity_v0_4/forms/23_complaint_intake_form.md
39e134ed6dc903d8972b3ae5e2aa21a8772c6a53fed34457f4dc07f6b315727b,445,3,community-platform/node_modules/next/dist/compiled/react-dom/static.node.js,06_DIGITAL_PLATFORM/community-platform/node_modules/next/dist/compiled/react-dom/static.node.js
39e134ed6dc903d8972b3ae5e2aa21a8772c6a53fed34457f4dc07f6b315727b,445,3,community-platform/node_modules/next/dist/compiled/react-dom-experimental/static.node.js,06_DIGITAL_PLATFORM/community-platform/node_modules/next/dist/compiled/react-dom-experimental/static.node.js
39e134ed6dc903d8972b3ae5e2aa21a8772c6a53fed34457f4dc07f6b315727b,445,3,community-platform/node_modules/react-dom/static.node.js,06_DIGITAL_PLATFORM/community-platform/node_modules/react-dom/static.node.js
3c52866f6905ba6e48adb8ba3d3245215756764d27cb15ddb7b5fe043b1672a7,40875,2,institution/06-templates/manuals/SUCC-OPS-001-Leadership-Succession-Procedures-and-Transition-Forms.docx,04_INSTITUTION_AND_GOVERNANCE/institution/06-templates/manuals/SUCC-OPS-001-Leadership-Succession-Procedures-and-Transition-Forms.docx
3c52866f6905ba6e48adb8ba3d3245215756764d27cb15ddb7b5fe043b1672a7,40875,2,SUCC-OPS-001-Leadership-Succession-Procedures-and-Transition-Forms.docx,80_HISTORICAL_AND_PREINTEGRATION_PACKAGES/top_level_institutional_exports/SUCC-OPS-001-Leadership-Succession-Procedures-and-Transition-Forms.docx
3d4627094b77fc6257ae3e980cc6b833d337c114debe91f305d9b74fe5ca306d,281,2,community-platform/node_modules/@supabase/auth-js/dist/main/lib/local-storage.d.ts.map,06_DIGITAL_PLATFORM/community-platform/node_modules/@supabase/auth-js/dist/main/lib/local-storage.d.ts.map
3d4627094b77fc6257ae3e980cc6b833d337c114debe91f305d9b74fe5ca306d,281,2,community-platform/node_modules/@supabase/auth-js/dist/module/lib/local-storage.d.ts.map,06_DIGITAL_PLATFORM/community-platform/node_modules/@supabase/auth-js/dist/module/lib/local-storage.d.ts.map
3e195a44f3a8241917a9f7a46bc5043b39815c0f5ed6ff2720fd87807fe1b0a5,40250,2,institution/06-templates/local-affiliation/LOCAL-REV-001-Local-Community-Annual-Review.docx,04_INSTITUTION_AND_GOVERNANCE/institution/06-templates/local-affiliation/LOCAL-REV-001-Local-Community-Annual-Review.docx
3e195a44f3a8241917a9f7a46bc5043b39815c0f5ed6ff2720fd87807fe1b0a5,40250,2,operations/templates/05-Local-and-Affiliation/LOCAL-REV-001-Local-Community-Annual-Review.docx,80_HISTORICAL_AND_PREINTEGRATION_PACKAGES/operations/templates/05-Local-and-Affiliation/LOCAL-REV-001-Local-Community-Annual-Review.docx
3e2d9288efb09eb824de12f95e893c03cb3b8b70503fc0664fdf42b3a118b433,44818,2,institution/06-templates/manuals/SAFE-OPS-001-Safeguarding-Procedures-and-Forms-Manual.docx,04_INSTITUTION_AND_GOVERNANCE/institution/06-templates/manuals/SAFE-OPS-001-Safeguarding-Procedures-and-Forms-Manual.docx
3e2d9288efb09eb824de12f95e893c03cb3b8b70503fc0664fdf42b3a118b433,44818,2,SAFE-OPS-001-Safeguarding-Procedures-and-Forms-Manual.docx,80_HISTORICAL_AND_PREINTEGRATION_PACKAGES/top_level_institutional_exports/SAFE-OPS-001-Safeguarding-Procedures-and-Forms-Manual.docx
3e6693545dcc0b4898deb496ae74c19bd33b379b5d78206839f9593acb6e5596,44725,2,Church/CH-050-Form-1023-Schedule-A-Churches-Working-Copy.docx,80_HISTORICAL_AND_PREINTEGRATION_PACKAGES/Church/CH-050-Form-1023-Schedule-A-Churches-Working-Copy.docx
3e6693545dcc0b4898deb496ae74c19bd33b379b5d78206839f9593acb6e5596,44725,2,institution/09-tax-and-regulatory/schedule-a/CH-050-Form-1023-Schedule-A-Churches-Working-Copy.docx,04_INSTITUTION_AND_GOVERNANCE/institution/09-tax-and-regulatory/schedule-a/CH-050-Form-1023-Schedule-A-Churches-Working-Copy.docx
3e8365772848d27d30fcceaba0df210743bacd3819feb415092e9dae4137f916,1973,2,community-platform/node_modules/@supabase/realtime-js/dist/main/lib/constants.d.ts,06_DIGITAL_PLATFORM/community-platform/node_modules/@supabase/realtime-js/dist/main/lib/constants.d.ts
3e8365772848d27d30fcceaba0df210743bacd3819feb415092e9dae4137f916,1973,2,community-platform/node_modules/@supabase/realtime-js/dist/module/lib/constants.d.ts,06_DIGITAL_PLATFORM/community-platform/node_modules/@supabase/realtime-js/dist/module/lib/constants.d.ts
3ec9a919e3231e5abe25d17a2d7f679dc7003799e1794f91bbfb3f61e76e9f0b,267,2,community-platform/node_modules/next/dist/compiled/react-server-dom-turbopack/static.edge.js,06_DIGITAL_PLATFORM/community-platform/node_modules/next/dist/compiled/react-server-dom-turbopack/static.edge.js
3ec9a919e3231e5abe25d17a2d7f679dc7003799e1794f91bbfb3f61e76e9f0b,267,2,community-platform/node_modules/next/dist/compiled/react-server-dom-turbopack-experimental/static.edge.js,06_DIGITAL_PLATFORM/community-platform/node_modules/next/dist/compiled/react-server-dom-turbopack-experimental/static.edge.js
3f73074871adb294aae20584b26e90ecd5659390bb140f19c0177b4bc44a6bb7,250,2,community-platform/node_modules/next/dist/api/script.js.map,06_DIGITAL_PLATFORM/community-platform/node_modules/next/dist/api/script.js.map
3f73074871adb294aae20584b26e90ecd5659390bb140f19c0177b4bc44a6bb7,250,2,community-platform/node_modules/next/dist/esm/api/script.js.map,06_DIGITAL_PLATFORM/community-platform/node_modules/next/dist/esm/api/script.js.map
3f9d7c21d43e12540d38d1f03b44c12557cdcf31c09777c97fe70b7cf1d80ca6,50503,3,institutional_integrity/institutional_integrity_v0_2_release/day_one_integrity_operations_manual_v0_2.docx,05_INTEGRITY_SAFEGUARDING_AND_COMPLIANCE/institutional_integrity/institutional_integrity_v0_2_release/day_one_integrity_operations_manual_v0_2.docx
3f9d7c21d43e12540d38d1f03b44c12557cdcf31c09777c97fe70b7cf1d80ca6,50503,3,institutional_integrity/institutional_integrity_v0_3_release/01_current_baseline/day_one_integrity_operations_manual_v0_2.docx,05_INTEGRITY_SAFEGUARDING_AND_COMPLIANCE/institutional_integrity/institutional_integrity_v0_3_release/01_current_baseline/day_one_integrity_operations_manual_v0_2.docx
3f9d7c21d43e12540d38d1f03b44c12557cdcf31c09777c97fe70b7cf1d80ca6,50503,3,manuals/day_one_integrity_operations_manual_v0_2.docx,80_HISTORICAL_AND_PREINTEGRATION_PACKAGES/manuals/day_one_integrity_operations_manual_v0_2.docx
3ff5768015f6a12bebcb635ba8b027a23e278c5dce8a57eb1d6dfefd412a0915,42507,2,Church/CH-007-Foundational-Statement-of-Beliefs.docx,80_HISTORICAL_AND_PREINTEGRATION_PACKAGES/Church/CH-007-Foundational-Statement-of-Beliefs.docx
3ff5768015f6a12bebcb635ba8b027a23e278c5dce8a57eb1d6dfefd412a0915,42507,2,institution/03-doctrine-and-religious-life/beliefs/CH-007-Foundational-Statement-of-Beliefs.docx,04_INSTITUTION_AND_GOVERNANCE/institution/03-doctrine-and-religious-life/beliefs/CH-007-Foundational-Statement-of-Beliefs.docx
405ea55ecb28e90187a02b659e55d0e954aab4da97e75a8222f4766d9da4d08d,1574,2,institutional_integrity/institutional_integrity_v0_3/founding/48_director_acceptance.md,05_INTEGRITY_SAFEGUARDING_AND_COMPLIANCE/institutional_integrity/institutional_integrity_v0_3/founding/48_director_acceptance.md
405ea55ecb28e90187a02b659e55d0e954aab4da97e75a8222f4766d9da4d08d,1574,2,institutional_integrity/institutional_integrity_v0_4/founding/48_director_acceptance.md,05_INTEGRITY_SAFEGUARDING_AND_COMPLIANCE/institutional_integrity/institutional_integrity_v0_4/founding/48_director_acceptance.md
415041b970cfe8cd4cc5914363c850b5e9d2bf22e8aa0a20201cda5817ce03ed,1693,2,community-platform/node_modules/@supabase/auth-js/dist/main/lib/web3/solana.d.ts.map,06_DIGITAL_PLATFORM/community-platform/node_modules/@supabase/auth-js/dist/main/lib/web3/solana.d.ts.map
415041b970cfe8cd4cc5914363c850b5e9d2bf22e8aa0a20201cda5817ce03ed,1693,2,community-platform/node_modules/@supabase/auth-js/dist/module/lib/web3/solana.d.ts.map,06_DIGITAL_PLATFORM/community-platform/node_modules/@supabase/auth-js/dist/module/lib/web3/solana.d.ts.map
4158a50e206f82c95e0ad4ea442ff6c99f20b5b85c5444474b8a9504c59294aa,744,2,community-platform/node_modules/@supabase/ssr/dist/main/utils/chunker.d.ts,06_DIGITAL_PLATFORM/community-platform/node_modules/@supabase/ssr/dist/main/utils/chunker.d.ts
4158a50e206f82c95e0ad4ea442ff6c99f20b5b85c5444474b8a9504c59294aa,744,2,community-platform/node_modules/@supabase/ssr/dist/module/utils/chunker.d.ts,06_DIGITAL_PLATFORM/community-platform/node_modules/@supabase/ssr/dist/module/utils/chunker.d.ts
4166bd3b0a85c77188b63057cac726a9ace0c4ba0a5fd195f62bb279bdb1d2c2,483,3,community-platform/node_modules/@supabase/auth-js/dist/module/lib/version.js,06_DIGITAL_PLATFORM/community-platform/node_modules/@supabase/auth-js/dist/module/lib/version.js
4166bd3b0a85c77188b63057cac726a9ace0c4ba0a5fd195f62bb279bdb1d2c2,483,3,community-platform/node_modules/@supabase/functions-js/dist/module/version.js,06_DIGITAL_PLATFORM/community-platform/node_modules/@supabase/functions-js/dist/module/version.js
4166bd3b0a85c77188b63057cac726a9ace0c4ba0a5fd195f62bb279bdb1d2c2,483,3,community-platform/node_modules/@supabase/realtime-js/dist/module/lib/version.js,06_DIGITAL_PLATFORM/community-platform/node_modules/@supabase/realtime-js/dist/module/lib/version.js
418d4e0e326347e1224266089bdd57fbb4aaf10b36205c688bc75d118e890a3b,40678,2,Church/CH-020-Sermon-and-Teaching-Archive-Standard.docx,80_HISTORICAL_AND_PREINTEGRATION_PACKAGES/Church/CH-020-Sermon-and-Teaching-Archive-Standard.docx
418d4e0e326347e1224266089bdd57fbb4aaf10b36205c688bc75d118e890a3b,40678,2,institution/05-operations/membership/CH-020-Sermon-and-Teaching-Archive-Standard.docx,04_INSTITUTION_AND_GOVERNANCE/institution/05-operations/membership/CH-020-Sermon-and-Teaching-Archive-Standard.docx
41b9ff00d0efc021f3c6f434a2d12c380eb78a1a74739b58da754ac74efc6a10,114,2,community-platform/node_modules/next/dist/api/navigation.react-server.js,06_DIGITAL_PLATFORM/community-platform/node_modules/next/dist/api/navigation.react-server.js
41b9ff00d0efc021f3c6f434a2d12c380eb78a1a74739b58da754ac74efc6a10,114,2,community-platform/node_modules/next/dist/esm/api/navigation.react-server.js,06_DIGITAL_PLATFORM/community-platform/node_modules/next/dist/esm/api/navigation.react-server.js
41d7a8677ef9924d10a4ed79ec38ee7b2e4b6030eac41ce1993e420b26618be7,115,2,community-platform/node_modules/next/dist/api/head.js,06_DIGITAL_PLATFORM/community-platform/node_modules/next/dist/api/head.js
41d7a8677ef9924d10a4ed79ec38ee7b2e4b6030eac41ce1993e420b26618be7,115,2,community-platform/node_modules/next/dist/esm/api/head.js,06_DIGITAL_PLATFORM/community-platform/node_modules/next/dist/esm/api/head.js
41f2d2b0736385fa6a1fb49bd5bf5d41f17636c8481a598f15bbabbdb19fab1a,40220,2,institution/06-templates/finance/FIN-COUNT-001-Offering-Cash-Count-Sheet.docx,04_INSTITUTION_AND_GOVERNANCE/institution/06-templates/finance/FIN-COUNT-001-Offering-Cash-Count-Sheet.docx
41f2d2b0736385fa6a1fb49bd5bf5d41f17636c8481a598f15bbabbdb19fab1a,40220,2,operations/templates/03-Finance/FIN-COUNT-001-Offering-Cash-Count-Sheet.docx,80_HISTORICAL_AND_PREINTEGRATION_PACKAGES/operations/templates/03-Finance/FIN-COUNT-001-Offering-Cash-Count-Sheet.docx
4202d1a4151ad1b467f63cce000011f74478919d3105703811953c3f3cb4826b,49668,2,institutional_integrity/institutional_integrity_v0_3_release/02_founding_transaction/corporate_record_book_and_compliance_binder_v0_3.docx,05_INTEGRITY_SAFEGUARDING_AND_COMPLIANCE/institutional_integrity/institutional_integrity_v0_3_release/02_founding_transaction/corporate_record_book_and_compliance_binder_v0_3.docx
4202d1a4151ad1b467f63cce000011f74478919d3105703811953c3f3cb4826b,49668,2,institutional_integrity/institutional_integrity_v0_4_release/06_prior_baseline/corporate_record_book_and_compliance_binder_v0_3.docx,05_INTEGRITY_SAFEGUARDING_AND_COMPLIANCE/institutional_integrity/institutional_integrity_v0_4_release/06_prior_baseline/corporate_record_book_and_compliance_binder_v0_3.docx
4225884493381174db42ea47deef8b52ec41e358e63b49acd4929fe2f97f7a69,254,2,community-platform/node_modules/next/dist/compiled/react-server-dom-webpack/client.browser.js,06_DIGITAL_PLATFORM/community-platform/node_modules/next/dist/compiled/react-server-dom-webpack/client.browser.js
4225884493381174db42ea47deef8b52ec41e358e63b49acd4929fe2f97f7a69,254,2,community-platform/node_modules/next/dist/compiled/react-server-dom-webpack-experimental/client.browser.js,06_DIGITAL_PLATFORM/community-platform/node_modules/next/dist/compiled/react-server-dom-webpack-experimental/client.browser.js
426bd68b069754d7310a5fc671e23fd85d5ec7e2f9b94aba676e18e17e6c6c54,40157,2,institution/06-templates/succession/SUC-TRN-001-Transition-Checklist.docx,04_INSTITUTION_AND_GOVERNANCE/institution/06-templates/succession/SUC-TRN-001-Transition-Checklist.docx
426bd68b069754d7310a5fc671e23fd85d5ec7e2f9b94aba676e18e17e6c6c54,40157,2,operations/templates/08-Succession/SUC-TRN-001-Transition-Checklist.docx,80_HISTORICAL_AND_PREINTEGRATION_PACKAGES/operations/templates/08-Succession/SUC-TRN-001-Transition-Checklist.docx
426c363dd0a12318cb90a09873120e5725c22b2b582f0e540102994718664288,124,2,community-platform/node_modules/next/dist/api/dynamic.js,06_DIGITAL_PLATFORM/community-platform/node_modules/next/dist/api/dynamic.js
426c363dd0a12318cb90a09873120e5725c22b2b582f0e540102994718664288,124,2,community-platform/node_modules/next/dist/esm/api/dynamic.js,06_DIGITAL_PLATFORM/community-platform/node_modules/next/dist/esm/api/dynamic.js
429aeed1edd380968e722df2fe79912ba72a97f6f4519d9566499ebd2ab4c0a3,252,2,community-platform/node_modules/next/dist/compiled/react-server-dom-turbopack/client.edge.js,06_DIGITAL_PLATFORM/community-platform/node_modules/next/dist/compiled/react-server-dom-turbopack/client.edge.js
429aeed1edd380968e722df2fe79912ba72a97f6f4519d9566499ebd2ab4c0a3,252,2,community-platform/node_modules/next/dist/compiled/react-server-dom-turbopack-experimental/client.edge.js,06_DIGITAL_PLATFORM/community-platform/node_modules/next/dist/compiled/react-server-dom-turbopack-experimental/client.edge.js
435a6722c786b0a56fbe7387028f1d9d3f3a2d0fb615bb8fee118727c3f59b7b,1073,2,community-platform/node_modules/next/dist/compiled/text-table/LICENSE,06_DIGITAL_PLATFORM/community-platform/node_modules/next/dist/compiled/text-table/LICENSE
435a6722c786b0a56fbe7387028f1d9d3f3a2d0fb615bb8fee118727c3f59b7b,1073,2,community-platform/node_modules/next/dist/compiled/tty-browserify/LICENSE,06_DIGITAL_PLATFORM/community-platform/node_modules/next/dist/compiled/tty-browserify/LICENSE
439e28395bd8dd06c369a20ae4d3f80bf04841ec2382c753ac7b920905e6c6ce,40146,2,institution/06-templates/doctrine/DOC-SRC-001-Source-Dossier.docx,04_INSTITUTION_AND_GOVERNANCE/institution/06-templates/doctrine/DOC-SRC-001-Source-Dossier.docx
439e28395bd8dd06c369a20ae4d3f80bf04841ec2382c753ac7b920905e6c6ce,40146,2,operations/templates/02-Doctrine/DOC-SRC-001-Source-Dossier.docx,80_HISTORICAL_AND_PREINTEGRATION_PACKAGES/operations/templates/02-Doctrine/DOC-SRC-001-Source-Dossier.docx
43be63ab26b7ef68a0adc893d5503c1831cfdb72101c4bbbf32d50da38d6d18d,2424,2,HTERP/HTERP_v0.2/protocols/HTERP-AI-anomalous-information.md,02_RESEARCH_AND_EVIDENCE/HTERP/HTERP_v0.2/protocols/HTERP-AI-anomalous-information.md
43be63ab26b7ef68a0adc893d5503c1831cfdb72101c4bbbf32d50da38d6d18d,2424,2,HTERP/HTERP_v1.4/protocols/HTERP-AI-anomalous-information.md,02_RESEARCH_AND_EVIDENCE/HTERP/HTERP_v1.4/protocols/HTERP-AI-anomalous-information.md
44136fa355b3678a1146ad16f7e8649e94fb4fc21fe77e8310c060f61caaff8a,2,11,community-platform/.next/dev/cache/next-devtools-config.json,06_DIGITAL_PLATFORM/community-platform/.next/dev/cache/next-devtools-config.json
44136fa355b3678a1146ad16f7e8649e94fb4fc21fe77e8310c060f61caaff8a,2,11,community-platform/.next/dev/server/app/about/page/react-loadable-manifest.json,06_DIGITAL_PLATFORM/community-platform/.next/dev/server/app/about/page/react-loadable-manifest.json
44136fa355b3678a1146ad16f7e8649e94fb4fc21fe77e8310c060f61caaff8a,2,11,community-platform/.next/dev/server/app/app/events/page/react-loadable-manifest.json,06_DIGITAL_PLATFORM/community-platform/.next/dev/server/app/app/events/page/react-loadable-manifest.json
44136fa355b3678a1146ad16f7e8649e94fb4fc21fe77e8310c060f61caaff8a,2,11,community-platform/.next/dev/server/app/app/giving/page/react-loadable-manifest.json,06_DIGITAL_PLATFORM/community-platform/.next/dev/server/app/app/giving/page/react-loadable-manifest.json
44136fa355b3678a1146ad16f7e8649e94fb4fc21fe77e8310c060f61caaff8a,2,11,community-platform/.next/dev/server/app/app/groups/page/react-loadable-manifest.json,06_DIGITAL_PLATFORM/community-platform/.next/dev/server/app/app/groups/page/react-loadable-manifest.json
44136fa355b3678a1146ad16f7e8649e94fb4fc21fe77e8310c060f61caaff8a,2,11,community-platform/.next/dev/server/app/app/learn/page/react-loadable-manifest.json,06_DIGITAL_PLATFORM/community-platform/.next/dev/server/app/app/learn/page/react-loadable-manifest.json
44136fa355b3678a1146ad16f7e8649e94fb4fc21fe77e8310c060f61caaff8a,2,11,community-platform/.next/dev/server/app/app/page/react-loadable-manifest.json,06_DIGITAL_PLATFORM/community-platform/.next/dev/server/app/app/page/react-loadable-manifest.json
44136fa355b3678a1146ad16f7e8649e94fb4fc21fe77e8310c060f61caaff8a,2,11,community-platform/.next/dev/server/app/governance/page/react-loadable-manifest.json,06_DIGITAL_PLATFORM/community-platform/.next/dev/server/app/governance/page/react-loadable-manifest.json
44136fa355b3678a1146ad16f7e8649e94fb4fc21fe77e8310c060f61caaff8a,2,11,community-platform/.next/dev/server/app/page/react-loadable-manifest.json,06_DIGITAL_PLATFORM/community-platform/.next/dev/server/app/page/react-loadable-manifest.json
44136fa355b3678a1146ad16f7e8649e94fb4fc21fe77e8310c060f61caaff8a,2,11,community-platform/.next/dev/server/app/research/page/react-loadable-manifest.json,06_DIGITAL_PLATFORM/community-platform/.next/dev/server/app/research/page/react-loadable-manifest.json
44136fa355b3678a1146ad16f7e8649e94fb4fc21fe77e8310c060f61caaff8a,2,11,community-platform/.next/dev/server/pages-manifest.json,06_DIGITAL_PLATFORM/community-platform/.next/dev/server/pages-manifest.json
4462219a10ce3a7482e3efa4f3e0540f2180e3db8fc4943bc4e4258ede34e671,3894,2,community-platform/node_modules/@supabase/realtime-js/dist/main/lib/transformers.d.ts,06_DIGITAL_PLATFORM/community-platform/node_modules/@supabase/realtime-js/dist/main/lib/transformers.d.ts
4462219a10ce3a7482e3efa4f3e0540f2180e3db8fc4943bc4e4258ede34e671,3894,2,community-platform/node_modules/@supabase/realtime-js/dist/module/lib/transformers.d.ts,06_DIGITAL_PLATFORM/community-platform/node_modules/@supabase/realtime-js/dist/module/lib/transformers.d.ts
446a50749b24d14deac6f8843e057a6355dd6437d1fac4f9e5ce4a5071f34bff,98,2,community-platform/node_modules/next/dist/esm/shared/lib/modern-browserslist-target.d.ts,06_DIGITAL_PLATFORM/community-platform/node_modules/next/dist/esm/shared/lib/modern-browserslist-target.d.ts
446a50749b24d14deac6f8843e057a6355dd6437d1fac4f9e5ce4a5071f34bff,98,2,community-platform/node_modules/next/dist/shared/lib/modern-browserslist-target.d.ts,06_DIGITAL_PLATFORM/community-platform/node_modules/next/dist/shared/lib/modern-browserslist-target.d.ts
447b6a80636a59c918ed18af1019de1efa94109a086e8fd8f3d20eb9b9a6937b,17646,2,community-platform/node_modules/iceberg-js/dist/index.d.cts,06_DIGITAL_PLATFORM/community-platform/node_modules/iceberg-js/dist/index.d.cts
447b6a80636a59c918ed18af1019de1efa94109a086e8fd8f3d20eb9b9a6937b,17646,2,community-platform/node_modules/iceberg-js/dist/index.d.ts,06_DIGITAL_PLATFORM/community-platform/node_modules/iceberg-js/dist/index.d.ts
44b6e205021afdb94b9fc9c0db9e41d0460e99c09bdd140b624c5d4368699e86,129,2,community-platform/node_modules/next/dist/esm/server/route-modules/app-page/vendored/contexts/router-context.js,06_DIGITAL_PLATFORM/community-platform/node_modules/next/dist/esm/server/route-modules/app-page/vendored/contexts/router-context.js
44b6e205021afdb94b9fc9c0db9e41d0460e99c09bdd140b624c5d4368699e86,129,2,community-platform/node_modules/next/dist/esm/server/route-modules/pages/vendored/contexts/router-context.js,06_DIGITAL_PLATFORM/community-platform/node_modules/next/dist/esm/server/route-modules/pages/vendored/contexts/router-context.js
44c897c33e2ce4e67329b131cbb0df541a5e46c1c4c550f7e4a37ed8b641e8d0,40621,2,Church/CH-017-Congregational-Meeting-Records-Standard.docx,80_HISTORICAL_AND_PREINTEGRATION_PACKAGES/Church/CH-017-Congregational-Meeting-Records-Standard.docx
44c897c33e2ce4e67329b131cbb0df541a5e46c1c4c550f7e4a37ed8b641e8d0,40621,2,institution/05-operations/membership/CH-017-Congregational-Meeting-Records-Standard.docx,04_INSTITUTION_AND_GOVERNANCE/institution/05-operations/membership/CH-017-Congregational-Meeting-Records-Standard.docx
44f1ded2d82390248e77e854637d8b1b13f50dd2960d4069d846b1cccfa912d7,770,4,forms/26_investigation_conflict_screen.md,80_HISTORICAL_AND_PREINTEGRATION_PACKAGES/forms/26_investigation_conflict_screen.md
44f1ded2d82390248e77e854637d8b1b13f50dd2960d4069d846b1cccfa912d7,770,4,institutional_integrity/institutional_integrity_v0_2_release/modular_source/forms/26_investigation_conflict_screen.md,05_INTEGRITY_SAFEGUARDING_AND_COMPLIANCE/institutional_integrity/institutional_integrity_v0_2_release/modular_source/forms/26_investigation_conflict_screen.md
44f1ded2d82390248e77e854637d8b1b13f50dd2960d4069d846b1cccfa912d7,770,4,institutional_integrity/institutional_integrity_v0_3/forms/26_investigation_conflict_screen.md,05_INTEGRITY_SAFEGUARDING_AND_COMPLIANCE/institutional_integrity/institutional_integrity_v0_3/forms/26_investigation_conflict_screen.md
44f1ded2d82390248e77e854637d8b1b13f50dd2960d4069d846b1cccfa912d7,770,4,institutional_integrity/institutional_integrity_v0_4/forms/26_investigation_conflict_screen.md,05_INTEGRITY_SAFEGUARDING_AND_COMPLIANCE/institutional_integrity/institutional_integrity_v0_4/forms/26_investigation_conflict_screen.md
450bfa85e44f279fc3515b682481c727f4031847be5667a162e3a5e71649296e,40439,2,Church/CH-037-Organizational-Minutes-and-Initial-Resolutions.docx,80_HISTORICAL_AND_PREINTEGRATION_PACKAGES/Church/CH-037-Organizational-Minutes-and-Initial-Resolutions.docx
450bfa85e44f279fc3515b682481c727f4031847be5667a162e3a5e71649296e,40439,2,institution/05-operations/compliance/CH-037-Organizational-Minutes-and-Initial-Resolutions.docx,04_INSTITUTION_AND_GOVERNANCE/institution/05-operations/compliance/CH-037-Organizational-Minutes-and-Initial-Resolutions.docx
45de09f2bde1c3c4424c0a54301e138d1a5e9fed3a798704aaf71b7916dd16b0,200770,2,community-platform/node_modules/next/dist/compiled/react-server-dom-webpack/cjs/react-server-dom-webpack-client.node.development.js,06_DIGITAL_PLATFORM/community-platform/node_modules/next/dist/compiled/react-server-dom-webpack/cjs/react-server-dom-webpack-client.node.development.js
45de09f2bde1c3c4424c0a54301e138d1a5e9fed3a798704aaf71b7916dd16b0,200770,2,community-platform/node_modules/next/dist/compiled/react-server-dom-webpack-experimental/cjs/react-server-dom-webpack-client.node.development.js,06_DIGITAL_PLATFORM/community-platform/node_modules/next/dist/compiled/react-server-dom-webpack-experimental/cjs/react-server-dom-webpack-client.node.development.js
461acf22179ca61656cdf44c8dfa513d222e0cb401f8be97a2b2e52d49233485,40082,2,institution/06-templates/doctrine/DOC-CLS-001-Classification-Decision.docx,04_INSTITUTION_AND_GOVERNANCE/institution/06-templates/doctrine/DOC-CLS-001-Classification-Decision.docx
461acf22179ca61656cdf44c8dfa513d222e0cb401f8be97a2b2e52d49233485,40082,2,operations/templates/02-Doctrine/DOC-CLS-001-Classification-Decision.docx,80_HISTORICAL_AND_PREINTEGRATION_PACKAGES/operations/templates/02-Doctrine/DOC-CLS-001-Classification-Decision.docx
4652589346c8863ed52a6415a407757b7f81d29d25115ab61f88d6181d329641,244,2,community-platform/node_modules/next/dist/api/link.js.map,06_DIGITAL_PLATFORM/community-platform/node_modules/next/dist/api/link.js.map
4652589346c8863ed52a6415a407757b7f81d29d25115ab61f88d6181d329641,244,2,community-platform/node_modules/next/dist/esm/api/link.js.map,06_DIGITAL_PLATFORM/community-platform/node_modules/next/dist/esm/api/link.js.map
47346212fa0ec5c7f3a9ab36c658cdce7bb02d4f66f00aa5e11cadc0ee258853,236,3,community-platform/node_modules/next/dist/compiled/react/jsx-runtime.react-server.js,06_DIGITAL_PLATFORM/community-platform/node_modules/next/dist/compiled/react/jsx-runtime.react-server.js
47346212fa0ec5c7f3a9ab36c658cdce7bb02d4f66f00aa5e11cadc0ee258853,236,3,community-platform/node_modules/next/dist/compiled/react-experimental/jsx-runtime.react-server.js,06_DIGITAL_PLATFORM/community-platform/node_modules/next/dist/compiled/react-experimental/jsx-runtime.react-server.js
47346212fa0ec5c7f3a9ab36c658cdce7bb02d4f66f00aa5e11cadc0ee258853,236,3,community-platform/node_modules/react/jsx-runtime.react-server.js,06_DIGITAL_PLATFORM/community-platform/node_modules/react/jsx-runtime.react-server.js
4739127e723fa6c8581fbb4fcce68fe11d77fc9bde9141b1dbb0868b84590b50,154,9,community-platform/.next/dev/server/chunks/ssr/_next-internal_server_app_about_page_actions_0xvgj07.js.map,06_DIGITAL_PLATFORM/community-platform/.next/dev/server/chunks/ssr/_next-internal_server_app_about_page_actions_0xvgj07.js.map
4739127e723fa6c8581fbb4fcce68fe11d77fc9bde9141b1dbb0868b84590b50,154,9,community-platform/.next/dev/server/chunks/ssr/_next-internal_server_app_app_events_page_actions_1xbilg0.js.map,06_DIGITAL_PLATFORM/community-platform/.next/dev/server/chunks/ssr/_next-internal_server_app_app_events_page_actions_1xbilg0.js.map
4739127e723fa6c8581fbb4fcce68fe11d77fc9bde9141b1dbb0868b84590b50,154,9,community-platform/.next/dev/server/chunks/ssr/_next-internal_server_app_app_giving_page_actions_1au6k73.js.map,06_DIGITAL_PLATFORM/community-platform/.next/dev/server/chunks/ssr/_next-internal_server_app_app_giving_page_actions_1au6k73.js.map
4739127e723fa6c8581fbb4fcce68fe11d77fc9bde9141b1dbb0868b84590b50,154,9,community-platform/.next/dev/server/chunks/ssr/_next-internal_server_app_app_groups_page_actions_0blx7uy.js.map,06_DIGITAL_PLATFORM/community-platform/.next/dev/server/chunks/ssr/_next-internal_server_app_app_groups_page_actions_0blx7uy.js.map
4739127e723fa6c8581fbb4fcce68fe11d77fc9bde9141b1dbb0868b84590b50,154,9,community-platform/.next/dev/server/chunks/ssr/_next-internal_server_app_app_learn_page_actions_0i-3xgj.js.map,06_DIGITAL_PLATFORM/community-platform/.next/dev/server/chunks/ssr/_next-internal_server_app_app_learn_page_actions_0i-3xgj.js.map
4739127e723fa6c8581fbb4fcce68fe11d77fc9bde9141b1dbb0868b84590b50,154,9,community-platform/.next/dev/server/chunks/ssr/_next-internal_server_app_app_page_actions_0u_ujkh.js.map,06_DIGITAL_PLATFORM/community-platform/.next/dev/server/chunks/ssr/_next-internal_server_app_app_page_actions_0u_ujkh.js.map
4739127e723fa6c8581fbb4fcce68fe11d77fc9bde9141b1dbb0868b84590b50,154,9,community-platform/.next/dev/server/chunks/ssr/_next-internal_server_app_governance_page_actions_1x7y4yc.js.map,06_DIGITAL_PLATFORM/community-platform/.next/dev/server/chunks/ssr/_next-internal_server_app_governance_page_actions_1x7y4yc.js.map
4739127e723fa6c8581fbb4fcce68fe11d77fc9bde9141b1dbb0868b84590b50,154,9,community-platform/.next/dev/server/chunks/ssr/_next-internal_server_app_page_actions_0hhsz1j.js.map,06_DIGITAL_PLATFORM/community-platform/.next/dev/server/chunks/ssr/_next-internal_server_app_page_actions_0hhsz1j.js.map
4739127e723fa6c8581fbb4fcce68fe11d77fc9bde9141b1dbb0868b84590b50,154,9,community-platform/.next/dev/server/chunks/ssr/_next-internal_server_app_research_page_actions_1hxzbjd.js.map,06_DIGITAL_PLATFORM/community-platform/.next/dev/server/chunks/ssr/_next-internal_server_app_research_page_actions_1hxzbjd.js.map
473ce2ec0424c34c78c8b8a2714e31e7ec8aff4a079d9dc2b7fb4e1320bacb67,402,2,community-platform/node_modules/@supabase/ssr/dist/main/warnOnce.d.ts,06_DIGITAL_PLATFORM/community-platform/node_modules/@supabase/ssr/dist/main/warnOnce.d.ts
473ce2ec0424c34c78c8b8a2714e31e7ec8aff4a079d9dc2b7fb4e1320bacb67,402,2,community-platform/node_modules/@supabase/ssr/dist/module/warnOnce.d.ts,06_DIGITAL_PLATFORM/community-platform/node_modules/@supabase/ssr/dist/module/warnOnce.d.ts
476e832543f8de73014a3d9e2aa04025f97d7a6f30213b44016859c826ecd381,1005,2,community-platform/node_modules/@supabase/realtime-js/dist/main/lib/serializer.d.ts,06_DIGITAL_PLATFORM/community-platform/node_modules/@supabase/realtime-js/dist/main/lib/serializer.d.ts
476e832543f8de73014a3d9e2aa04025f97d7a6f30213b44016859c826ecd381,1005,2,community-platform/node_modules/@supabase/realtime-js/dist/module/lib/serializer.d.ts,06_DIGITAL_PLATFORM/community-platform/node_modules/@supabase/realtime-js/dist/module/lib/serializer.d.ts
47a802124e98d416cd0d6f1b60aef2973912fbdf54ebfea36b01b64e0e2854c8,248,2,community-platform/node_modules/next/dist/compiled/react-server-dom-webpack/client.edge.js,06_DIGITAL_PLATFORM/community-platform/node_modules/next/dist/compiled/react-server-dom-webpack/client.edge.js
47a802124e98d416cd0d6f1b60aef2973912fbdf54ebfea36b01b64e0e2854c8,248,2,community-platform/node_modules/next/dist/compiled/react-server-dom-webpack-experimental/client.edge.js,06_DIGITAL_PLATFORM/community-platform/node_modules/next/dist/compiled/react-server-dom-webpack-experimental/client.edge.js
486589120a962721c8281b5acec2f6d49e60ce5f9d908cc814ddfe71c6163ace,218,3,community-platform/node_modules/next/dist/compiled/react/jsx-dev-runtime.js,06_DIGITAL_PLATFORM/community-platform/node_modules/next/dist/compiled/react/jsx-dev-runtime.js
486589120a962721c8281b5acec2f6d49e60ce5f9d908cc814ddfe71c6163ace,218,3,community-platform/node_modules/next/dist/compiled/react-experimental/jsx-dev-runtime.js,06_DIGITAL_PLATFORM/community-platform/node_modules/next/dist/compiled/react-experimental/jsx-dev-runtime.js
486589120a962721c8281b5acec2f6d49e60ce5f9d908cc814ddfe71c6163ace,218,3,community-platform/node_modules/react/jsx-dev-runtime.js,06_DIGITAL_PLATFORM/community-platform/node_modules/react/jsx-dev-runtime.js
48da2f39e100d4085767e94966b43f4fa95ff6a0698fba57ed460914e35f94a0,1109,6,community-platform/node_modules/next/dist/compiled/conf/LICENSE,06_DIGITAL_PLATFORM/community-platform/node_modules/next/dist/compiled/conf/LICENSE
48da2f39e100d4085767e94966b43f4fa95ff6a0698fba57ed460914e35f94a0,1109,6,community-platform/node_modules/next/dist/compiled/find-up/LICENSE,06_DIGITAL_PLATFORM/community-platform/node_modules/next/dist/compiled/find-up/LICENSE
48da2f39e100d4085767e94966b43f4fa95ff6a0698fba57ed460914e35f94a0,1109,6,community-platform/node_modules/next/dist/compiled/gzip-size/LICENSE,06_DIGITAL_PLATFORM/community-platform/node_modules/next/dist/compiled/gzip-size/LICENSE
48da2f39e100d4085767e94966b43f4fa95ff6a0698fba57ed460914e35f94a0,1109,6,community-platform/node_modules/next/dist/compiled/is-docker/LICENSE,06_DIGITAL_PLATFORM/community-platform/node_modules/next/dist/compiled/is-docker/LICENSE
48da2f39e100d4085767e94966b43f4fa95ff6a0698fba57ed460914e35f94a0,1109,6,community-platform/node_modules/next/dist/compiled/is-wsl/LICENSE,06_DIGITAL_PLATFORM/community-platform/node_modules/next/dist/compiled/is-wsl/LICENSE
48da2f39e100d4085767e94966b43f4fa95ff6a0698fba57ed460914e35f94a0,1109,6,community-platform/node_modules/next/dist/compiled/strip-ansi/LICENSE,06_DIGITAL_PLATFORM/community-platform/node_modules/next/dist/compiled/strip-ansi/LICENSE
48fb00647745a3d7fcf57a5b452fa86916db347502e464fd1d14e6d2df51f481,169,2,community-platform/node_modules/@supabase/auth-js/dist/main/AuthAdminApi.d.ts,06_DIGITAL_PLATFORM/community-platform/node_modules/@supabase/auth-js/dist/main/AuthAdminApi.d.ts
48fb00647745a3d7fcf57a5b452fa86916db347502e464fd1d14e6d2df51f481,169,2,community-platform/node_modules/@supabase/auth-js/dist/module/AuthAdminApi.d.ts,06_DIGITAL_PLATFORM/community-platform/node_modules/@supabase/auth-js/dist/module/AuthAdminApi.d.ts
49738ba6f18c56e45332ffe71ac892a80c328912af4bda6a76754f9013110c4e,40236,2,institution/06-templates/ministry/MIN-VER-F-001-Good-Standing-Verification.docx,04_INSTITUTION_AND_GOVERNANCE/institution/06-templates/ministry/MIN-VER-F-001-Good-Standing-Verification.docx
49738ba6f18c56e45332ffe71ac892a80c328912af4bda6a76754f9013110c4e,40236,2,operations/templates/06-Ministry/MIN-VER-F-001-Good-Standing-Verification.docx,80_HISTORICAL_AND_PREINTEGRATION_PACKAGES/operations/templates/06-Ministry/MIN-VER-F-001-Good-Standing-Verification.docx
4992c4a901a8e1138649c5e4afc5a76f013ad23bf2e0e7ce03c3fdb99db47106,985,2,institutional_integrity/institutional_integrity_v0_3/recordbook/60_authority_and_access_register.md,05_INTEGRITY_SAFEGUARDING_AND_COMPLIANCE/institutional_integrity/institutional_integrity_v0_3/recordbook/60_authority_and_access_register.md
4992c4a901a8e1138649c5e4afc5a76f013ad23bf2e0e7ce03c3fdb99db47106,985,2,institutional_integrity/institutional_integrity_v0_4/recordbook/60_authority_and_access_register.md,05_INTEGRITY_SAFEGUARDING_AND_COMPLIANCE/institutional_integrity/institutional_integrity_v0_4/recordbook/60_authority_and_access_register.md
4a02c5bed88c5203428efc35b4d6d9f89bd00ced9699d799d972311f298fe242,41687,2,institution/02-constitutional/SUCC-001/0.1.0/SUCC-001-Leadership-Succession-Code.docx,04_INSTITUTION_AND_GOVERNANCE/institution/02-constitutional/SUCC-001/0.1.0/SUCC-001-Leadership-Succession-Code.docx
4a02c5bed88c5203428efc35b4d6d9f89bd00ced9699d799d972311f298fe242,41687,2,SUCC-001-Leadership-Succession-Code.docx,80_HISTORICAL_AND_PREINTEGRATION_PACKAGES/top_level_institutional_exports/SUCC-001-Leadership-Succession-Code.docx
4b75c4e7a4f9c83020769eb669718ffe74979fff2329db255210468b053559b6,1271,2,community-platform/node_modules/@supabase/auth-js/dist/main/lib/error-codes.d.ts.map,06_DIGITAL_PLATFORM/community-platform/node_modules/@supabase/auth-js/dist/main/lib/error-codes.d.ts.map
4b75c4e7a4f9c83020769eb669718ffe74979fff2329db255210468b053559b6,1271,2,community-platform/node_modules/@supabase/auth-js/dist/module/lib/error-codes.d.ts.map,06_DIGITAL_PLATFORM/community-platform/node_modules/@supabase/auth-js/dist/module/lib/error-codes.d.ts.map
4b7f9583688ca034af016e278ec5b5e74760c7d1413e719d3b3cde8ecf856678,213,2,community-platform/node_modules/next/dist/api/navigation.react-server.js.map,06_DIGITAL_PLATFORM/community-platform/node_modules/next/dist/api/navigation.react-server.js.map
4b7f9583688ca034af016e278ec5b5e74760c7d1413e719d3b3cde8ecf856678,213,2,community-platform/node_modules/next/dist/esm/api/navigation.react-server.js.map,06_DIGITAL_PLATFORM/community-platform/node_modules/next/dist/esm/api/navigation.react-server.js.map
4d6342705767832f299b9a59c28e4275bcf02db19472732f93f67d979441df8f,467,2,community-platform/node_modules/client-only/package.json,06_DIGITAL_PLATFORM/community-platform/node_modules/client-only/package.json
4d6342705767832f299b9a59c28e4275bcf02db19472732f93f67d979441df8f,467,2,community-platform/node_modules/next/dist/compiled/client-only/package.json,06_DIGITAL_PLATFORM/community-platform/node_modules/next/dist/compiled/client-only/package.json
4e589485910cb31b2a239ddd70680a06bc1adeef950704fb27229ce655f249b2,40144,2,institution/06-templates/discipline/DISC-CLOSE-001-Case-Closure.docx,04_INSTITUTION_AND_GOVERNANCE/institution/06-templates/discipline/DISC-CLOSE-001-Case-Closure.docx
4e589485910cb31b2a239ddd70680a06bc1adeef950704fb27229ce655f249b2,40144,2,operations/templates/01-Discipline/DISC-CLOSE-001-Case-Closure.docx,80_HISTORICAL_AND_PREINTEGRATION_PACKAGES/operations/templates/01-Discipline/DISC-CLOSE-001-Case-Closure.docx
4e9ee859864ed6fb412e8d61bd1f9c86ec77823270b38088dc7c8891b4395c23,3680,2,HTERP/HTERP_v0.2/hypothesis_ledger_v0.2.md,02_RESEARCH_AND_EVIDENCE/HTERP/HTERP_v0.2/hypothesis_ledger_v0.2.md
4e9ee859864ed6fb412e8d61bd1f9c86ec77823270b38088dc7c8891b4395c23,3680,2,HTERP/HTERP_v1.4/hypothesis_ledger_v0.2.md,02_RESEARCH_AND_EVIDENCE/HTERP/HTERP_v1.4/hypothesis_ledger_v0.2.md
4eb71f44c717cbe56d636b58addb7ebfbd14664f58aebf1376317db49af29f2e,733,2,community-platform/node_modules/@supabase/auth-js/dist/main/lib/locks.d.ts.map,06_DIGITAL_PLATFORM/community-platform/node_modules/@supabase/auth-js/dist/main/lib/locks.d.ts.map
4eb71f44c717cbe56d636b58addb7ebfbd14664f58aebf1376317db49af29f2e,733,2,community-platform/node_modules/@supabase/auth-js/dist/module/lib/locks.d.ts.map,06_DIGITAL_PLATFORM/community-platform/node_modules/@supabase/auth-js/dist/module/lib/locks.d.ts.map
4ec3d4c66cd87f5c8d8ad911b10f99bf27cb00cdfcff82621956e379186b016b,765,2,community-platform/node_modules/next/dist/compiled/semver/LICENSE,06_DIGITAL_PLATFORM/community-platform/node_modules/next/dist/compiled/semver/LICENSE
4ec3d4c66cd87f5c8d8ad911b10f99bf27cb00cdfcff82621956e379186b016b,765,2,community-platform/node_modules/semver/LICENSE,06_DIGITAL_PLATFORM/community-platform/node_modules/semver/LICENSE
4f1bad288ada6326583a3e6a0a54d7627a03eac3b668adeea9dded12ac5656b8,11,2,community-platform/node_modules/@supabase/supabase-js/dist/tracing.d.cts,06_DIGITAL_PLATFORM/community-platform/node_modules/@supabase/supabase-js/dist/tracing.d.cts
4f1bad288ada6326583a3e6a0a54d7627a03eac3b668adeea9dded12ac5656b8,11,2,community-platform/node_modules/@supabase/supabase-js/dist/tracing.d.mts,06_DIGITAL_PLATFORM/community-platform/node_modules/@supabase/supabase-js/dist/tracing.d.mts
50352470b4ab8f6f3360d7cb10d4e35149beb2babc81aa0d43288d34284d6ec6,146,4,forms/28_evidence_log.csv,80_HISTORICAL_AND_PREINTEGRATION_PACKAGES/forms/28_evidence_log.csv
50352470b4ab8f6f3360d7cb10d4e35149beb2babc81aa0d43288d34284d6ec6,146,4,institutional_integrity/institutional_integrity_v0_2_release/modular_source/forms/28_evidence_log.csv,05_INTEGRITY_SAFEGUARDING_AND_COMPLIANCE/institutional_integrity/institutional_integrity_v0_2_release/modular_source/forms/28_evidence_log.csv
50352470b4ab8f6f3360d7cb10d4e35149beb2babc81aa0d43288d34284d6ec6,146,4,institutional_integrity/institutional_integrity_v0_3/forms/28_evidence_log.csv,05_INTEGRITY_SAFEGUARDING_AND_COMPLIANCE/institutional_integrity/institutional_integrity_v0_3/forms/28_evidence_log.csv
50352470b4ab8f6f3360d7cb10d4e35149beb2babc81aa0d43288d34284d6ec6,146,4,institutional_integrity/institutional_integrity_v0_4/forms/28_evidence_log.csv,05_INTEGRITY_SAFEGUARDING_AND_COMPLIANCE/institutional_integrity/institutional_integrity_v0_4/forms/28_evidence_log.csv
50d1f547cadbcda35ee45e71971856d86a7e88ae8b9512a799b1d5aaff471386,40375,2,Church/CH-045-Political-Campaign-Compliance-Policy.docx,80_HISTORICAL_AND_PREINTEGRATION_PACKAGES/Church/CH-045-Political-Campaign-Compliance-Policy.docx
50d1f547cadbcda35ee45e71971856d86a7e88ae8b9512a799b1d5aaff471386,40375,2,institution/05-operations/compliance/CH-045-Political-Campaign-Compliance-Policy.docx,04_INSTITUTION_AND_GOVERNANCE/institution/05-operations/compliance/CH-045-Political-Campaign-Compliance-Policy.docx
516510063b41dc6b0507444e8f3e060d1e8247bcd78e8a3e646b7f2517d27104,289566,2,institutional_integrity/institutional_integrity_v0_3_release/01_current_baseline/day_one_integrity_operations_manual_v0_2.pdf,05_INTEGRITY_SAFEGUARDING_AND_COMPLIANCE/institutional_integrity/institutional_integrity_v0_3_release/01_current_baseline/day_one_integrity_operations_manual_v0_2.pdf
516510063b41dc6b0507444e8f3e060d1e8247bcd78e8a3e646b7f2517d27104,289566,2,manuals/day_one_integrity_operations_manual_v0_2.pdf,80_HISTORICAL_AND_PREINTEGRATION_PACKAGES/manuals/day_one_integrity_operations_manual_v0_2.pdf
516a08c06660cddb50d5f30ccac29a0514b05724956a11e8a7e6b799f2e1ab72,28,2,community-platform/node_modules/@img/sharp-libvips-linux-x64/lib/index.js,06_DIGITAL_PLATFORM/community-platform/node_modules/@img/sharp-libvips-linux-x64/lib/index.js
516a08c06660cddb50d5f30ccac29a0514b05724956a11e8a7e6b799f2e1ab72,28,2,community-platform/node_modules/@img/sharp-libvips-linuxmusl-x64/lib/index.js,06_DIGITAL_PLATFORM/community-platform/node_modules/@img/sharp-libvips-linuxmusl-x64/lib/index.js
51dba737d764e7c687c7e5cef38bf3c7d7298976019a14c220175ff99bc89b61,589,2,community-platform/node_modules/@supabase/realtime-js/dist/main/lib/normalizeChannelError.d.ts,06_DIGITAL_PLATFORM/community-platform/node_modules/@supabase/realtime-js/dist/main/lib/normalizeChannelError.d.ts
51dba737d764e7c687c7e5cef38bf3c7d7298976019a14c220175ff99bc89b61,589,2,community-platform/node_modules/@supabase/realtime-js/dist/module/lib/normalizeChannelError.d.ts,06_DIGITAL_PLATFORM/community-platform/node_modules/@supabase/realtime-js/dist/module/lib/normalizeChannelError.d.ts
521c3081f0ba24ca4a6d1ad9c046ae7911c55a16c584298c6223940617387c99,284,2,community-platform/node_modules/next/dist/compiled/react-server-dom-webpack/index.js,06_DIGITAL_PLATFORM/community-platform/node_modules/next/dist/compiled/react-server-dom-webpack/index.js
521c3081f0ba24ca4a6d1ad9c046ae7911c55a16c584298c6223940617387c99,284,2,community-platform/node_modules/next/dist/compiled/react-server-dom-webpack-experimental/index.js,06_DIGITAL_PLATFORM/community-platform/node_modules/next/dist/compiled/react-server-dom-webpack-experimental/index.js
5223acf1a12cd453dcbf61ef59a461369cdc9557649c995a762a2a6b55981195,40569,2,Church/CH-018-Regular-Worship-Schedule.docx,80_HISTORICAL_AND_PREINTEGRATION_PACKAGES/Church/CH-018-Regular-Worship-Schedule.docx
5223acf1a12cd453dcbf61ef59a461369cdc9557649c995a762a2a6b55981195,40569,2,institution/05-operations/membership/CH-018-Regular-Worship-Schedule.docx,04_INSTITUTION_AND_GOVERNANCE/institution/05-operations/membership/CH-018-Regular-Worship-Schedule.docx
52412d7bc7ce4157ea628bbaacb8829e0a9cb3c58f57f99176126bc8cf2bfc85,1086,2,community-platform/node_modules/next/dist/compiled/jest-worker/LICENSE,06_DIGITAL_PLATFORM/community-platform/node_modules/next/dist/compiled/jest-worker/LICENSE
52412d7bc7ce4157ea628bbaacb8829e0a9cb3c58f57f99176126bc8cf2bfc85,1086,2,community-platform/node_modules/next/dist/compiled/react-refresh/LICENSE,06_DIGITAL_PLATFORM/community-platform/node_modules/next/dist/compiled/react-refresh/LICENSE
52d7bf389cb5ceec19de1a28fb5dbe74a792d565f4cd920621b5d6cf61f23f94,40274,2,institution/06-templates/ministry/MIN-APP-001-Candidate-Application.docx,04_INSTITUTION_AND_GOVERNANCE/institution/06-templates/ministry/MIN-APP-001-Candidate-Application.docx
52d7bf389cb5ceec19de1a28fb5dbe74a792d565f4cd920621b5d6cf61f23f94,40274,2,operations/templates/06-Ministry/MIN-APP-001-Candidate-Application.docx,80_HISTORICAL_AND_PREINTEGRATION_PACKAGES/operations/templates/06-Ministry/MIN-APP-001-Candidate-Application.docx
5306ccb85c8e678f00dc780e61c48b24c5fc2e4d3c056cb3943cdce2f8cada5e,44060,5,institutional_integrity/institutional_integrity_framework.md,05_INTEGRITY_SAFEGUARDING_AND_COMPLIANCE/institutional_integrity/institutional_integrity_framework.md
5306ccb85c8e678f00dc780e61c48b24c5fc2e4d3c056cb3943cdce2f8cada5e,44060,5,institutional_integrity/institutional_integrity_v0_2_release/modular_source/references/institutional_integrity_framework_v0_1.md,05_INTEGRITY_SAFEGUARDING_AND_COMPLIANCE/institutional_integrity/institutional_integrity_v0_2_release/modular_source/references/institutional_integrity_framework_v0_1.md
5306ccb85c8e678f00dc780e61c48b24c5fc2e4d3c056cb3943cdce2f8cada5e,44060,5,institutional_integrity/institutional_integrity_v0_3/references/institutional_integrity_framework_v0_1.md,05_INTEGRITY_SAFEGUARDING_AND_COMPLIANCE/institutional_integrity/institutional_integrity_v0_3/references/institutional_integrity_framework_v0_1.md
5306ccb85c8e678f00dc780e61c48b24c5fc2e4d3c056cb3943cdce2f8cada5e,44060,5,institutional_integrity/institutional_integrity_v0_4/references/institutional_integrity_framework_v0_1.md,05_INTEGRITY_SAFEGUARDING_AND_COMPLIANCE/institutional_integrity/institutional_integrity_v0_4/references/institutional_integrity_framework_v0_1.md
5306ccb85c8e678f00dc780e61c48b24c5fc2e4d3c056cb3943cdce2f8cada5e,44060,5,references/institutional_integrity_framework_v0_1.md,80_HISTORICAL_AND_PREINTEGRATION_PACKAGES/references/institutional_integrity_framework_v0_1.md
53220a11ec9a9212e3372912f4f704c6c6e12dea2ee008ea01f4f4690936892a,101,3,community-platform/node_modules/next/dist/compiled/react-dom/static.react-server.js,06_DIGITAL_PLATFORM/community-platform/node_modules/next/dist/compiled/react-dom/static.react-server.js
53220a11ec9a9212e3372912f4f704c6c6e12dea2ee008ea01f4f4690936892a,101,3,community-platform/node_modules/next/dist/compiled/react-dom-experimental/static.react-server.js,06_DIGITAL_PLATFORM/community-platform/node_modules/next/dist/compiled/react-dom-experimental/static.react-server.js
53220a11ec9a9212e3372912f4f704c6c6e12dea2ee008ea01f4f4690936892a,101,3,community-platform/node_modules/react-dom/static.react-server.js,06_DIGITAL_PLATFORM/community-platform/node_modules/react-dom/static.react-server.js
5371c236791ea01a7ac4ca924615b0aa52d9f4615abde33ec04c8a170ba833f0,40443,2,Church/CH-044-Insider-and-Related-Party-Transaction-Record.docx,80_HISTORICAL_AND_PREINTEGRATION_PACKAGES/Church/CH-044-Insider-and-Related-Party-Transaction-Record.docx
5371c236791ea01a7ac4ca924615b0aa52d9f4615abde33ec04c8a170ba833f0,40443,2,institution/05-operations/compliance/CH-044-Insider-and-Related-Party-Transaction-Record.docx,04_INSTITUTION_AND_GOVERNANCE/institution/05-operations/compliance/CH-044-Insider-and-Related-Party-Transaction-Record.docx
546d1ad72fe732f98581128ccf09349a61384e3cd4caf6e4019ffc9e9df51ad4,535,4,forms/31_discipline_notice_template.md,80_HISTORICAL_AND_PREINTEGRATION_PACKAGES/forms/31_discipline_notice_template.md
546d1ad72fe732f98581128ccf09349a61384e3cd4caf6e4019ffc9e9df51ad4,535,4,institutional_integrity/institutional_integrity_v0_2_release/modular_source/forms/31_discipline_notice_template.md,05_INTEGRITY_SAFEGUARDING_AND_COMPLIANCE/institutional_integrity/institutional_integrity_v0_2_release/modular_source/forms/31_discipline_notice_template.md
546d1ad72fe732f98581128ccf09349a61384e3cd4caf6e4019ffc9e9df51ad4,535,4,institutional_integrity/institutional_integrity_v0_3/forms/31_discipline_notice_template.md,05_INTEGRITY_SAFEGUARDING_AND_COMPLIANCE/institutional_integrity/institutional_integrity_v0_3/forms/31_discipline_notice_template.md
546d1ad72fe732f98581128ccf09349a61384e3cd4caf6e4019ffc9e9df51ad4,535,4,institutional_integrity/institutional_integrity_v0_4/forms/31_discipline_notice_template.md,05_INTEGRITY_SAFEGUARDING_AND_COMPLIANCE/institutional_integrity/institutional_integrity_v0_4/forms/31_discipline_notice_template.md
5483e3295dc35dfe29ea932efc85341c916f10ff78ff5b0e965e003710893a4a,96,2,community-platform/.next/dev/static/development/_clientMiddlewareManifest.js,06_DIGITAL_PLATFORM/community-platform/.next/dev/static/development/_clientMiddlewareManifest.js
5483e3295dc35dfe29ea932efc85341c916f10ff78ff5b0e965e003710893a4a,96,2,community-platform/node_modules/next/dist/bundle-analyzer/_next/static/JlFZhnlf12ZVFXnzUlVmH/_clientMiddlewareManifest.js,06_DIGITAL_PLATFORM/community-platform/node_modules/next/dist/bundle-analyzer/_next/static/JlFZhnlf12ZVFXnzUlVmH/_clientMiddlewareManifest.js
5486fecb0cc48203ed650b3cafc1435c70f071bf369478da46f30f39189bcbe8,267709,2,institutional_integrity/institutional_integrity_v0_3_release/02_founding_transaction/founding_board_adoption_packet_v0_3.pdf,05_INTEGRITY_SAFEGUARDING_AND_COMPLIANCE/institutional_integrity/institutional_integrity_v0_3_release/02_founding_transaction/founding_board_adoption_packet_v0_3.pdf
5486fecb0cc48203ed650b3cafc1435c70f071bf369478da46f30f39189bcbe8,267709,2,institutional_integrity/institutional_integrity_v0_4_release/06_prior_baseline/founding_board_adoption_packet_v0_3.pdf,05_INTEGRITY_SAFEGUARDING_AND_COMPLIANCE/institutional_integrity/institutional_integrity_v0_4_release/06_prior_baseline/founding_board_adoption_packet_v0_3.pdf
54a196f1c7ede79d26a93a5ea17c77f6af04c413b99bbde8f2ff6aa7fb799b40,1684,4,institutional_integrity/institutional_integrity_v0_2_release/modular_source/operations/20_external_integrity_review_terms.md,05_INTEGRITY_SAFEGUARDING_AND_COMPLIANCE/institutional_integrity/institutional_integrity_v0_2_release/modular_source/operations/20_external_integrity_review_terms.md
54a196f1c7ede79d26a93a5ea17c77f6af04c413b99bbde8f2ff6aa7fb799b40,1684,4,institutional_integrity/institutional_integrity_v0_3/operations/20_external_integrity_review_terms.md,05_INTEGRITY_SAFEGUARDING_AND_COMPLIANCE/institutional_integrity/institutional_integrity_v0_3/operations/20_external_integrity_review_terms.md
54a196f1c7ede79d26a93a5ea17c77f6af04c413b99bbde8f2ff6aa7fb799b40,1684,4,institutional_integrity/institutional_integrity_v0_4/operations/20_external_integrity_review_terms.md,05_INTEGRITY_SAFEGUARDING_AND_COMPLIANCE/institutional_integrity/institutional_integrity_v0_4/operations/20_external_integrity_review_terms.md
54a196f1c7ede79d26a93a5ea17c77f6af04c413b99bbde8f2ff6aa7fb799b40,1684,4,operations/20_external_integrity_review_terms.md,80_HISTORICAL_AND_PREINTEGRATION_PACKAGES/operations/20_external_integrity_review_terms.md
55534027984ea53f1a232c4c0517fd21858e441fa7786a29f16ec235f2dc1568,12243,2,institutional_integrity/institutional_integrity_v0_4/tax_v04/form_1023_three_year_financial_projection_v0_4.xlsx,05_INTEGRITY_SAFEGUARDING_AND_COMPLIANCE/institutional_integrity/institutional_integrity_v0_4/tax_v04/form_1023_three_year_financial_projection_v0_4.xlsx
55534027984ea53f1a232c4c0517fd21858e441fa7786a29f16ec235f2dc1568,12243,2,institutional_integrity/institutional_integrity_v0_4_release/03_tax/form_1023_three_year_financial_projection_v0_4.xlsx,05_INTEGRITY_SAFEGUARDING_AND_COMPLIANCE/institutional_integrity/institutional_integrity_v0_4_release/03_tax/form_1023_three_year_financial_projection_v0_4.xlsx
563248f99fb6f8bb5bf907522bb573e5bb276657751208a7f78f967ee090ed55,2400,2,community-platform/node_modules/next/dist/bundle-analyzer/__next._index.txt,06_DIGITAL_PLATFORM/community-platform/node_modules/next/dist/bundle-analyzer/__next._index.txt
563248f99fb6f8bb5bf907522bb573e5bb276657751208a7f78f967ee090ed55,2400,2,community-platform/node_modules/next/dist/bundle-analyzer/_not-found/__next._index.txt,06_DIGITAL_PLATFORM/community-platform/node_modules/next/dist/bundle-analyzer/_not-found/__next._index.txt
569e218ba41f55283dd4fc0f04b27f4dcb2f7f4fe8dad0bea3738a440ce961c1,144,2,community-platform/node_modules/@supabase/auth-js/dist/main/lib/polyfills.d.ts,06_DIGITAL_PLATFORM/community-platform/node_modules/@supabase/auth-js/dist/main/lib/polyfills.d.ts
569e218ba41f55283dd4fc0f04b27f4dcb2f7f4fe8dad0bea3738a440ce961c1,144,2,community-platform/node_modules/@supabase/auth-js/dist/module/lib/polyfills.d.ts,06_DIGITAL_PLATFORM/community-platform/node_modules/@supabase/auth-js/dist/module/lib/polyfills.d.ts
56c05ad374e16a9654a5078c5d98d296c30afb5688983a3a15439c3141bcbc98,110782,2,provisional_theological_baseline_v0_8.pdf,80_HISTORICAL_AND_PREINTEGRATION_PACKAGES/top_level_foundational_exports/provisional_theological_baseline_v0_8.pdf
56c05ad374e16a9654a5078c5d98d296c30afb5688983a3a15439c3141bcbc98,110782,2,reference_v0.8/provisional_theological_baseline_v0_8.pdf,03_RELEASES_AND_BASELINES/reference_v0.8/provisional_theological_baseline_v0_8.pdf
56df0592364e1c299d7d8314f6bbbc45374d7b20026ad5ae66af24292b729405,3833,3,HTERP/HTERP_v0.1/source_ledger.md,02_RESEARCH_AND_EVIDENCE/HTERP/HTERP_v0.1/source_ledger.md
56df0592364e1c299d7d8314f6bbbc45374d7b20026ad5ae66af24292b729405,3833,3,HTERP/HTERP_v0.2/source_ledger.md,02_RESEARCH_AND_EVIDENCE/HTERP/HTERP_v0.2/source_ledger.md
56df0592364e1c299d7d8314f6bbbc45374d7b20026ad5ae66af24292b729405,3833,3,HTERP/HTERP_v1.4/source_ledger.md,02_RESEARCH_AND_EVIDENCE/HTERP/HTERP_v1.4/source_ledger.md
57d5f9d4373e34ef4d0d4d36f1d6fa9fbbb868a1c60d6cbd1993e6b2460ab5f5,67,39,community-platform/node_modules/next/dist/build/page-extensions-type.js.map,06_DIGITAL_PLATFORM/community-platform/node_modules/next/dist/build/page-extensions-type.js.map
57d5f9d4373e34ef4d0d4d36f1d6fa9fbbb868a1c60d6cbd1993e6b2460ab5f5,67,39,community-platform/node_modules/next/dist/build/static-paths/types.js.map,06_DIGITAL_PLATFORM/community-platform/node_modules/next/dist/build/static-paths/types.js.map
57d5f9d4373e34ef4d0d4d36f1d6fa9fbbb868a1c60d6cbd1993e6b2460ab5f5,67,39,community-platform/node_modules/next/dist/build/swc/types.js.map,06_DIGITAL_PLATFORM/community-platform/node_modules/next/dist/build/swc/types.js.map
57d5f9d4373e34ef4d0d4d36f1d6fa9fbbb868a1c60d6cbd1993e6b2460ab5f5,67,39,community-platform/node_modules/next/dist/client/router-transition-types.js.map,06_DIGITAL_PLATFORM/community-platform/node_modules/next/dist/client/router-transition-types.js.map
57d5f9d4373e34ef4d0d4d36f1d6fa9fbbb868a1c60d6cbd1993e6b2460ab5f5,67,39,community-platform/node_modules/next/dist/experimental/testmode/playwright/next-options.js.map,06_DIGITAL_PLATFORM/community-platform/node_modules/next/dist/experimental/testmode/playwright/next-options.js.map
57d5f9d4373e34ef4d0d4d36f1d6fa9fbbb868a1c60d6cbd1993e6b2460ab5f5,67,39,community-platform/node_modules/next/dist/export/routes/types.js.map,06_DIGITAL_PLATFORM/community-platform/node_modules/next/dist/export/routes/types.js.map
57d5f9d4373e34ef4d0d4d36f1d6fa9fbbb868a1c60d6cbd1993e6b2460ab5f5,67,39,community-platform/node_modules/next/dist/export/types.js.map,06_DIGITAL_PLATFORM/community-platform/node_modules/next/dist/export/types.js.map
57d5f9d4373e34ef4d0d4d36f1d6fa9fbbb868a1c60d6cbd1993e6b2460ab5f5,67,39,community-platform/node_modules/next/dist/lib/metadata/types/icons.js.map,06_DIGITAL_PLATFORM/community-platform/node_modules/next/dist/lib/metadata/types/icons.js.map
57d5f9d4373e34ef4d0d4d36f1d6fa9fbbb868a1c60d6cbd1993e6b2460ab5f5,67,39,community-platform/node_modules/next/dist/lib/metadata/types/manifest-types.js.map,06_DIGITAL_PLATFORM/community-platform/node_modules/next/dist/lib/metadata/types/manifest-types.js.map
57d5f9d4373e34ef4d0d4d36f1d6fa9fbbb868a1c60d6cbd1993e6b2460ab5f5,67,39,community-platform/node_modules/next/dist/lib/metadata/types/opengraph-types.js.map,06_DIGITAL_PLATFORM/community-platform/node_modules/next/dist/lib/metadata/types/opengraph-types.js.map
57d5f9d4373e34ef4d0d4d36f1d6fa9fbbb868a1c60d6cbd1993e6b2460ab5f5,67,39,community-platform/node_modules/next/dist/lib/metadata/types/resolvers.js.map,06_DIGITAL_PLATFORM/community-platform/node_modules/next/dist/lib/metadata/types/resolvers.js.map
57d5f9d4373e34ef4d0d4d36f1d6fa9fbbb868a1c60d6cbd1993e6b2460ab5f5,67,39,community-platform/node_modules/next/dist/next-devtools/shared/hydration-error.js.map,06_DIGITAL_PLATFORM/community-platform/node_modules/next/dist/next-devtools/shared/hydration-error.js.map
57d5f9d4373e34ef4d0d4d36f1d6fa9fbbb868a1c60d6cbd1993e6b2460ab5f5,67,39,community-platform/node_modules/next/dist/next-devtools/shared/types.js.map,06_DIGITAL_PLATFORM/community-platform/node_modules/next/dist/next-devtools/shared/types.js.map
57d5f9d4373e34ef4d0d4d36f1d6fa9fbbb868a1c60d6cbd1993e6b2460ab5f5,67,39,community-platform/node_modules/next/dist/server/async-storage/with-store.js.map,06_DIGITAL_PLATFORM/community-platform/node_modules/next/dist/server/async-storage/with-store.js.map
57d5f9d4373e34ef4d0d4d36f1d6fa9fbbb868a1c60d6cbd1993e6b2460ab5f5,67,39,community-platform/node_modules/next/dist/server/instrumentation/types.js.map,06_DIGITAL_PLATFORM/community-platform/node_modules/next/dist/server/instrumentation/types.js.map
57d5f9d4373e34ef4d0d4d36f1d6fa9fbbb868a1c60d6cbd1993e6b2460ab5f5,67,39,community-platform/node_modules/next/dist/server/lib/router-utils/types.js.map,06_DIGITAL_PLATFORM/community-platform/node_modules/next/dist/server/lib/router-utils/types.js.map
57d5f9d4373e34ef4d0d4d36f1d6fa9fbbb868a1c60d6cbd1993e6b2460ab5f5,67,39,community-platform/node_modules/next/dist/server/lib/types.js.map,06_DIGITAL_PLATFORM/community-platform/node_modules/next/dist/server/lib/types.js.map
57d5f9d4373e34ef4d0d4d36f1d6fa9fbbb868a1c60d6cbd1993e6b2460ab5f5,67,39,community-platform/node_modules/next/dist/server/normalizers/normalizer.js.map,06_DIGITAL_PLATFORM/community-platform/node_modules/next/dist/server/normalizers/normalizer.js.map
57d5f9d4373e34ef4d0d4d36f1d6fa9fbbb868a1c60d6cbd1993e6b2460ab5f5,67,39,community-platform/node_modules/next/dist/server/normalizers/request/pathname-normalizer.js.map,06_DIGITAL_PLATFORM/community-platform/node_modules/next/dist/server/normalizers/request/pathname-normalizer.js.map
57d5f9d4373e34ef4d0d4d36f1d6fa9fbbb868a1c60d6cbd1993e6b2460ab5f5,67,39,community-platform/node_modules/next/dist/server/route-definitions/app-route-route-definition.js.map,06_DIGITAL_PLATFORM/community-platform/node_modules/next/dist/server/route-definitions/app-route-route-definition.js.map
57d5f9d4373e34ef4d0d4d36f1d6fa9fbbb868a1c60d6cbd1993e6b2460ab5f5,67,39,community-platform/node_modules/next/dist/server/route-definitions/locale-route-definition.js.map,06_DIGITAL_PLATFORM/community-platform/node_modules/next/dist/server/route-definitions/locale-route-definition.js.map
57d5f9d4373e34ef4d0d4d36f1d6fa9fbbb868a1c60d6cbd1993e6b2460ab5f5,67,39,community-platform/node_modules/next/dist/server/route-definitions/pages-api-route-definition.js.map,06_DIGITAL_PLATFORM/community-platform/node_modules/next/dist/server/route-definitions/pages-api-route-definition.js.map
57d5f9d4373e34ef4d0d4d36f1d6fa9fbbb868a1c60d6cbd1993e6b2460ab5f5,67,39,community-platform/node_modules/next/dist/server/route-definitions/pages-route-definition.js.map,06_DIGITAL_PLATFORM/community-platform/node_modules/next/dist/server/route-definitions/pages-route-definition.js.map
57d5f9d4373e34ef4d0d4d36f1d6fa9fbbb868a1c60d6cbd1993e6b2460ab5f5,67,39,community-platform/node_modules/next/dist/server/route-definitions/route-definition.js.map,06_DIGITAL_PLATFORM/community-platform/node_modules/next/dist/server/route-definitions/route-definition.js.map
57d5f9d4373e34ef4d0d4d36f1d6fa9fbbb868a1c60d6cbd1993e6b2460ab5f5,67,39,community-platform/node_modules/next/dist/server/route-matcher-managers/route-matcher-manager.js.map,06_DIGITAL_PLATFORM/community-platform/node_modules/next/dist/server/route-matcher-managers/route-matcher-manager.js.map
57d5f9d4373e34ef4d0d4d36f1d6fa9fbbb868a1c60d6cbd1993e6b2460ab5f5,67,39,community-platform/node_modules/next/dist/server/route-matcher-providers/dev/helpers/file-reader/file-reader.js.map,06_DIGITAL_PLATFORM/community-platform/node_modules/next/dist/server/route-matcher-providers/dev/helpers/file-reader/file-reader.js.map
57d5f9d4373e34ef4d0d4d36f1d6fa9fbbb868a1c60d6cbd1993e6b2460ab5f5,67,39,community-platform/node_modules/next/dist/server/route-matcher-providers/helpers/manifest-loaders/manifest-loader.js.map,06_DIGITAL_PLATFORM/community-platform/node_modules/next/dist/server/route-matcher-providers/helpers/manifest-loaders/manifest-loader.js.map
57d5f9d4373e34ef4d0d4d36f1d6fa9fbbb868a1c60d6cbd1993e6b2460ab5f5,67,39,community-platform/node_modules/next/dist/server/route-matcher-providers/route-matcher-provider.js.map,06_DIGITAL_PLATFORM/community-platform/node_modules/next/dist/server/route-matcher-providers/route-matcher-provider.js.map
57d5f9d4373e34ef4d0d4d36f1d6fa9fbbb868a1c60d6cbd1993e6b2460ab5f5,67,39,community-platform/node_modules/next/dist/server/route-matches/app-page-route-match.js.map,06_DIGITAL_PLATFORM/community-platform/node_modules/next/dist/server/route-matches/app-page-route-match.js.map
57d5f9d4373e34ef4d0d4d36f1d6fa9fbbb868a1c60d6cbd1993e6b2460ab5f5,67,39,community-platform/node_modules/next/dist/server/route-matches/app-route-route-match.js.map,06_DIGITAL_PLATFORM/community-platform/node_modules/next/dist/server/route-matches/app-route-route-match.js.map
57d5f9d4373e34ef4d0d4d36f1d6fa9fbbb868a1c60d6cbd1993e6b2460ab5f5,67,39,community-platform/node_modules/next/dist/server/route-matches/locale-route-match.js.map,06_DIGITAL_PLATFORM/community-platform/node_modules/next/dist/server/route-matches/locale-route-match.js.map
57d5f9d4373e34ef4d0d4d36f1d6fa9fbbb868a1c60d6cbd1993e6b2460ab5f5,67,39,community-platform/node_modules/next/dist/server/route-matches/pages-route-match.js.map,06_DIGITAL_PLATFORM/community-platform/node_modules/next/dist/server/route-matches/pages-route-match.js.map
57d5f9d4373e34ef4d0d4d36f1d6fa9fbbb868a1c60d6cbd1993e6b2460ab5f5,67,39,community-platform/node_modules/next/dist/server/route-matches/route-match.js.map,06_DIGITAL_PLATFORM/community-platform/node_modules/next/dist/server/route-matches/route-match.js.map
57d5f9d4373e34ef4d0d4d36f1d6fa9fbbb868a1c60d6cbd1993e6b2460ab5f5,67,39,community-platform/node_modules/next/dist/server/web/types.js.map,06_DIGITAL_PLATFORM/community-platform/node_modules/next/dist/server/web/types.js.map
57d5f9d4373e34ef4d0d4d36f1d6fa9fbbb868a1c60d6cbd1993e6b2460ab5f5,67,39,community-platform/node_modules/next/dist/shared/lib/lazy-dynamic/types.js.map,06_DIGITAL_PLATFORM/community-platform/node_modules/next/dist/shared/lib/lazy-dynamic/types.js.map
57d5f9d4373e34ef4d0d4d36f1d6fa9fbbb868a1c60d6cbd1993e6b2460ab5f5,67,39,community-platform/node_modules/next/dist/shared/lib/mcp-error-types.js.map,06_DIGITAL_PLATFORM/community-platform/node_modules/next/dist/shared/lib/mcp-error-types.js.map
57d5f9d4373e34ef4d0d4d36f1d6fa9fbbb868a1c60d6cbd1993e6b2460ab5f5,67,39,community-platform/node_modules/next/dist/shared/lib/mcp-page-metadata-types.js.map,06_DIGITAL_PLATFORM/community-platform/node_modules/next/dist/shared/lib/mcp-page-metadata-types.js.map
57d5f9d4373e34ef4d0d4d36f1d6fa9fbbb868a1c60d6cbd1993e6b2460ab5f5,67,39,community-platform/node_modules/next/dist/trace/report/types.js.map,06_DIGITAL_PLATFORM/community-platform/node_modules/next/dist/trace/report/types.js.map
57d5f9d4373e34ef4d0d4d36f1d6fa9fbbb868a1c60d6cbd1993e6b2460ab5f5,67,39,community-platform/node_modules/next/dist/trace/types.js.map,06_DIGITAL_PLATFORM/community-platform/node_modules/next/dist/trace/types.js.map
581dd3382a0827cc5d9cc2dd0367e6ffb58553d3655541b6c388f7180971ae73,2594,2,HTERP/HTERP_v0.2/dossiers/HTE-048-fraud-controls.md,02_RESEARCH_AND_EVIDENCE/HTERP/HTERP_v0.2/dossiers/HTE-048-fraud-controls.md
581dd3382a0827cc5d9cc2dd0367e6ffb58553d3655541b6c388f7180971ae73,2594,2,HTERP/HTERP_v1.4/dossiers/HTE-048-fraud-controls.md,02_RESEARCH_AND_EVIDENCE/HTERP/HTERP_v1.4/dossiers/HTE-048-fraud-controls.md
588de63bee5d1af0240973203754752a63f017033070515f54053a1f6c707bcd,954,2,institutional_integrity/institutional_integrity_v0_3/founding/49_officer_acceptance.md,05_INTEGRITY_SAFEGUARDING_AND_COMPLIANCE/institutional_integrity/institutional_integrity_v0_3/founding/49_officer_acceptance.md
588de63bee5d1af0240973203754752a63f017033070515f54053a1f6c707bcd,954,2,institutional_integrity/institutional_integrity_v0_4/founding/49_officer_acceptance.md,05_INTEGRITY_SAFEGUARDING_AND_COMPLIANCE/institutional_integrity/institutional_integrity_v0_4/founding/49_officer_acceptance.md
58b9be02cba0307412688fa7022b2ce20362f5552e055c74d67b5dd668183508,24,2,community-platform/node_modules/next/dist/client/app-next-dev.d.ts,06_DIGITAL_PLATFORM/community-platform/node_modules/next/dist/client/app-next-dev.d.ts
58b9be02cba0307412688fa7022b2ce20362f5552e055c74d67b5dd668183508,24,2,community-platform/node_modules/next/dist/client/app-next.d.ts,06_DIGITAL_PLATFORM/community-platform/node_modules/next/dist/client/app-next.d.ts
5908a4335db4e4f86d25d7444e17b03bee74d3bd597c7b16c54904681e6eca56,1651,2,community-platform/node_modules/@supabase/realtime-js/dist/main/lib/websocket-factory.d.ts.map,06_DIGITAL_PLATFORM/community-platform/node_modules/@supabase/realtime-js/dist/main/lib/websocket-factory.d.ts.map
5908a4335db4e4f86d25d7444e17b03bee74d3bd597c7b16c54904681e6eca56,1651,2,community-platform/node_modules/@supabase/realtime-js/dist/module/lib/websocket-factory.d.ts.map,06_DIGITAL_PLATFORM/community-platform/node_modules/@supabase/realtime-js/dist/module/lib/websocket-factory.d.ts.map
5952aaaa4219a177d3ddbb8a3feb2958d51a5a7d17da2d6dacf9cf6c133da700,116,2,community-platform/node_modules/@supabase/realtime-js/dist/main/phoenix/types.js.map,06_DIGITAL_PLATFORM/community-platform/node_modules/@supabase/realtime-js/dist/main/phoenix/types.js.map
5952aaaa4219a177d3ddbb8a3feb2958d51a5a7d17da2d6dacf9cf6c133da700,116,2,community-platform/node_modules/@supabase/realtime-js/dist/module/phoenix/types.js.map,06_DIGITAL_PLATFORM/community-platform/node_modules/@supabase/realtime-js/dist/module/phoenix/types.js.map
59a7e44ffde1a739dd2366f2f7a52747dc19e301c161fb43ae56bbe0e9709718,40263,2,institution/06-templates/discipline/DISC-SAN-001-Sanction-Remedy-Order.docx,04_INSTITUTION_AND_GOVERNANCE/institution/06-templates/discipline/DISC-SAN-001-Sanction-Remedy-Order.docx
59a7e44ffde1a739dd2366f2f7a52747dc19e301c161fb43ae56bbe0e9709718,40263,2,operations/templates/01-Discipline/DISC-SAN-001-Sanction-Remedy-Order.docx,80_HISTORICAL_AND_PREINTEGRATION_PACKAGES/operations/templates/01-Discipline/DISC-SAN-001-Sanction-Remedy-Order.docx
59cfbb7a2dd9a94b0e0675cb97eb34a9310bafc06e5220363c2b6f0311b73b3d,132385,2,reference_v0.8/theological_research_method_and_library_of_witnesses_v0_8.pdf,03_RELEASES_AND_BASELINES/reference_v0.8/theological_research_method_and_library_of_witnesses_v0_8.pdf
59cfbb7a2dd9a94b0e0675cb97eb34a9310bafc06e5220363c2b6f0311b73b3d,132385,2,theological_research_method_and_library_of_witnesses_v0_8.pdf,80_HISTORICAL_AND_PREINTEGRATION_PACKAGES/top_level_foundational_exports/theological_research_method_and_library_of_witnesses_v0_8.pdf
5ab563d1ed2b3269236506fe25c9b5a4b936849cd64bfeab438a33790f83dcc0,30976,2,institution/06-templates/Operational-Template-Control-Workbook.xlsx,04_INSTITUTION_AND_GOVERNANCE/institution/06-templates/Operational-Template-Control-Workbook.xlsx
5ab563d1ed2b3269236506fe25c9b5a4b936849cd64bfeab438a33790f83dcc0,30976,2,operations/templates/Operational-Template-Control-Workbook.xlsx,80_HISTORICAL_AND_PREINTEGRATION_PACKAGES/operations/templates/Operational-Template-Control-Workbook.xlsx
5aba4ed18fd36f3f6c4c118d0630ca3aedf5b9d4547370d04be762681f608754,48971,3,release/references_v1_0/constitution_of_the_way_v1_0.docx,03_RELEASES_AND_BASELINES/release_v1_1/references_v1_0/constitution_of_the_way_v1_0.docx
5aba4ed18fd36f3f6c4c118d0630ca3aedf5b9d4547370d04be762681f608754,48971,3,release_v1_0/constitution_of_the_way_v1_0.docx,03_RELEASES_AND_BASELINES/release_v1_0/constitution_of_the_way_v1_0.docx
5aba4ed18fd36f3f6c4c118d0630ca3aedf5b9d4547370d04be762681f608754,48971,3,release_v1_2/reference_v1_0/constitution_of_the_way_v1_0.docx,03_RELEASES_AND_BASELINES/release_v1_2/reference_v1_0/constitution_of_the_way_v1_0.docx
5afd0cc77d5404c5e4f328e7fdbb0d813d5cdc9bc6174d2c97f28826d7f46523,92,2,community-platform/node_modules/next/dist/compiled/react-server-dom-webpack/node-register.js,06_DIGITAL_PLATFORM/community-platform/node_modules/next/dist/compiled/react-server-dom-webpack/node-register.js
5afd0cc77d5404c5e4f328e7fdbb0d813d5cdc9bc6174d2c97f28826d7f46523,92,2,community-platform/node_modules/next/dist/compiled/react-server-dom-webpack-experimental/node-register.js,06_DIGITAL_PLATFORM/community-platform/node_modules/next/dist/compiled/react-server-dom-webpack-experimental/node-register.js
5b4801f417d7a3c067927aaa99e3054a289bed3493acbe4b0ce5555134a27ae4,1668,2,institutional_integrity/institutional_integrity_v0_3/founding/51_banking_resolution.md,05_INTEGRITY_SAFEGUARDING_AND_COMPLIANCE/institutional_integrity/institutional_integrity_v0_3/founding/51_banking_resolution.md
5b4801f417d7a3c067927aaa99e3054a289bed3493acbe4b0ce5555134a27ae4,1668,2,institutional_integrity/institutional_integrity_v0_4/founding/51_banking_resolution.md,05_INTEGRITY_SAFEGUARDING_AND_COMPLIANCE/institutional_integrity/institutional_integrity_v0_4/founding/51_banking_resolution.md
5b9f48dd994553491c40017b73a06c235b31b4c72829f0e1fedeaf0fd2ee743c,40318,2,institution/06-templates/governance/GOV-DEC-001-Decision-Resolution.docx,04_INSTITUTION_AND_GOVERNANCE/institution/06-templates/governance/GOV-DEC-001-Decision-Resolution.docx
5b9f48dd994553491c40017b73a06c235b31b4c72829f0e1fedeaf0fd2ee743c,40318,2,operations/templates/04-Governance/GOV-DEC-001-Decision-Resolution.docx,80_HISTORICAL_AND_PREINTEGRATION_PACKAGES/operations/templates/04-Governance/GOV-DEC-001-Decision-Resolution.docx
5c00456a0180b7b6b2366348f7218b0ea2c3a85c7fefe24c18533ed54126f601,412,3,community-platform/node_modules/next/dist/compiled/react/compiler-runtime.js,06_DIGITAL_PLATFORM/community-platform/node_modules/next/dist/compiled/react/compiler-runtime.js
5c00456a0180b7b6b2366348f7218b0ea2c3a85c7fefe24c18533ed54126f601,412,3,community-platform/node_modules/next/dist/compiled/react-experimental/compiler-runtime.js,06_DIGITAL_PLATFORM/community-platform/node_modules/next/dist/compiled/react-experimental/compiler-runtime.js
5c00456a0180b7b6b2366348f7218b0ea2c3a85c7fefe24c18533ed54126f601,412,3,community-platform/node_modules/react/compiler-runtime.js,06_DIGITAL_PLATFORM/community-platform/node_modules/react/compiler-runtime.js
5c932d88256b4ab958f64a856fa48e8bd1f55bc1d96b8149c65689e0c61789d3,1117,3,community-platform/node_modules/next/dist/compiled/ora/LICENSE,06_DIGITAL_PLATFORM/community-platform/node_modules/next/dist/compiled/ora/LICENSE
5c932d88256b4ab958f64a856fa48e8bd1f55bc1d96b8149c65689e0c61789d3,1117,3,community-platform/node_modules/next/dist/compiled/p-limit/LICENSE,06_DIGITAL_PLATFORM/community-platform/node_modules/next/dist/compiled/p-limit/LICENSE
5c932d88256b4ab958f64a856fa48e8bd1f55bc1d96b8149c65689e0c61789d3,1117,3,community-platform/node_modules/next/dist/compiled/p-queue/LICENSE,06_DIGITAL_PLATFORM/community-platform/node_modules/next/dist/compiled/p-queue/LICENSE
5d404c5358f12fbafbde4f11a6d5e55e4c6daf9ce124696909a89397a4ab7f87,40944,2,Church/CH-035-Organizational-Chart.docx,80_HISTORICAL_AND_PREINTEGRATION_PACKAGES/Church/CH-035-Organizational-Chart.docx
5d404c5358f12fbafbde4f11a6d5e55e4c6daf9ce124696909a89397a4ab7f87,40944,2,institution/05-operations/compliance/CH-035-Organizational-Chart.docx,04_INSTITUTION_AND_GOVERNANCE/institution/05-operations/compliance/CH-035-Organizational-Chart.docx
5ea88fe4034d053acc7301726d5864b0ce8c9208b05a8e0abf226f4fcdfe4f48,774,2,release_v1_0/source/constitutional_crosswalk_v1_0.csv,03_RELEASES_AND_BASELINES/release_v1_0/source/constitutional_crosswalk_v1_0.csv
5ea88fe4034d053acc7301726d5864b0ce8c9208b05a8e0abf226f4fcdfe4f48,774,2,source/constitutional_crosswalk_v1_0.csv,01_FOUNDATIONAL_SOURCE/source/constitutional_crosswalk_v1_0.csv
5f3206fff3bae84962b3552100f160202ba44e8facd5824bc12b4fd7a25f6fff,76,2,release_v1_0/source/teaching_and_practice_baseline_v1_0.md,03_RELEASES_AND_BASELINES/release_v1_0/source/teaching_and_practice_baseline_v1_0.md
5f3206fff3bae84962b3552100f160202ba44e8facd5824bc12b4fd7a25f6fff,76,2,source/teaching_and_practice_baseline_v1_0.md,01_FOUNDATIONAL_SOURCE/source/teaching_and_practice_baseline_v1_0.md
5fd34f03c2820c0cab89eb4b0c30b0970eb19981a864e42c4359dbe1dc83e63d,288,2,community-platform/node_modules/@supabase/auth-js/dist/main/lib/local-storage.d.ts,06_DIGITAL_PLATFORM/community-platform/node_modules/@supabase/auth-js/dist/main/lib/local-storage.d.ts
5fd34f03c2820c0cab89eb4b0c30b0970eb19981a864e42c4359dbe1dc83e63d,288,2,community-platform/node_modules/@supabase/auth-js/dist/module/lib/local-storage.d.ts,06_DIGITAL_PLATFORM/community-platform/node_modules/@supabase/auth-js/dist/module/lib/local-storage.d.ts
6020aac27858188a1a57368a39e95514097e2d19e3275db0fffd321f7152aa55,41176,2,institution/02-constitutional/JUR-001/0.1.0/JUR-001-Civil-Ecclesiastical-Jurisdiction-Code.docx,04_INSTITUTION_AND_GOVERNANCE/institution/02-constitutional/JUR-001/0.1.0/JUR-001-Civil-Ecclesiastical-Jurisdiction-Code.docx
6020aac27858188a1a57368a39e95514097e2d19e3275db0fffd321f7152aa55,41176,2,JUR-001-Civil-Ecclesiastical-Jurisdiction-Code.docx,80_HISTORICAL_AND_PREINTEGRATION_PACKAGES/top_level_institutional_exports/JUR-001-Civil-Ecclesiastical-Jurisdiction-Code.docx
6035d772f994d9bf25398612a80891057dcb909a77ecb494c892db007638950a,38,2,community-platform/node_modules/next/dist/esm/server/ReactDOMServerPages.d.ts,06_DIGITAL_PLATFORM/community-platform/node_modules/next/dist/esm/server/ReactDOMServerPages.d.ts
6035d772f994d9bf25398612a80891057dcb909a77ecb494c892db007638950a,38,2,community-platform/node_modules/next/dist/server/ReactDOMServerPages.d.ts,06_DIGITAL_PLATFORM/community-platform/node_modules/next/dist/server/ReactDOMServerPages.d.ts
60caffdecbdc5db3bc4ec4e83df9488345ccb271d07533b9210bf5750918d97e,186,3,community-platform/node_modules/next/dist/compiled/react/index.js,06_DIGITAL_PLATFORM/community-platform/node_modules/next/dist/compiled/react/index.js
60caffdecbdc5db3bc4ec4e83df9488345ccb271d07533b9210bf5750918d97e,186,3,community-platform/node_modules/next/dist/compiled/react-experimental/index.js,06_DIGITAL_PLATFORM/community-platform/node_modules/next/dist/compiled/react-experimental/index.js
60caffdecbdc5db3bc4ec4e83df9488345ccb271d07533b9210bf5750918d97e,186,3,community-platform/node_modules/react/index.js,06_DIGITAL_PLATFORM/community-platform/node_modules/react/index.js
6239c6144c31e58cf925c34483606969c555574d64ffa96518ab5d7f45c75d43,1096,2,community-platform/node_modules/next/dist/compiled/assert/LICENSE,06_DIGITAL_PLATFORM/community-platform/node_modules/next/dist/compiled/assert/LICENSE
6239c6144c31e58cf925c34483606969c555574d64ffa96518ab5d7f45c75d43,1096,2,community-platform/node_modules/next/dist/compiled/util/LICENSE,06_DIGITAL_PLATFORM/community-platform/node_modules/next/dist/compiled/util/LICENSE
628dc216d449ea278c512c1ee4009896e0d1e23bee3672c3d6c93dc8262d998e,2300,4,governance/06_nonmember_variant_schedule.md,80_HISTORICAL_AND_PREINTEGRATION_PACKAGES/governance/06_nonmember_variant_schedule.md
628dc216d449ea278c512c1ee4009896e0d1e23bee3672c3d6c93dc8262d998e,2300,4,institutional_integrity/institutional_integrity_v0_2_release/modular_source/governance/06_nonmember_variant_schedule.md,05_INTEGRITY_SAFEGUARDING_AND_COMPLIANCE/institutional_integrity/institutional_integrity_v0_2_release/modular_source/governance/06_nonmember_variant_schedule.md
628dc216d449ea278c512c1ee4009896e0d1e23bee3672c3d6c93dc8262d998e,2300,4,institutional_integrity/institutional_integrity_v0_3/governance/06_nonmember_variant_schedule.md,05_INTEGRITY_SAFEGUARDING_AND_COMPLIANCE/institutional_integrity/institutional_integrity_v0_3/governance/06_nonmember_variant_schedule.md
628dc216d449ea278c512c1ee4009896e0d1e23bee3672c3d6c93dc8262d998e,2300,4,institutional_integrity/institutional_integrity_v0_4/governance/06_nonmember_variant_schedule.md,05_INTEGRITY_SAFEGUARDING_AND_COMPLIANCE/institutional_integrity/institutional_integrity_v0_4/governance/06_nonmember_variant_schedule.md
63e1d2f007af60b327d20b2e72536b2095b5366da419e5f543655a5303bb1308,41617,2,Church/CH-025-Ordination-and-Credentialing-Standard.docx,80_HISTORICAL_AND_PREINTEGRATION_PACKAGES/Church/CH-025-Ordination-and-Credentialing-Standard.docx
63e1d2f007af60b327d20b2e72536b2095b5366da419e5f543655a5303bb1308,41617,2,institution/05-operations/ministry/CH-025-Ordination-and-Credentialing-Standard.docx,04_INSTITUTION_AND_GOVERNANCE/institution/05-operations/ministry/CH-025-Ordination-and-Credentialing-Standard.docx
643d63429cff820423367e1bf70d738ab3dd6940b3d4602eb4118e7c65413af0,72,2,community-platform/node_modules/next/dist/build/polyfills/polyfill-module.d.ts,06_DIGITAL_PLATFORM/community-platform/node_modules/next/dist/build/polyfills/polyfill-module.d.ts
643d63429cff820423367e1bf70d738ab3dd6940b3d4602eb4118e7c65413af0,72,2,community-platform/node_modules/next/dist/esm/build/polyfills/polyfill-module.d.ts,06_DIGITAL_PLATFORM/community-platform/node_modules/next/dist/esm/build/polyfills/polyfill-module.d.ts
643f7232d07bf75e15bd8f658f664d6183a0efaca5eb84b48201c7671a266979,682,2,community-platform/node_modules/next/dist/styled-jsx/types/index.d.ts,06_DIGITAL_PLATFORM/community-platform/node_modules/next/dist/styled-jsx/types/index.d.ts
643f7232d07bf75e15bd8f658f664d6183a0efaca5eb84b48201c7671a266979,682,2,community-platform/node_modules/styled-jsx/index.d.ts,06_DIGITAL_PLATFORM/community-platform/node_modules/styled-jsx/index.d.ts
646eb671c8585382baff16daf92fe16a4cdd10dcf1a363c58b2ae1f6bf3a2b8d,12144,2,community-platform/node_modules/next/dist/compiled/scheduler/cjs/scheduler.development.js,06_DIGITAL_PLATFORM/community-platform/node_modules/next/dist/compiled/scheduler/cjs/scheduler.development.js
646eb671c8585382baff16daf92fe16a4cdd10dcf1a363c58b2ae1f6bf3a2b8d,12144,2,community-platform/node_modules/scheduler/cjs/scheduler.development.js,06_DIGITAL_PLATFORM/community-platform/node_modules/scheduler/cjs/scheduler.development.js
65fee4e33db42239485f4979990748794f511066edf3bc6ceb9dd57422255cc9,4078,2,community-platform/node_modules/@supabase/auth-js/dist/main/lib/webauthn.errors.d.ts,06_DIGITAL_PLATFORM/community-platform/node_modules/@supabase/auth-js/dist/main/lib/webauthn.errors.d.ts
65fee4e33db42239485f4979990748794f511066edf3bc6ceb9dd57422255cc9,4078,2,community-platform/node_modules/@supabase/auth-js/dist/module/lib/webauthn.errors.d.ts,06_DIGITAL_PLATFORM/community-platform/node_modules/@supabase/auth-js/dist/module/lib/webauthn.errors.d.ts
66103a6c3a7744b0fce59583cd6efb51505015f4caf19790712f63d5c4a4a487,140,2,community-platform/node_modules/next/dist/esm/server/route-modules/app-page/vendored/contexts/head-manager-context.js,06_DIGITAL_PLATFORM/community-platform/node_modules/next/dist/esm/server/route-modules/app-page/vendored/contexts/head-manager-context.js
66103a6c3a7744b0fce59583cd6efb51505015f4caf19790712f63d5c4a4a487,140,2,community-platform/node_modules/next/dist/esm/server/route-modules/pages/vendored/contexts/head-manager-context.js,06_DIGITAL_PLATFORM/community-platform/node_modules/next/dist/esm/server/route-modules/pages/vendored/contexts/head-manager-context.js
66cffa7b07b76bbe3e4b8ae7ee0c4f3c115076166d9a72f08b037960ff571d6f,328,2,community-platform/node_modules/@supabase/ssr/dist/main/warnDeprecatedPackage.d.ts,06_DIGITAL_PLATFORM/community-platform/node_modules/@supabase/ssr/dist/main/warnDeprecatedPackage.d.ts
66cffa7b07b76bbe3e4b8ae7ee0c4f3c115076166d9a72f08b037960ff571d6f,328,2,community-platform/node_modules/@supabase/ssr/dist/module/warnDeprecatedPackage.d.ts,06_DIGITAL_PLATFORM/community-platform/node_modules/@supabase/ssr/dist/module/warnDeprecatedPackage.d.ts
672d3a750e8f0de2dcb109dca2d37810ccf63135e51b6fba994e889052baea2c,5575,2,HTERP/HTERP_v0.2/dossiers/HTE-028-muhammad.md,02_RESEARCH_AND_EVIDENCE/HTERP/HTERP_v0.2/dossiers/HTE-028-muhammad.md
672d3a750e8f0de2dcb109dca2d37810ccf63135e51b6fba994e889052baea2c,5575,2,HTERP/HTERP_v1.4/dossiers/HTE-028-muhammad.md,02_RESEARCH_AND_EVIDENCE/HTERP/HTERP_v1.4/dossiers/HTE-028-muhammad.md
673f02b5b40d5869a3e7b92c9437200835db575160e63cd25b371780525d0098,178,2,community-platform/node_modules/next/dist/api/constants.js.map,06_DIGITAL_PLATFORM/community-platform/node_modules/next/dist/api/constants.js.map
673f02b5b40d5869a3e7b92c9437200835db575160e63cd25b371780525d0098,178,2,community-platform/node_modules/next/dist/esm/api/constants.js.map,06_DIGITAL_PLATFORM/community-platform/node_modules/next/dist/esm/api/constants.js.map
679adff761d31e9426604f80c0e99be44a3e6f4c6834b0218ecf0312a67c171f,10181,2,community-platform/node_modules/next/dist/compiled/scheduler/cjs/scheduler.production.js,06_DIGITAL_PLATFORM/community-platform/node_modules/next/dist/compiled/scheduler/cjs/scheduler.production.js
679adff761d31e9426604f80c0e99be44a3e6f4c6834b0218ecf0312a67c171f,10181,2,community-platform/node_modules/scheduler/cjs/scheduler.production.js,06_DIGITAL_PLATFORM/community-platform/node_modules/scheduler/cjs/scheduler.production.js
67df288510af6e4d8dd79c65baf1b096badef9490957a7e56b26a773571fb4c5,157,2,community-platform/node_modules/@supabase/auth-js/dist/main/AuthClient.d.ts,06_DIGITAL_PLATFORM/community-platform/node_modules/@supabase/auth-js/dist/main/AuthClient.d.ts
67df288510af6e4d8dd79c65baf1b096badef9490957a7e56b26a773571fb4c5,157,2,community-platform/node_modules/@supabase/auth-js/dist/module/AuthClient.d.ts,06_DIGITAL_PLATFORM/community-platform/node_modules/@supabase/auth-js/dist/module/AuthClient.d.ts
68148269736037a19ee2e69f9937ba19def7300eeeba40f83f5c7f2a1f19e38a,40231,2,institution/06-templates/succession/SUC-INS-001-Installation-Record.docx,04_INSTITUTION_AND_GOVERNANCE/institution/06-templates/succession/SUC-INS-001-Installation-Record.docx
68148269736037a19ee2e69f9937ba19def7300eeeba40f83f5c7f2a1f19e38a,40231,2,operations/templates/08-Succession/SUC-INS-001-Installation-Record.docx,80_HISTORICAL_AND_PREINTEGRATION_PACKAGES/operations/templates/08-Succession/SUC-INS-001-Installation-Record.docx
68358a25363a423a4b1ef4ce2a6267059da04c929d41e3f8e0b8b3c8368aea59,42296,2,Church/CH-010-Order-of-Worship-and-Liturgical-Manual.docx,80_HISTORICAL_AND_PREINTEGRATION_PACKAGES/Church/CH-010-Order-of-Worship-and-Liturgical-Manual.docx
68358a25363a423a4b1ef4ce2a6267059da04c929d41e3f8e0b8b3c8368aea59,42296,2,institution/03-doctrine-and-religious-life/worship/CH-010-Order-of-Worship-and-Liturgical-Manual.docx,04_INSTITUTION_AND_GOVERNANCE/institution/03-doctrine-and-religious-life/worship/CH-010-Order-of-Worship-and-Liturgical-Manual.docx
68749ab8f85de3350f7b8d8683afa259141c0768dcc7414aedc7ea37d3f8eea9,44109,2,FIN-POL-001-Financial-Policies-and-Procedures-Manual.docx,80_HISTORICAL_AND_PREINTEGRATION_PACKAGES/top_level_institutional_exports/FIN-POL-001-Financial-Policies-and-Procedures-Manual.docx
68749ab8f85de3350f7b8d8683afa259141c0768dcc7414aedc7ea37d3f8eea9,44109,2,institution/06-templates/manuals/FIN-POL-001-Financial-Policies-and-Procedures-Manual.docx,04_INSTITUTION_AND_GOVERNANCE/institution/06-templates/manuals/FIN-POL-001-Financial-Policies-and-Procedures-Manual.docx
687b2f44ccf6bf1cf004fff160a5ec5f9a8e35399902ea40395c112228859405,849,2,institutional_integrity/institutional_integrity_v0_3/tax/66_tax_exemption_evidence_index.md,05_INTEGRITY_SAFEGUARDING_AND_COMPLIANCE/institutional_integrity/institutional_integrity_v0_3/tax/66_tax_exemption_evidence_index.md
687b2f44ccf6bf1cf004fff160a5ec5f9a8e35399902ea40395c112228859405,849,2,institutional_integrity/institutional_integrity_v0_4/tax/66_tax_exemption_evidence_index.md,05_INTEGRITY_SAFEGUARDING_AND_COMPLIANCE/institutional_integrity/institutional_integrity_v0_4/tax/66_tax_exemption_evidence_index.md
69a630a51115d5c11cea6aebe783bb43e0067952f04fac4cc585a73371e7c67a,508,2,institutional_integrity/institutional_integrity_v0_3/recordbook/58_minutes_and_resolution_register.md,05_INTEGRITY_SAFEGUARDING_AND_COMPLIANCE/institutional_integrity/institutional_integrity_v0_3/recordbook/58_minutes_and_resolution_register.md
69a630a51115d5c11cea6aebe783bb43e0067952f04fac4cc585a73371e7c67a,508,2,institutional_integrity/institutional_integrity_v0_4/recordbook/58_minutes_and_resolution_register.md,05_INTEGRITY_SAFEGUARDING_AND_COMPLIANCE/institutional_integrity/institutional_integrity_v0_4/recordbook/58_minutes_and_resolution_register.md
6ac6715916fa75a1f7ebdfeacac09513b4d904b667d827b7535e84ff59679aff,25,8,community-platform/node_modules/next/dist/esm/server/route-modules/app-page/module.compiled.d.ts,06_DIGITAL_PLATFORM/community-platform/node_modules/next/dist/esm/server/route-modules/app-page/module.compiled.d.ts
6ac6715916fa75a1f7ebdfeacac09513b4d904b667d827b7535e84ff59679aff,25,8,community-platform/node_modules/next/dist/esm/server/route-modules/app-route/module.compiled.d.ts,06_DIGITAL_PLATFORM/community-platform/node_modules/next/dist/esm/server/route-modules/app-route/module.compiled.d.ts
6ac6715916fa75a1f7ebdfeacac09513b4d904b667d827b7535e84ff59679aff,25,8,community-platform/node_modules/next/dist/esm/server/route-modules/pages/module.compiled.d.ts,06_DIGITAL_PLATFORM/community-platform/node_modules/next/dist/esm/server/route-modules/pages/module.compiled.d.ts
6ac6715916fa75a1f7ebdfeacac09513b4d904b667d827b7535e84ff59679aff,25,8,community-platform/node_modules/next/dist/esm/server/route-modules/pages-api/module.compiled.d.ts,06_DIGITAL_PLATFORM/community-platform/node_modules/next/dist/esm/server/route-modules/pages-api/module.compiled.d.ts
6ac6715916fa75a1f7ebdfeacac09513b4d904b667d827b7535e84ff59679aff,25,8,community-platform/node_modules/next/dist/server/route-modules/app-page/module.compiled.d.ts,06_DIGITAL_PLATFORM/community-platform/node_modules/next/dist/server/route-modules/app-page/module.compiled.d.ts
6ac6715916fa75a1f7ebdfeacac09513b4d904b667d827b7535e84ff59679aff,25,8,community-platform/node_modules/next/dist/server/route-modules/app-route/module.compiled.d.ts,06_DIGITAL_PLATFORM/community-platform/node_modules/next/dist/server/route-modules/app-route/module.compiled.d.ts
6ac6715916fa75a1f7ebdfeacac09513b4d904b667d827b7535e84ff59679aff,25,8,community-platform/node_modules/next/dist/server/route-modules/pages/module.compiled.d.ts,06_DIGITAL_PLATFORM/community-platform/node_modules/next/dist/server/route-modules/pages/module.compiled.d.ts
6ac6715916fa75a1f7ebdfeacac09513b4d904b667d827b7535e84ff59679aff,25,8,community-platform/node_modules/next/dist/server/route-modules/pages-api/module.compiled.d.ts,06_DIGITAL_PLATFORM/community-platform/node_modules/next/dist/server/route-modules/pages-api/module.compiled.d.ts
6b023685d4d43746f19bf0cff2c1437256b6ca078e75ba9c31557f2a6d49c29c,252,2,community-platform/node_modules/next/dist/compiled/react-server-dom-turbopack/client.node.js,06_DIGITAL_PLATFORM/community-platform/node_modules/next/dist/compiled/react-server-dom-turbopack/client.node.js
6b023685d4d43746f19bf0cff2c1437256b6ca078e75ba9c31557f2a6d49c29c,252,2,community-platform/node_modules/next/dist/compiled/react-server-dom-turbopack-experimental/client.node.js,06_DIGITAL_PLATFORM/community-platform/node_modules/next/dist/compiled/react-server-dom-turbopack-experimental/client.node.js
6b5b828d450e54fb2d69d3556aebcdb90d2cd7a98112147c7e41f7bd6f52ea67,29404,2,community-platform/node_modules/@supabase/auth-js/dist/main/lib/webauthn.dom.d.ts,06_DIGITAL_PLATFORM/community-platform/node_modules/@supabase/auth-js/dist/main/lib/webauthn.dom.d.ts
6b5b828d450e54fb2d69d3556aebcdb90d2cd7a98112147c7e41f7bd6f52ea67,29404,2,community-platform/node_modules/@supabase/auth-js/dist/module/lib/webauthn.dom.d.ts,06_DIGITAL_PLATFORM/community-platform/node_modules/@supabase/auth-js/dist/module/lib/webauthn.dom.d.ts
6bc2be6d5e6b6b285ca9d19c05eaf047234ac24193bc8142fec801350b20247a,2034,2,institutional_integrity/institutional_integrity_v0_3/recordbook/55_record_book_index.md,05_INTEGRITY_SAFEGUARDING_AND_COMPLIANCE/institutional_integrity/institutional_integrity_v0_3/recordbook/55_record_book_index.md
6bc2be6d5e6b6b285ca9d19c05eaf047234ac24193bc8142fec801350b20247a,2034,2,institutional_integrity/institutional_integrity_v0_4/recordbook/55_record_book_index.md,05_INTEGRITY_SAFEGUARDING_AND_COMPLIANCE/institutional_integrity/institutional_integrity_v0_4/recordbook/55_record_book_index.md
6c316e183cd017870fde55c8fd964517f2ddbb41de7bfcb3c820f906d6a26258,71490,2,community-platform/node_modules/next/dist/compiled/react-server-dom-webpack/cjs/react-server-dom-webpack-client.edge.production.js,06_DIGITAL_PLATFORM/community-platform/node_modules/next/dist/compiled/react-server-dom-webpack/cjs/react-server-dom-webpack-client.edge.production.js
6c316e183cd017870fde55c8fd964517f2ddbb41de7bfcb3c820f906d6a26258,71490,2,community-platform/node_modules/next/dist/compiled/react-server-dom-webpack-experimental/cjs/react-server-dom-webpack-client.edge.production.js,06_DIGITAL_PLATFORM/community-platform/node_modules/next/dist/compiled/react-server-dom-webpack-experimental/cjs/react-server-dom-webpack-client.edge.production.js
6c7c9f4af3bfac29195e61e140c35f5f052010949d4e99c70d86b427a5cb8058,183,2,community-platform/node_modules/@types/react-dom/server.bun.d.ts,06_DIGITAL_PLATFORM/community-platform/node_modules/@types/react-dom/server.bun.d.ts
6c7c9f4af3bfac29195e61e140c35f5f052010949d4e99c70d86b427a5cb8058,183,2,community-platform/node_modules/@types/react-dom/server.node.d.ts,06_DIGITAL_PLATFORM/community-platform/node_modules/@types/react-dom/server.node.d.ts
6cb0631f71c7749763fd3dd1d5bee52dd1070ec17f2edc1710079ad070bd2fbd,1526,3,community-platform/node_modules/next/dist/compiled/source-map/LICENSE,06_DIGITAL_PLATFORM/community-platform/node_modules/next/dist/compiled/source-map/LICENSE
6cb0631f71c7749763fd3dd1d5bee52dd1070ec17f2edc1710079ad070bd2fbd,1526,3,community-platform/node_modules/next/dist/compiled/source-map08/LICENSE,06_DIGITAL_PLATFORM/community-platform/node_modules/next/dist/compiled/source-map08/LICENSE
6cb0631f71c7749763fd3dd1d5bee52dd1070ec17f2edc1710079ad070bd2fbd,1526,3,community-platform/node_modules/source-map-js/LICENSE,06_DIGITAL_PLATFORM/community-platform/node_modules/source-map-js/LICENSE
6d412ab79ba6c7af3345347523e67991108ec3e9d4515ab15663d51601fe7244,40925,2,Church/CH-015-Membership-Register-Standard.docx,80_HISTORICAL_AND_PREINTEGRATION_PACKAGES/Church/CH-015-Membership-Register-Standard.docx
6d412ab79ba6c7af3345347523e67991108ec3e9d4515ab15663d51601fe7244,40925,2,institution/05-operations/membership/CH-015-Membership-Register-Standard.docx,04_INSTITUTION_AND_GOVERNANCE/institution/05-operations/membership/CH-015-Membership-Register-Standard.docx
6d9122961247608760db37061dfefe86a6b0c7c174fee07641ff54392b39865a,44826,2,institution/06-templates/TPL-SYS-001-Operational-Template-System-Binder.docx,04_INSTITUTION_AND_GOVERNANCE/institution/06-templates/TPL-SYS-001-Operational-Template-System-Binder.docx
6d9122961247608760db37061dfefe86a6b0c7c174fee07641ff54392b39865a,44826,2,operations/templates/TPL-SYS-001-Operational-Template-System-Binder.docx,80_HISTORICAL_AND_PREINTEGRATION_PACKAGES/operations/templates/TPL-SYS-001-Operational-Template-System-Binder.docx
6df46b537d3e2788c81cdc32ed3ae5ac60a7f323d8c5b0d21aefd0489dbab5ba,320,2,community-platform/node_modules/next/dist/compiled/react-server-dom-webpack/static.node.js,06_DIGITAL_PLATFORM/community-platform/node_modules/next/dist/compiled/react-server-dom-webpack/static.node.js
6df46b537d3e2788c81cdc32ed3ae5ac60a7f323d8c5b0d21aefd0489dbab5ba,320,2,community-platform/node_modules/next/dist/compiled/react-server-dom-webpack-experimental/static.node.js,06_DIGITAL_PLATFORM/community-platform/node_modules/next/dist/compiled/react-server-dom-webpack-experimental/static.node.js
6e378950f5fef2d5875da16ebb6f20b427b03697b541fb3f78bf169d3fa22a02,39363,2,binders/CONST-COMP-001-Remaining-Constitutional-Instruments-Production-Binder.docx,80_HISTORICAL_AND_PREINTEGRATION_PACKAGES/binders/CONST-COMP-001-Remaining-Constitutional-Instruments-Production-Binder.docx
6e378950f5fef2d5875da16ebb6f20b427b03697b541fb3f78bf169d3fa22a02,39363,2,institution/99-archive/historical-drafts/production-binders/CONST-COMP-001-Remaining-Constitutional-Instruments-Production-Binder.docx,04_INSTITUTION_AND_GOVERNANCE/institution/99-archive/historical-drafts/production-binders/CONST-COMP-001-Remaining-Constitutional-Instruments-Production-Binder.docx
6e608131db3df3e15c696707e540dff4a5ec7074563be7443ec960c408b72be1,61,4,community-platform/node_modules/next/dist/compiled/react-server-dom-turbopack/client.js,06_DIGITAL_PLATFORM/community-platform/node_modules/next/dist/compiled/react-server-dom-turbopack/client.js
6e608131db3df3e15c696707e540dff4a5ec7074563be7443ec960c408b72be1,61,4,community-platform/node_modules/next/dist/compiled/react-server-dom-turbopack-experimental/client.js,06_DIGITAL_PLATFORM/community-platform/node_modules/next/dist/compiled/react-server-dom-turbopack-experimental/client.js
6e608131db3df3e15c696707e540dff4a5ec7074563be7443ec960c408b72be1,61,4,community-platform/node_modules/next/dist/compiled/react-server-dom-webpack/client.js,06_DIGITAL_PLATFORM/community-platform/node_modules/next/dist/compiled/react-server-dom-webpack/client.js
6e608131db3df3e15c696707e540dff4a5ec7074563be7443ec960c408b72be1,61,4,community-platform/node_modules/next/dist/compiled/react-server-dom-webpack-experimental/client.js,06_DIGITAL_PLATFORM/community-platform/node_modules/next/dist/compiled/react-server-dom-webpack-experimental/client.js
6e99ca1acbfb7af2eaeaac4e4c43ed16dc087ace81b188aaaa7d09f7d86e6404,2282,2,community-platform/node_modules/next/dist/build/babel/loader/types.d.ts,06_DIGITAL_PLATFORM/community-platform/node_modules/next/dist/build/babel/loader/types.d.ts
6e99ca1acbfb7af2eaeaac4e4c43ed16dc087ace81b188aaaa7d09f7d86e6404,2282,2,community-platform/node_modules/next/dist/esm/build/babel/loader/types.d.ts,06_DIGITAL_PLATFORM/community-platform/node_modules/next/dist/esm/build/babel/loader/types.d.ts
6f3c729ba77332aba76693f4bce8e7be8df47261a2c800f3115c9efe67e8aad5,1206,2,institutional_integrity/institutional_integrity_v0_3/compliance/63_public_transparency_register.md,05_INTEGRITY_SAFEGUARDING_AND_COMPLIANCE/institutional_integrity/institutional_integrity_v0_3/compliance/63_public_transparency_register.md
6f3c729ba77332aba76693f4bce8e7be8df47261a2c800f3115c9efe67e8aad5,1206,2,institutional_integrity/institutional_integrity_v0_4/compliance/63_public_transparency_register.md,05_INTEGRITY_SAFEGUARDING_AND_COMPLIANCE/institutional_integrity/institutional_integrity_v0_4/compliance/63_public_transparency_register.md
704a07592993924515710e08c9365e8d6b49d96df54166b869f0210d004b8685,248,2,community-platform/node_modules/next/dist/compiled/react-server-dom-webpack/client.node.js,06_DIGITAL_PLATFORM/community-platform/node_modules/next/dist/compiled/react-server-dom-webpack/client.node.js
704a07592993924515710e08c9365e8d6b49d96df54166b869f0210d004b8685,248,2,community-platform/node_modules/next/dist/compiled/react-server-dom-webpack-experimental/client.node.js,06_DIGITAL_PLATFORM/community-platform/node_modules/next/dist/compiled/react-server-dom-webpack-experimental/client.node.js
7061f5b5617a7ad08aae56bc13e719bbbd2d1c0fab783fffe4fcf741d51fefd7,230,2,community-platform/node_modules/next/dist/build/babel/plugins/jsx-pragma.d.ts,06_DIGITAL_PLATFORM/community-platform/node_modules/next/dist/build/babel/plugins/jsx-pragma.d.ts
7061f5b5617a7ad08aae56bc13e719bbbd2d1c0fab783fffe4fcf741d51fefd7,230,2,community-platform/node_modules/next/dist/build/babel/plugins/optimize-hook-destructuring.d.ts,06_DIGITAL_PLATFORM/community-platform/node_modules/next/dist/build/babel/plugins/optimize-hook-destructuring.d.ts
71ebb787c6a9d72d95e8d6a87474a71b7135b2361df1d9c581287654163364b1,672,2,community-platform/node_modules/next/dist/compiled/react-server-dom-turbopack/server.browser.js,06_DIGITAL_PLATFORM/community-platform/node_modules/next/dist/compiled/react-server-dom-turbopack/server.browser.js
71ebb787c6a9d72d95e8d6a87474a71b7135b2361df1d9c581287654163364b1,672,2,community-platform/node_modules/next/dist/compiled/react-server-dom-turbopack-experimental/server.browser.js,06_DIGITAL_PLATFORM/community-platform/node_modules/next/dist/compiled/react-server-dom-turbopack-experimental/server.browser.js
71f297fc6b06da7b35cae866dbc0ff45ba7b2bd415b614aa708ee97e05c8c149,136,2,community-platform/node_modules/@supabase/functions-js/dist/main/helper.d.ts,06_DIGITAL_PLATFORM/community-platform/node_modules/@supabase/functions-js/dist/main/helper.d.ts
71f297fc6b06da7b35cae866dbc0ff45ba7b2bd415b614aa708ee97e05c8c149,136,2,community-platform/node_modules/@supabase/functions-js/dist/module/helper.d.ts,06_DIGITAL_PLATFORM/community-platform/node_modules/@supabase/functions-js/dist/module/helper.d.ts
720f9bab5422488fd0c38dc8e0ee60bc4d820441706ae05466fa35e96953f2f6,492,4,forms/33_retaliation_report_form.md,80_HISTORICAL_AND_PREINTEGRATION_PACKAGES/forms/33_retaliation_report_form.md
720f9bab5422488fd0c38dc8e0ee60bc4d820441706ae05466fa35e96953f2f6,492,4,institutional_integrity/institutional_integrity_v0_2_release/modular_source/forms/33_retaliation_report_form.md,05_INTEGRITY_SAFEGUARDING_AND_COMPLIANCE/institutional_integrity/institutional_integrity_v0_2_release/modular_source/forms/33_retaliation_report_form.md
720f9bab5422488fd0c38dc8e0ee60bc4d820441706ae05466fa35e96953f2f6,492,4,institutional_integrity/institutional_integrity_v0_3/forms/33_retaliation_report_form.md,05_INTEGRITY_SAFEGUARDING_AND_COMPLIANCE/institutional_integrity/institutional_integrity_v0_3/forms/33_retaliation_report_form.md
720f9bab5422488fd0c38dc8e0ee60bc4d820441706ae05466fa35e96953f2f6,492,4,institutional_integrity/institutional_integrity_v0_4/forms/33_retaliation_report_form.md,05_INTEGRITY_SAFEGUARDING_AND_COMPLIANCE/institutional_integrity/institutional_integrity_v0_4/forms/33_retaliation_report_form.md
7272d58a5615732b74c756e95c408eab2623347edb590d0c070319bf97051146,1779,2,HTERP/HTERP_v0.2/protocols/HTERP-PRED-prospective-prediction.md,02_RESEARCH_AND_EVIDENCE/HTERP/HTERP_v0.2/protocols/HTERP-PRED-prospective-prediction.md
7272d58a5615732b74c756e95c408eab2623347edb590d0c070319bf97051146,1779,2,HTERP/HTERP_v1.4/protocols/HTERP-PRED-prospective-prediction.md,02_RESEARCH_AND_EVIDENCE/HTERP/HTERP_v1.4/protocols/HTERP-PRED-prospective-prediction.md
7303e3e9b309febdec2418594577ee6d951185ecf63f2b61688264240de2da9e,4510,4,institutional_integrity/institutional_integrity_v0_2_release/modular_source/references/40_legal_source_notes.md,05_INTEGRITY_SAFEGUARDING_AND_COMPLIANCE/institutional_integrity/institutional_integrity_v0_2_release/modular_source/references/40_legal_source_notes.md
7303e3e9b309febdec2418594577ee6d951185ecf63f2b61688264240de2da9e,4510,4,institutional_integrity/institutional_integrity_v0_3/references/40_legal_source_notes.md,05_INTEGRITY_SAFEGUARDING_AND_COMPLIANCE/institutional_integrity/institutional_integrity_v0_3/references/40_legal_source_notes.md
7303e3e9b309febdec2418594577ee6d951185ecf63f2b61688264240de2da9e,4510,4,institutional_integrity/institutional_integrity_v0_4/references/40_legal_source_notes.md,05_INTEGRITY_SAFEGUARDING_AND_COMPLIANCE/institutional_integrity/institutional_integrity_v0_4/references/40_legal_source_notes.md
7303e3e9b309febdec2418594577ee6d951185ecf63f2b61688264240de2da9e,4510,4,references/40_legal_source_notes.md,80_HISTORICAL_AND_PREINTEGRATION_PACKAGES/references/40_legal_source_notes.md
7368831e67b5bf6c28608435393e54d9fa24b6a6a6504362eadf7365c21e53b3,10931,2,community-platform/node_modules/@supabase/realtime-js/dist/main/RealtimeClient.d.ts,06_DIGITAL_PLATFORM/community-platform/node_modules/@supabase/realtime-js/dist/main/RealtimeClient.d.ts
7368831e67b5bf6c28608435393e54d9fa24b6a6a6504362eadf7365c21e53b3,10931,2,community-platform/node_modules/@supabase/realtime-js/dist/module/RealtimeClient.d.ts,06_DIGITAL_PLATFORM/community-platform/node_modules/@supabase/realtime-js/dist/module/RealtimeClient.d.ts
73839fb2c9deda60c40b81dd81cdc76280376333ec7a7649b9d44b6186165d45,40837,2,Church/CH-048-Records-Retention-Policy.docx,80_HISTORICAL_AND_PREINTEGRATION_PACKAGES/Church/CH-048-Records-Retention-Policy.docx
73839fb2c9deda60c40b81dd81cdc76280376333ec7a7649b9d44b6186165d45,40837,2,institution/05-operations/compliance/CH-048-Records-Retention-Policy.docx,04_INSTITUTION_AND_GOVERNANCE/institution/05-operations/compliance/CH-048-Records-Retention-Policy.docx
73ba74dfaa520b49a401b5d21459a8523a146f3b7518a833eea5efa85130bf68,10273,3,community-platform/node_modules/@img/sharp-linux-x64/LICENSE,06_DIGITAL_PLATFORM/community-platform/node_modules/@img/sharp-linux-x64/LICENSE
73ba74dfaa520b49a401b5d21459a8523a146f3b7518a833eea5efa85130bf68,10273,3,community-platform/node_modules/@img/sharp-linuxmusl-x64/LICENSE,06_DIGITAL_PLATFORM/community-platform/node_modules/@img/sharp-linuxmusl-x64/LICENSE
73ba74dfaa520b49a401b5d21459a8523a146f3b7518a833eea5efa85130bf68,10273,3,community-platform/node_modules/sharp/LICENSE,06_DIGITAL_PLATFORM/community-platform/node_modules/sharp/LICENSE
73e53c1b6a064cc5c85d703555c65fbd263c4531be9b52e846b585e4482c9438,929,2,community-platform/node_modules/next/dist/build/swc/generated-wasm.d.ts,06_DIGITAL_PLATFORM/community-platform/node_modules/next/dist/build/swc/generated-wasm.d.ts
73e53c1b6a064cc5c85d703555c65fbd263c4531be9b52e846b585e4482c9438,929,2,community-platform/node_modules/next/dist/esm/build/swc/generated-wasm.d.ts,06_DIGITAL_PLATFORM/community-platform/node_modules/next/dist/esm/build/swc/generated-wasm.d.ts
7505f3e19f111b7f025bf47b35f5c5561ab7cda61da32db65e3c92eed00554f4,70007,2,Congregational-Operations-Registers.xlsx,80_HISTORICAL_AND_PREINTEGRATION_PACKAGES/top_level_institutional_exports/Congregational-Operations-Registers.xlsx
7505f3e19f111b7f025bf47b35f5c5561ab7cda61da32db65e3c92eed00554f4,70007,2,institution/05-operations/membership/Congregational-Operations-Registers.xlsx,04_INSTITUTION_AND_GOVERNANCE/institution/05-operations/membership/Congregational-Operations-Registers.xlsx
752ea0083aefb32d243263378aa2ef08d023f8b529aeae08ccd60227b863ad20,261,2,community-platform/node_modules/@supabase/functions-js/dist/main/index.d.ts,06_DIGITAL_PLATFORM/community-platform/node_modules/@supabase/functions-js/dist/main/index.d.ts
752ea0083aefb32d243263378aa2ef08d023f8b529aeae08ccd60227b863ad20,261,2,community-platform/node_modules/@supabase/functions-js/dist/module/index.d.ts,06_DIGITAL_PLATFORM/community-platform/node_modules/@supabase/functions-js/dist/module/index.d.ts
75b040aa9782a5e8727229bdf093c4afc8bac43076bf3e437937af584fdba8fe,40211,2,institution/06-templates/governance/GOV-EMG-001-Emergency-Declaration.docx,04_INSTITUTION_AND_GOVERNANCE/institution/06-templates/governance/GOV-EMG-001-Emergency-Declaration.docx
75b040aa9782a5e8727229bdf093c4afc8bac43076bf3e437937af584fdba8fe,40211,2,operations/templates/04-Governance/GOV-EMG-001-Emergency-Declaration.docx,80_HISTORICAL_AND_PREINTEGRATION_PACKAGES/operations/templates/04-Governance/GOV-EMG-001-Emergency-Declaration.docx
762b4e5e10709ab7e3e6ac777785b1848f6a420c85d678e2d0ee7b78754e47fc,41032,2,Church/CH-031-Adult-Religious-Education-Program.docx,80_HISTORICAL_AND_PREINTEGRATION_PACKAGES/Church/CH-031-Adult-Religious-Education-Program.docx
762b4e5e10709ab7e3e6ac777785b1848f6a420c85d678e2d0ee7b78754e47fc,41032,2,institution/05-operations/ministry/CH-031-Adult-Religious-Education-Program.docx,04_INSTITUTION_AND_GOVERNANCE/institution/05-operations/ministry/CH-031-Adult-Religious-Education-Program.docx
7699d3f25f1068467953c21ac4de22f8252a69c17f06be5dabb6e7507be32b98,2120,2,institutional_integrity/institutional_integrity_v0_3/founding/44_incorporator_action.md,05_INTEGRITY_SAFEGUARDING_AND_COMPLIANCE/institutional_integrity/institutional_integrity_v0_3/founding/44_incorporator_action.md
7699d3f25f1068467953c21ac4de22f8252a69c17f06be5dabb6e7507be32b98,2120,2,institutional_integrity/institutional_integrity_v0_4/founding/44_incorporator_action.md,05_INTEGRITY_SAFEGUARDING_AND_COMPLIANCE/institutional_integrity/institutional_integrity_v0_4/founding/44_incorporator_action.md
76fce7348bc1e02558a298f76254f073e0c222e6e7160da509e5c49f449f6001,40261,2,institution/06-templates/ministry/MIN-REV-F-001-Annual-Periodic-Review.docx,04_INSTITUTION_AND_GOVERNANCE/institution/06-templates/ministry/MIN-REV-F-001-Annual-Periodic-Review.docx
76fce7348bc1e02558a298f76254f073e0c222e6e7160da509e5c49f449f6001,40261,2,operations/templates/06-Ministry/MIN-REV-F-001-Annual-Periodic-Review.docx,80_HISTORICAL_AND_PREINTEGRATION_PACKAGES/operations/templates/06-Ministry/MIN-REV-F-001-Annual-Periodic-Review.docx
779a325fe64bbec63714f54a92b8b6ad585b200dfc69bef0e4d26922dfde5a16,45743,2,Church/CH-049-Form-1023-Working-Copy.docx,80_HISTORICAL_AND_PREINTEGRATION_PACKAGES/Church/CH-049-Form-1023-Working-Copy.docx
779a325fe64bbec63714f54a92b8b6ad585b200dfc69bef0e4d26922dfde5a16,45743,2,institution/09-tax-and-regulatory/form-1023/CH-049-Form-1023-Working-Copy.docx,04_INSTITUTION_AND_GOVERNANCE/institution/09-tax-and-regulatory/form-1023/CH-049-Form-1023-Working-Copy.docx
77b9d9099366c3a28fe8bdf276a7276077df2645ab050aa0498e9672cdfd7e4f,1880,4,FILE_INVENTORY.md,00_START_HERE/original_root_metadata/FILE_INVENTORY.md
77b9d9099366c3a28fe8bdf276a7276077df2645ab050aa0498e9672cdfd7e4f,1880,4,institutional_integrity/institutional_integrity_v0_2_release/modular_source/FILE_INVENTORY.md,05_INTEGRITY_SAFEGUARDING_AND_COMPLIANCE/institutional_integrity/institutional_integrity_v0_2_release/modular_source/FILE_INVENTORY.md
77b9d9099366c3a28fe8bdf276a7276077df2645ab050aa0498e9672cdfd7e4f,1880,4,institutional_integrity/institutional_integrity_v0_3/FILE_INVENTORY.md,05_INTEGRITY_SAFEGUARDING_AND_COMPLIANCE/institutional_integrity/institutional_integrity_v0_3/FILE_INVENTORY.md
77b9d9099366c3a28fe8bdf276a7276077df2645ab050aa0498e9672cdfd7e4f,1880,4,institutional_integrity/institutional_integrity_v0_4/FILE_INVENTORY.md,05_INTEGRITY_SAFEGUARDING_AND_COMPLIANCE/institutional_integrity/institutional_integrity_v0_4/FILE_INVENTORY.md
78c8bd4fc8eddd8e7a7c0243b86d29648ba5c0c99ebb277d8bb502f64c22c99c,41026,2,Church/CH-034-Activities-Narrative.docx,80_HISTORICAL_AND_PREINTEGRATION_PACKAGES/Church/CH-034-Activities-Narrative.docx
78c8bd4fc8eddd8e7a7c0243b86d29648ba5c0c99ebb277d8bb502f64c22c99c,41026,2,institution/05-operations/compliance/CH-034-Activities-Narrative.docx,04_INSTITUTION_AND_GOVERNANCE/institution/05-operations/compliance/CH-034-Activities-Narrative.docx
78e76a444fc3c31521d6966d34558e1bc736b048689151882b02580e4552455f,2253,2,community-platform/node_modules/@supabase/auth-js/dist/main/lib/fetch.d.ts,06_DIGITAL_PLATFORM/community-platform/node_modules/@supabase/auth-js/dist/main/lib/fetch.d.ts
78e76a444fc3c31521d6966d34558e1bc736b048689151882b02580e4552455f,2253,2,community-platform/node_modules/@supabase/auth-js/dist/module/lib/fetch.d.ts,06_DIGITAL_PLATFORM/community-platform/node_modules/@supabase/auth-js/dist/module/lib/fetch.d.ts
7945e555c1be5fe5cfbd8ce62f4345e266941146721807bc3f5e90d26d8f4232,191,2,community-platform/.git/logs/HEAD,06_DIGITAL_PLATFORM/community-platform/.git/logs/HEAD
7945e555c1be5fe5cfbd8ce62f4345e266941146721807bc3f5e90d26d8f4232,191,2,community-platform/.git/logs/refs/heads/master,06_DIGITAL_PLATFORM/community-platform/.git/logs/refs/heads/master
7b186bbe23aefe9d43d6596b9aff51dd8c559e9a2ca7c72b2558b96c32552770,1203,4,institutional_integrity/institutional_integrity_v0_2_release/modular_source/policies/18_pastoral_ethics_code.md,05_INTEGRITY_SAFEGUARDING_AND_COMPLIANCE/institutional_integrity/institutional_integrity_v0_2_release/modular_source/policies/18_pastoral_ethics_code.md
7b186bbe23aefe9d43d6596b9aff51dd8c559e9a2ca7c72b2558b96c32552770,1203,4,institutional_integrity/institutional_integrity_v0_3/policies/18_pastoral_ethics_code.md,05_INTEGRITY_SAFEGUARDING_AND_COMPLIANCE/institutional_integrity/institutional_integrity_v0_3/policies/18_pastoral_ethics_code.md
7b186bbe23aefe9d43d6596b9aff51dd8c559e9a2ca7c72b2558b96c32552770,1203,4,institutional_integrity/institutional_integrity_v0_4/policies/18_pastoral_ethics_code.md,05_INTEGRITY_SAFEGUARDING_AND_COMPLIANCE/institutional_integrity/institutional_integrity_v0_4/policies/18_pastoral_ethics_code.md
7b186bbe23aefe9d43d6596b9aff51dd8c559e9a2ca7c72b2558b96c32552770,1203,4,policies/18_pastoral_ethics_code.md,80_HISTORICAL_AND_PREINTEGRATION_PACKAGES/policies/18_pastoral_ethics_code.md
7bc6b9a06e1d45a545a74602dfda5ac5f2f18d6bde72b8edb42094f4f2835a5a,136,2,community-platform/node_modules/next/dist/esm/server/route-modules/app-page/vendored/contexts/app-router-context.js,06_DIGITAL_PLATFORM/community-platform/node_modules/next/dist/esm/server/route-modules/app-page/vendored/contexts/app-router-context.js
7bc6b9a06e1d45a545a74602dfda5ac5f2f18d6bde72b8edb42094f4f2835a5a,136,2,community-platform/node_modules/next/dist/esm/server/route-modules/pages/vendored/contexts/app-router-context.js,06_DIGITAL_PLATFORM/community-platform/node_modules/next/dist/esm/server/route-modules/pages/vendored/contexts/app-router-context.js
7cf0a8129a124af2fcddf63fb8eb2541b4919a299d2a80fa88d449f755afae07,41003,2,GOV-FORMS-001-Governance-Forms-and-Decision-Records-Manual.docx,80_HISTORICAL_AND_PREINTEGRATION_PACKAGES/top_level_institutional_exports/GOV-FORMS-001-Governance-Forms-and-Decision-Records-Manual.docx
7cf0a8129a124af2fcddf63fb8eb2541b4919a299d2a80fa88d449f755afae07,41003,2,institution/06-templates/manuals/GOV-FORMS-001-Governance-Forms-and-Decision-Records-Manual.docx,04_INSTITUTION_AND_GOVERNANCE/institution/06-templates/manuals/GOV-FORMS-001-Governance-Forms-and-Decision-Records-Manual.docx
7d211552731db17e1ff8635eea0970ef57ecc91b04b95536b9fa5abbfafaec26,144,2,community-platform/node_modules/client-only/error.js,06_DIGITAL_PLATFORM/community-platform/node_modules/client-only/error.js
7d211552731db17e1ff8635eea0970ef57ecc91b04b95536b9fa5abbfafaec26,144,2,community-platform/node_modules/next/dist/compiled/client-only/error.js,06_DIGITAL_PLATFORM/community-platform/node_modules/next/dist/compiled/client-only/error.js
7d50fa12862428f8f81f118f8023e58a91d909d169b5afb4454fd5d2342a745c,40759,2,Church/CH-023-Worship-Site-Record.docx,80_HISTORICAL_AND_PREINTEGRATION_PACKAGES/Church/CH-023-Worship-Site-Record.docx
7d50fa12862428f8f81f118f8023e58a91d909d169b5afb4454fd5d2342a745c,40759,2,institution/05-operations/membership/CH-023-Worship-Site-Record.docx,04_INSTITUTION_AND_GOVERNANCE/institution/05-operations/membership/CH-023-Worship-Site-Record.docx
7d5609538a79545ec945e019771ed562e2c65a6c1c3c4ccc4ea34372e277c396,13036,2,community-platform/node_modules/next/dist/esm/next-devtools/server/font/geist-mono-latin-ext.woff2,06_DIGITAL_PLATFORM/community-platform/node_modules/next/dist/esm/next-devtools/server/font/geist-mono-latin-ext.woff2
7d5609538a79545ec945e019771ed562e2c65a6c1c3c4ccc4ea34372e277c396,13036,2,community-platform/node_modules/next/dist/next-devtools/server/font/geist-mono-latin-ext.woff2,06_DIGITAL_PLATFORM/community-platform/node_modules/next/dist/next-devtools/server/font/geist-mono-latin-ext.woff2
7d811e160eff7365440deeb9770a5d56d1473c40aace95a5ab3c5b8e044f1309,2691,2,community-platform/node_modules/@supabase/realtime-js/dist/main/lib/websocket-factory.d.ts,06_DIGITAL_PLATFORM/community-platform/node_modules/@supabase/realtime-js/dist/main/lib/websocket-factory.d.ts
7d811e160eff7365440deeb9770a5d56d1473c40aace95a5ab3c5b8e044f1309,2691,2,community-platform/node_modules/@supabase/realtime-js/dist/module/lib/websocket-factory.d.ts,06_DIGITAL_PLATFORM/community-platform/node_modules/@supabase/realtime-js/dist/module/lib/websocket-factory.d.ts
7e29f41b158de217f94cb9676bf9cbd0cd9b5a46e1985141ed36e075c52bf6ad,7520,2,community-platform/node_modules/@types/react/global.d.ts,06_DIGITAL_PLATFORM/community-platform/node_modules/@types/react/global.d.ts
7e29f41b158de217f94cb9676bf9cbd0cd9b5a46e1985141ed36e075c52bf6ad,7520,2,community-platform/node_modules/@types/react/ts5.0/global.d.ts,06_DIGITAL_PLATFORM/community-platform/node_modules/@types/react/ts5.0/global.d.ts
7e3e6a44d03e33bfab39e9c14d172647be7b47419f43136d0f7b2f9575fba0d5,8502,2,community-platform/node_modules/@supabase/auth-js/dist/main/lib/errors.d.ts,06_DIGITAL_PLATFORM/community-platform/node_modules/@supabase/auth-js/dist/main/lib/errors.d.ts
7e3e6a44d03e33bfab39e9c14d172647be7b47419f43136d0f7b2f9575fba0d5,8502,2,community-platform/node_modules/@supabase/auth-js/dist/module/lib/errors.d.ts,06_DIGITAL_PLATFORM/community-platform/node_modules/@supabase/auth-js/dist/module/lib/errors.d.ts
7f389573cb9abf2f3f2be5d73a4b3248656fabff7fdddc5957898117bef0f07c,7509,2,community-platform/node_modules/@supabase/auth-js/dist/main/lib/helpers.d.ts,06_DIGITAL_PLATFORM/community-platform/node_modules/@supabase/auth-js/dist/main/lib/helpers.d.ts
7f389573cb9abf2f3f2be5d73a4b3248656fabff7fdddc5957898117bef0f07c,7509,2,community-platform/node_modules/@supabase/auth-js/dist/module/lib/helpers.d.ts,06_DIGITAL_PLATFORM/community-platform/node_modules/@supabase/auth-js/dist/module/lib/helpers.d.ts
7f5fa0f0382fed17b9de98269badaf1c76f3847a05277fb73d2f4b289c8f844d,154,2,community-platform/node_modules/next/dist/server/route-modules/app-page/vendored/contexts/head-manager-context.js,06_DIGITAL_PLATFORM/community-platform/node_modules/next/dist/server/route-modules/app-page/vendored/contexts/head-manager-context.js
7f5fa0f0382fed17b9de98269badaf1c76f3847a05277fb73d2f4b289c8f844d,154,2,community-platform/node_modules/next/dist/server/route-modules/pages/vendored/contexts/head-manager-context.js,06_DIGITAL_PLATFORM/community-platform/node_modules/next/dist/server/route-modules/pages/vendored/contexts/head-manager-context.js
80941f0f77c700c8853cf751d6ee21411f81dc743a67b634195664d18721e05f,807,4,forms/27_investigator_terms_reference_form.md,80_HISTORICAL_AND_PREINTEGRATION_PACKAGES/forms/27_investigator_terms_reference_form.md
80941f0f77c700c8853cf751d6ee21411f81dc743a67b634195664d18721e05f,807,4,institutional_integrity/institutional_integrity_v0_2_release/modular_source/forms/27_investigator_terms_reference_form.md,05_INTEGRITY_SAFEGUARDING_AND_COMPLIANCE/institutional_integrity/institutional_integrity_v0_2_release/modular_source/forms/27_investigator_terms_reference_form.md
80941f0f77c700c8853cf751d6ee21411f81dc743a67b634195664d18721e05f,807,4,institutional_integrity/institutional_integrity_v0_3/forms/27_investigator_terms_reference_form.md,05_INTEGRITY_SAFEGUARDING_AND_COMPLIANCE/institutional_integrity/institutional_integrity_v0_3/forms/27_investigator_terms_reference_form.md
80941f0f77c700c8853cf751d6ee21411f81dc743a67b634195664d18721e05f,807,4,institutional_integrity/institutional_integrity_v0_4/forms/27_investigator_terms_reference_form.md,05_INTEGRITY_SAFEGUARDING_AND_COMPLIANCE/institutional_integrity/institutional_integrity_v0_4/forms/27_investigator_terms_reference_form.md
81070e2fa9dcec4a10783be224e5d4b5c784b42a46d75b4ff9f0d9c072de79ba,40130,2,institution/06-templates/governance/GOV-AGD-001-Agenda.docx,04_INSTITUTION_AND_GOVERNANCE/institution/06-templates/governance/GOV-AGD-001-Agenda.docx
81070e2fa9dcec4a10783be224e5d4b5c784b42a46d75b4ff9f0d9c072de79ba,40130,2,operations/templates/04-Governance/GOV-AGD-001-Agenda.docx,80_HISTORICAL_AND_PREINTEGRATION_PACKAGES/operations/templates/04-Governance/GOV-AGD-001-Agenda.docx
812c39d229bf2b1dfe6bfffcf074e2c4f6052f113e35043f39a3c9cb11d695c7,40148,2,institution/06-templates/discipline/DISC-HEAR-001-Hearing-Record.docx,04_INSTITUTION_AND_GOVERNANCE/institution/06-templates/discipline/DISC-HEAR-001-Hearing-Record.docx
812c39d229bf2b1dfe6bfffcf074e2c4f6052f113e35043f39a3c9cb11d695c7,40148,2,operations/templates/01-Discipline/DISC-HEAR-001-Hearing-Record.docx,80_HISTORICAL_AND_PREINTEGRATION_PACKAGES/operations/templates/01-Discipline/DISC-HEAR-001-Hearing-Record.docx
818c483da86ccb495846bfaac2315da1ee4e8bac5a527bb1ddfff686abf222e8,117,2,community-platform/node_modules/next/dist/esm/shared/lib/dset.d.ts,06_DIGITAL_PLATFORM/community-platform/node_modules/next/dist/esm/shared/lib/dset.d.ts
818c483da86ccb495846bfaac2315da1ee4e8bac5a527bb1ddfff686abf222e8,117,2,community-platform/node_modules/next/dist/shared/lib/dset.d.ts,06_DIGITAL_PLATFORM/community-platform/node_modules/next/dist/shared/lib/dset.d.ts
82f7d5be1d84db14a79291edef511d1a008ddbf62822d5969865f203a4fb79dc,313,3,community-platform/node_modules/next/dist/compiled/react-dom/static.edge.js,06_DIGITAL_PLATFORM/community-platform/node_modules/next/dist/compiled/react-dom/static.edge.js
82f7d5be1d84db14a79291edef511d1a008ddbf62822d5969865f203a4fb79dc,313,3,community-platform/node_modules/next/dist/compiled/react-dom-experimental/static.edge.js,06_DIGITAL_PLATFORM/community-platform/node_modules/next/dist/compiled/react-dom-experimental/static.edge.js
82f7d5be1d84db14a79291edef511d1a008ddbf62822d5969865f203a4fb79dc,313,3,community-platform/node_modules/react-dom/static.edge.js,06_DIGITAL_PLATFORM/community-platform/node_modules/react-dom/static.edge.js
844bd7d2eb3265395c91548b73184d8691ee6a67f9df7b97cd3fe38c5e61d8cc,1666,2,community-platform/node_modules/@supabase/functions-js/dist/main/types.d.ts.map,06_DIGITAL_PLATFORM/community-platform/node_modules/@supabase/functions-js/dist/main/types.d.ts.map
844bd7d2eb3265395c91548b73184d8691ee6a67f9df7b97cd3fe38c5e61d8cc,1666,2,community-platform/node_modules/@supabase/functions-js/dist/module/types.d.ts.map,06_DIGITAL_PLATFORM/community-platform/node_modules/@supabase/functions-js/dist/module/types.d.ts.map
8496dc3eab8eb051efaa399d00a9457726003691e6a844c23f9e5b85d1139587,40836,2,FOUND-TRANS-001-Founding-Transition-Schedule.docx,80_HISTORICAL_AND_PREINTEGRATION_PACKAGES/top_level_institutional_exports/FOUND-TRANS-001-Founding-Transition-Schedule.docx
8496dc3eab8eb051efaa399d00a9457726003691e6a844c23f9e5b85d1139587,40836,2,institution/02-constitutional/FOUND-TRANS-001/0.1.0/FOUND-TRANS-001-Founding-Transition-Schedule.docx,04_INSTITUTION_AND_GOVERNANCE/institution/02-constitutional/FOUND-TRANS-001/0.1.0/FOUND-TRANS-001-Founding-Transition-Schedule.docx
85853d186a1b3d943c185b0e45c51ea65116505cd62818f975f0494bc607104f,94,2,community-platform/node_modules/next/dist/compiled/webpack-sources1/package.json,06_DIGITAL_PLATFORM/community-platform/node_modules/next/dist/compiled/webpack-sources1/package.json
85853d186a1b3d943c185b0e45c51ea65116505cd62818f975f0494bc607104f,94,2,community-platform/node_modules/next/dist/compiled/webpack-sources3/package.json,06_DIGITAL_PLATFORM/community-platform/node_modules/next/dist/compiled/webpack-sources3/package.json
85b5600c105827005786692ef0b827d21dd9ac9b45ee3a582f3165bf6e45d854,157161,2,institution/05-operations/ministry/Ministry-and-Education-Registers.xlsx,04_INSTITUTION_AND_GOVERNANCE/institution/05-operations/ministry/Ministry-and-Education-Registers.xlsx
85b5600c105827005786692ef0b827d21dd9ac9b45ee3a582f3165bf6e45d854,157161,2,Ministry-and-Education-Registers.xlsx,80_HISTORICAL_AND_PREINTEGRATION_PACKAGES/top_level_institutional_exports/Ministry-and-Education-Registers.xlsx
8649170a1de1307c9c1f9653bc5cdebdd1d7547a8fbf99a9cd29186f93e5d671,110998,2,community-platform/node_modules/@supabase/auth-js/dist/main/lib/types.d.ts,06_DIGITAL_PLATFORM/community-platform/node_modules/@supabase/auth-js/dist/main/lib/types.d.ts
8649170a1de1307c9c1f9653bc5cdebdd1d7547a8fbf99a9cd29186f93e5d671,110998,2,community-platform/node_modules/@supabase/auth-js/dist/module/lib/types.d.ts,06_DIGITAL_PLATFORM/community-platform/node_modules/@supabase/auth-js/dist/module/lib/types.d.ts
86538b8331200a6d146d7eeecb8ee640f4e9c840034eb4b54cce90ace1ac8fd6,139876,2,Church/CH-051-Supplemental-Attachment-DRAFT.pdf,80_HISTORICAL_AND_PREINTEGRATION_PACKAGES/Church/CH-051-Supplemental-Attachment-DRAFT.pdf
86538b8331200a6d146d7eeecb8ee640f4e9c840034eb4b54cce90ace1ac8fd6,139876,2,institution/09-tax-and-regulatory/form-1023/CH-051-Supplemental-Attachment-DRAFT.pdf,04_INSTITUTION_AND_GOVERNANCE/institution/09-tax-and-regulatory/form-1023/CH-051-Supplemental-Attachment-DRAFT.pdf
865a2612f5ec073dd48d454307ccabb04c48f8b96fda9940c5ebfe6b4b451f51,1143,2,community-platform/node_modules/@types/react/canary.d.ts,06_DIGITAL_PLATFORM/community-platform/node_modules/@types/react/canary.d.ts
865a2612f5ec073dd48d454307ccabb04c48f8b96fda9940c5ebfe6b4b451f51,1143,2,community-platform/node_modules/@types/react/ts5.0/canary.d.ts,06_DIGITAL_PLATFORM/community-platform/node_modules/@types/react/ts5.0/canary.d.ts
866b27526e48bf41b9e8d991009c01753a7afbf77743cb523a405c00d289dbe5,261,2,community-platform/node_modules/next/dist/api/dynamic.js.map,06_DIGITAL_PLATFORM/community-platform/node_modules/next/dist/api/dynamic.js.map
866b27526e48bf41b9e8d991009c01753a7afbf77743cb523a405c00d289dbe5,261,2,community-platform/node_modules/next/dist/esm/api/dynamic.js.map,06_DIGITAL_PLATFORM/community-platform/node_modules/next/dist/esm/api/dynamic.js.map
8884b7e998744779d2f5a1dbe65296b2dd618894e3e8a57f62cc148a3c47ad25,10707,2,community-platform/node_modules/@supabase/auth-js/dist/main/GoTrueClient.d.ts.map,06_DIGITAL_PLATFORM/community-platform/node_modules/@supabase/auth-js/dist/main/GoTrueClient.d.ts.map
8884b7e998744779d2f5a1dbe65296b2dd618894e3e8a57f62cc148a3c47ad25,10707,2,community-platform/node_modules/@supabase/auth-js/dist/module/GoTrueClient.d.ts.map,06_DIGITAL_PLATFORM/community-platform/node_modules/@supabase/auth-js/dist/module/GoTrueClient.d.ts.map
88e667020933b71752478d18e3f94271e9e8eb44d6dfff95ba014b06b47329be,3974,3,community-platform/node_modules/next/dist/compiled/scheduler/cjs/scheduler-unstable_post_task.production.js,06_DIGITAL_PLATFORM/community-platform/node_modules/next/dist/compiled/scheduler/cjs/scheduler-unstable_post_task.production.js
88e667020933b71752478d18e3f94271e9e8eb44d6dfff95ba014b06b47329be,3974,3,community-platform/node_modules/next/dist/compiled/scheduler-experimental/cjs/scheduler-unstable_post_task.production.js,06_DIGITAL_PLATFORM/community-platform/node_modules/next/dist/compiled/scheduler-experimental/cjs/scheduler-unstable_post_task.production.js
88e667020933b71752478d18e3f94271e9e8eb44d6dfff95ba014b06b47329be,3974,3,community-platform/node_modules/scheduler/cjs/scheduler-unstable_post_task.production.js,06_DIGITAL_PLATFORM/community-platform/node_modules/scheduler/cjs/scheduler-unstable_post_task.production.js
893747b9a43107f3ae64fdfa9047c47e41528a47914d9599a6988accf04d2d71,5527,2,community-platform/node_modules/@supabase/ssr/dist/main/types.d.ts,06_DIGITAL_PLATFORM/community-platform/node_modules/@supabase/ssr/dist/main/types.d.ts
893747b9a43107f3ae64fdfa9047c47e41528a47914d9599a6988accf04d2d71,5527,2,community-platform/node_modules/@supabase/ssr/dist/module/types.d.ts,06_DIGITAL_PLATFORM/community-platform/node_modules/@supabase/ssr/dist/module/types.d.ts
8a05db291adfdedb4e9509e524e4f499adec95f6ffb6b8d2e04ea73aa2950684,58,3,community-platform/node_modules/next/dist/compiled/react-dom/server.js,06_DIGITAL_PLATFORM/community-platform/node_modules/next/dist/compiled/react-dom/server.js
8a05db291adfdedb4e9509e524e4f499adec95f6ffb6b8d2e04ea73aa2950684,58,3,community-platform/node_modules/next/dist/compiled/react-dom-experimental/server.js,06_DIGITAL_PLATFORM/community-platform/node_modules/next/dist/compiled/react-dom-experimental/server.js
8a05db291adfdedb4e9509e524e4f499adec95f6ffb6b8d2e04ea73aa2950684,58,3,community-platform/node_modules/react-dom/server.js,06_DIGITAL_PLATFORM/community-platform/node_modules/react-dom/server.js
8a09f6116c4d7088ffcdb447a9b1a908dff4a9934ae2a34b0c351b96d9d71153,233,2,community-platform/node_modules/@supabase/auth-js/dist/module/lib/version.js.map,06_DIGITAL_PLATFORM/community-platform/node_modules/@supabase/auth-js/dist/module/lib/version.js.map
8a09f6116c4d7088ffcdb447a9b1a908dff4a9934ae2a34b0c351b96d9d71153,233,2,community-platform/node_modules/@supabase/realtime-js/dist/module/lib/version.js.map,06_DIGITAL_PLATFORM/community-platform/node_modules/@supabase/realtime-js/dist/module/lib/version.js.map
8a0b9eccfa84f17d3f9f0567782a555e5ed3f15be1aa7d378bd6a21945c1c237,40250,2,institution/06-templates/discipline/DISC-AUTH-001-Case-Authority-Map.docx,04_INSTITUTION_AND_GOVERNANCE/institution/06-templates/discipline/DISC-AUTH-001-Case-Authority-Map.docx
8a0b9eccfa84f17d3f9f0567782a555e5ed3f15be1aa7d378bd6a21945c1c237,40250,2,operations/templates/01-Discipline/DISC-AUTH-001-Case-Authority-Map.docx,80_HISTORICAL_AND_PREINTEGRATION_PACKAGES/operations/templates/01-Discipline/DISC-AUTH-001-Case-Authority-Map.docx
8a0ed00df418bc282dba59a92127eb8b20fe857729571462405753af9d3d6e40,4503,2,HTERP/HTERP_v0.2/dossiers/HTE-001-mari.md,02_RESEARCH_AND_EVIDENCE/HTERP/HTERP_v0.2/dossiers/HTE-001-mari.md
8a0ed00df418bc282dba59a92127eb8b20fe857729571462405753af9d3d6e40,4503,2,HTERP/HTERP_v1.4/dossiers/HTE-001-mari.md,02_RESEARCH_AND_EVIDENCE/HTERP/HTERP_v1.4/dossiers/HTE-001-mari.md
8a27e74a6d71a31b400e2185bddc65a17bd2410a0e5089525b49760bd32c6988,2024,2,community-platform/node_modules/@supabase/auth-js/dist/main/lib/web3/ethereum.d.ts.map,06_DIGITAL_PLATFORM/community-platform/node_modules/@supabase/auth-js/dist/main/lib/web3/ethereum.d.ts.map
8a27e74a6d71a31b400e2185bddc65a17bd2410a0e5089525b49760bd32c6988,2024,2,community-platform/node_modules/@supabase/auth-js/dist/module/lib/web3/ethereum.d.ts.map,06_DIGITAL_PLATFORM/community-platform/node_modules/@supabase/auth-js/dist/module/lib/web3/ethereum.d.ts.map
8aeead2f59593c30b140b3515e2bd109a80f1bcfc9561b83b0f28642c87ef8c7,40206,2,institution/06-templates/doctrine/DOC-DEC-001-Doctrine-Interpretation-Decision.docx,04_INSTITUTION_AND_GOVERNANCE/institution/06-templates/doctrine/DOC-DEC-001-Doctrine-Interpretation-Decision.docx
8aeead2f59593c30b140b3515e2bd109a80f1bcfc9561b83b0f28642c87ef8c7,40206,2,operations/templates/02-Doctrine/DOC-DEC-001-Doctrine-Interpretation-Decision.docx,80_HISTORICAL_AND_PREINTEGRATION_PACKAGES/operations/templates/02-Doctrine/DOC-DEC-001-Doctrine-Interpretation-Decision.docx
8b83465a17de1b6434f518149adfe96f683b13654d111c94c3062c4f6e6091fa,1178,2,release_v1_0/source/decision_register_v1_0.md,03_RELEASES_AND_BASELINES/release_v1_0/source/decision_register_v1_0.md
8b83465a17de1b6434f518149adfe96f683b13654d111c94c3062c4f6e6091fa,1178,2,source/decision_register_v1_0.md,01_FOUNDATIONAL_SOURCE/source/decision_register_v1_0.md
8bf904c0bcb7ef1128ff76ddbd3d3307cbef66719703ea0c417cf220db94a6b2,201,2,community-platform/node_modules/@supabase/auth-js/dist/main/AuthClient.d.ts.map,06_DIGITAL_PLATFORM/community-platform/node_modules/@supabase/auth-js/dist/main/AuthClient.d.ts.map
8bf904c0bcb7ef1128ff76ddbd3d3307cbef66719703ea0c417cf220db94a6b2,201,2,community-platform/node_modules/@supabase/auth-js/dist/module/AuthClient.d.ts.map,06_DIGITAL_PLATFORM/community-platform/node_modules/@supabase/auth-js/dist/module/AuthClient.d.ts.map
8c08e7e11156e1a7287093c06d9dba6f677083d36a0c47f6a1986f284c824330,40169,2,institution/06-templates/discipline/DISC-FIND-001-Findings-and-Decision.docx,04_INSTITUTION_AND_GOVERNANCE/institution/06-templates/discipline/DISC-FIND-001-Findings-and-Decision.docx
8c08e7e11156e1a7287093c06d9dba6f677083d36a0c47f6a1986f284c824330,40169,2,operations/templates/01-Discipline/DISC-FIND-001-Findings-and-Decision.docx,80_HISTORICAL_AND_PREINTEGRATION_PACKAGES/operations/templates/01-Discipline/DISC-FIND-001-Findings-and-Decision.docx
8cd0ab3857f4c8c6823979a2e4e58e51d1a391519b7b702f25e721ca093aa5ec,3563,2,HTERP/HTERP_v0.2/dossiers/HTE-045-046-experimental-mystical.md,02_RESEARCH_AND_EVIDENCE/HTERP/HTERP_v0.2/dossiers/HTE-045-046-experimental-mystical.md
8cd0ab3857f4c8c6823979a2e4e58e51d1a391519b7b702f25e721ca093aa5ec,3563,2,HTERP/HTERP_v1.4/dossiers/HTE-045-046-experimental-mystical.md,02_RESEARCH_AND_EVIDENCE/HTERP/HTERP_v1.4/dossiers/HTE-045-046-experimental-mystical.md
8ce82daa2079581a9127bdcf2947ec4c2c87a0f12aa5db04f80a0de650e12eea,1378,3,community-platform/node_modules/next/dist/compiled/react-dom/profiling.js,06_DIGITAL_PLATFORM/community-platform/node_modules/next/dist/compiled/react-dom/profiling.js
8ce82daa2079581a9127bdcf2947ec4c2c87a0f12aa5db04f80a0de650e12eea,1378,3,community-platform/node_modules/next/dist/compiled/react-dom-experimental/profiling.js,06_DIGITAL_PLATFORM/community-platform/node_modules/next/dist/compiled/react-dom-experimental/profiling.js
8ce82daa2079581a9127bdcf2947ec4c2c87a0f12aa5db04f80a0de650e12eea,1378,3,community-platform/node_modules/react-dom/profiling.js,06_DIGITAL_PLATFORM/community-platform/node_modules/react-dom/profiling.js
8cf2209b02bab844afdb07ad79887f748b2026c2ad48c36f684dd3ff9c394e83,538,4,forms/36_compensation_approval_memo.md,80_HISTORICAL_AND_PREINTEGRATION_PACKAGES/forms/36_compensation_approval_memo.md
8cf2209b02bab844afdb07ad79887f748b2026c2ad48c36f684dd3ff9c394e83,538,4,institutional_integrity/institutional_integrity_v0_2_release/modular_source/forms/36_compensation_approval_memo.md,05_INTEGRITY_SAFEGUARDING_AND_COMPLIANCE/institutional_integrity/institutional_integrity_v0_2_release/modular_source/forms/36_compensation_approval_memo.md
8cf2209b02bab844afdb07ad79887f748b2026c2ad48c36f684dd3ff9c394e83,538,4,institutional_integrity/institutional_integrity_v0_3/forms/36_compensation_approval_memo.md,05_INTEGRITY_SAFEGUARDING_AND_COMPLIANCE/institutional_integrity/institutional_integrity_v0_3/forms/36_compensation_approval_memo.md
8cf2209b02bab844afdb07ad79887f748b2026c2ad48c36f684dd3ff9c394e83,538,4,institutional_integrity/institutional_integrity_v0_4/forms/36_compensation_approval_memo.md,05_INTEGRITY_SAFEGUARDING_AND_COMPLIANCE/institutional_integrity/institutional_integrity_v0_4/forms/36_compensation_approval_memo.md
8d4184ac0a4db7daf285e07dbb8064645fd3f8b3b0aae6aa54b86475d03a00f3,41,2,community-platform/node_modules/@supabase/ssr/dist/main/version.d.ts,06_DIGITAL_PLATFORM/community-platform/node_modules/@supabase/ssr/dist/main/version.d.ts
8d4184ac0a4db7daf285e07dbb8064645fd3f8b3b0aae6aa54b86475d03a00f3,41,2,community-platform/node_modules/@supabase/ssr/dist/module/version.d.ts,06_DIGITAL_PLATFORM/community-platform/node_modules/@supabase/ssr/dist/module/version.d.ts
8d7a2c888de616f9fb9dca8ba037bee02ed100ceb98bbb2b3e91141bbf6ec904,2240,2,community-platform/node_modules/@supabase/ssr/dist/main/cookies.d.ts,06_DIGITAL_PLATFORM/community-platform/node_modules/@supabase/ssr/dist/main/cookies.d.ts
8d7a2c888de616f9fb9dca8ba037bee02ed100ceb98bbb2b3e91141bbf6ec904,2240,2,community-platform/node_modules/@supabase/ssr/dist/module/cookies.d.ts,06_DIGITAL_PLATFORM/community-platform/node_modules/@supabase/ssr/dist/module/cookies.d.ts
8d909ca8ed82baa04e1807a066307e0bf9bf0cf5f5c36dc16abb5d4f1ee7b3a9,160,2,release_v1_2/v1_2/director_candidate_tracker_v1_2.csv,03_RELEASES_AND_BASELINES/release_v1_2/v1_2/director_candidate_tracker_v1_2.csv
8d909ca8ed82baa04e1807a066307e0bf9bf0cf5f5c36dc16abb5d4f1ee7b3a9,160,2,source/director_candidate_tracker_v1_2.csv,01_FOUNDATIONAL_SOURCE/source/director_candidate_tracker_v1_2.csv
8e301e087974a6c5eb50f252a06281b844e9c6fa099542809fa9634828f7b2e9,4351,2,community-platform/node_modules/@supabase/realtime-js/dist/main/RealtimeClient.d.ts.map,06_DIGITAL_PLATFORM/community-platform/node_modules/@supabase/realtime-js/dist/main/RealtimeClient.d.ts.map
8e301e087974a6c5eb50f252a06281b844e9c6fa099542809fa9634828f7b2e9,4351,2,community-platform/node_modules/@supabase/realtime-js/dist/module/RealtimeClient.d.ts.map,06_DIGITAL_PLATFORM/community-platform/node_modules/@supabase/realtime-js/dist/module/RealtimeClient.d.ts.map
8e609bb71c20b858c77f0e9f90bb1319db8477b13f9f965f1a1e18524bf50881,11,26,community-platform/node_modules/@supabase/ssr/dist/main/clearAuthCookiesAtScopes.spec.d.ts,06_DIGITAL_PLATFORM/community-platform/node_modules/@supabase/ssr/dist/main/clearAuthCookiesAtScopes.spec.d.ts
8e609bb71c20b858c77f0e9f90bb1319db8477b13f9f965f1a1e18524bf50881,11,26,community-platform/node_modules/@supabase/ssr/dist/main/cookies.spec.d.ts,06_DIGITAL_PLATFORM/community-platform/node_modules/@supabase/ssr/dist/main/cookies.spec.d.ts
8e609bb71c20b858c77f0e9f90bb1319db8477b13f9f965f1a1e18524bf50881,11,26,community-platform/node_modules/@supabase/ssr/dist/main/createBrowserClient.spec.d.ts,06_DIGITAL_PLATFORM/community-platform/node_modules/@supabase/ssr/dist/main/createBrowserClient.spec.d.ts
8e609bb71c20b858c77f0e9f90bb1319db8477b13f9f965f1a1e18524bf50881,11,26,community-platform/node_modules/@supabase/ssr/dist/main/createServerClient.spec.d.ts,06_DIGITAL_PLATFORM/community-platform/node_modules/@supabase/ssr/dist/main/createServerClient.spec.d.ts
8e609bb71c20b858c77f0e9f90bb1319db8477b13f9f965f1a1e18524bf50881,11,26,community-platform/node_modules/@supabase/ssr/dist/main/utils/base64url.test.d.ts,06_DIGITAL_PLATFORM/community-platform/node_modules/@supabase/ssr/dist/main/utils/base64url.test.d.ts
8e609bb71c20b858c77f0e9f90bb1319db8477b13f9f965f1a1e18524bf50881,11,26,community-platform/node_modules/@supabase/ssr/dist/main/utils/chunker.spec.d.ts,06_DIGITAL_PLATFORM/community-platform/node_modules/@supabase/ssr/dist/main/utils/chunker.spec.d.ts
8e609bb71c20b858c77f0e9f90bb1319db8477b13f9f965f1a1e18524bf50881,11,26,community-platform/node_modules/@supabase/ssr/dist/main/utils/helpers.spec.d.ts,06_DIGITAL_PLATFORM/community-platform/node_modules/@supabase/ssr/dist/main/utils/helpers.spec.d.ts
8e609bb71c20b858c77f0e9f90bb1319db8477b13f9f965f1a1e18524bf50881,11,26,community-platform/node_modules/@supabase/ssr/dist/module/clearAuthCookiesAtScopes.spec.d.ts,06_DIGITAL_PLATFORM/community-platform/node_modules/@supabase/ssr/dist/module/clearAuthCookiesAtScopes.spec.d.ts
8e609bb71c20b858c77f0e9f90bb1319db8477b13f9f965f1a1e18524bf50881,11,26,community-platform/node_modules/@supabase/ssr/dist/module/cookies.spec.d.ts,06_DIGITAL_PLATFORM/community-platform/node_modules/@supabase/ssr/dist/module/cookies.spec.d.ts
8e609bb71c20b858c77f0e9f90bb1319db8477b13f9f965f1a1e18524bf50881,11,26,community-platform/node_modules/@supabase/ssr/dist/module/createBrowserClient.spec.d.ts,06_DIGITAL_PLATFORM/community-platform/node_modules/@supabase/ssr/dist/module/createBrowserClient.spec.d.ts
8e609bb71c20b858c77f0e9f90bb1319db8477b13f9f965f1a1e18524bf50881,11,26,community-platform/node_modules/@supabase/ssr/dist/module/createServerClient.spec.d.ts,06_DIGITAL_PLATFORM/community-platform/node_modules/@supabase/ssr/dist/module/createServerClient.spec.d.ts
8e609bb71c20b858c77f0e9f90bb1319db8477b13f9f965f1a1e18524bf50881,11,26,community-platform/node_modules/@supabase/ssr/dist/module/utils/base64url.test.d.ts,06_DIGITAL_PLATFORM/community-platform/node_modules/@supabase/ssr/dist/module/utils/base64url.test.d.ts
8e609bb71c20b858c77f0e9f90bb1319db8477b13f9f965f1a1e18524bf50881,11,26,community-platform/node_modules/@supabase/ssr/dist/module/utils/chunker.spec.d.ts,06_DIGITAL_PLATFORM/community-platform/node_modules/@supabase/ssr/dist/module/utils/chunker.spec.d.ts
8e609bb71c20b858c77f0e9f90bb1319db8477b13f9f965f1a1e18524bf50881,11,26,community-platform/node_modules/@supabase/ssr/dist/module/utils/helpers.spec.d.ts,06_DIGITAL_PLATFORM/community-platform/node_modules/@supabase/ssr/dist/module/utils/helpers.spec.d.ts
8e609bb71c20b858c77f0e9f90bb1319db8477b13f9f965f1a1e18524bf50881,11,26,community-platform/node_modules/next/dist/build/webpack/loaders/next-style-loader/index.d.ts,06_DIGITAL_PLATFORM/community-platform/node_modules/next/dist/build/webpack/loaders/next-style-loader/index.d.ts
8e609bb71c20b858c77f0e9f90bb1319db8477b13f9f965f1a1e18524bf50881,11,26,community-platform/node_modules/next/dist/client/components/navigation-untracked.d.ts,06_DIGITAL_PLATFORM/community-platform/node_modules/next/dist/client/components/navigation-untracked.d.ts
8e609bb71c20b858c77f0e9f90bb1319db8477b13f9f965f1a1e18524bf50881,11,26,community-platform/node_modules/next/dist/client/register-deployment-id-global.d.ts,06_DIGITAL_PLATFORM/community-platform/node_modules/next/dist/client/register-deployment-id-global.d.ts
8e609bb71c20b858c77f0e9f90bb1319db8477b13f9f965f1a1e18524bf50881,11,26,community-platform/node_modules/next/dist/client/webpack.d.ts,06_DIGITAL_PLATFORM/community-platform/node_modules/next/dist/client/webpack.d.ts
8e609bb71c20b858c77f0e9f90bb1319db8477b13f9f965f1a1e18524bf50881,11,26,community-platform/node_modules/next/dist/lib/import-next-warning.d.ts,06_DIGITAL_PLATFORM/community-platform/node_modules/next/dist/lib/import-next-warning.d.ts
8e609bb71c20b858c77f0e9f90bb1319db8477b13f9f965f1a1e18524bf50881,11,26,community-platform/node_modules/next/dist/next-devtools/userspace/app/app-dev-overlay-setup.d.ts,06_DIGITAL_PLATFORM/community-platform/node_modules/next/dist/next-devtools/userspace/app/app-dev-overlay-setup.d.ts
8e609bb71c20b858c77f0e9f90bb1319db8477b13f9f965f1a1e18524bf50881,11,26,community-platform/node_modules/next/dist/server/node-environment-extensions/console-file.d.ts,06_DIGITAL_PLATFORM/community-platform/node_modules/next/dist/server/node-environment-extensions/console-file.d.ts
8e609bb71c20b858c77f0e9f90bb1319db8477b13f9f965f1a1e18524bf50881,11,26,community-platform/node_modules/next/dist/server/node-environment-extensions/date.d.ts,06_DIGITAL_PLATFORM/community-platform/node_modules/next/dist/server/node-environment-extensions/date.d.ts
8e609bb71c20b858c77f0e9f90bb1319db8477b13f9f965f1a1e18524bf50881,11,26,community-platform/node_modules/next/dist/server/node-environment-extensions/error-inspect.d.ts,06_DIGITAL_PLATFORM/community-platform/node_modules/next/dist/server/node-environment-extensions/error-inspect.d.ts
8e609bb71c20b858c77f0e9f90bb1319db8477b13f9f965f1a1e18524bf50881,11,26,community-platform/node_modules/next/dist/server/request/root-params.d.ts,06_DIGITAL_PLATFORM/community-platform/node_modules/next/dist/server/request/root-params.d.ts
8e609bb71c20b858c77f0e9f90bb1319db8477b13f9f965f1a1e18524bf50881,11,26,community-platform/node_modules/next/dist/telemetry/detached-flush.d.ts,06_DIGITAL_PLATFORM/community-platform/node_modules/next/dist/telemetry/detached-flush.d.ts
8e609bb71c20b858c77f0e9f90bb1319db8477b13f9f965f1a1e18524bf50881,11,26,community-platform/node_modules/next/dist/trace/trace-uploader.d.ts,06_DIGITAL_PLATFORM/community-platform/node_modules/next/dist/trace/trace-uploader.d.ts
8e7256563ac89cc68321c7f73b5ca982e5d6836bd3c61e7ad225f1e98a31e659,1230,4,institutional_integrity/institutional_integrity_v0_2_release/modular_source/policies/11_compensation_approval_sop.md,05_INTEGRITY_SAFEGUARDING_AND_COMPLIANCE/institutional_integrity/institutional_integrity_v0_2_release/modular_source/policies/11_compensation_approval_sop.md
8e7256563ac89cc68321c7f73b5ca982e5d6836bd3c61e7ad225f1e98a31e659,1230,4,institutional_integrity/institutional_integrity_v0_3/policies/11_compensation_approval_sop.md,05_INTEGRITY_SAFEGUARDING_AND_COMPLIANCE/institutional_integrity/institutional_integrity_v0_3/policies/11_compensation_approval_sop.md
8e7256563ac89cc68321c7f73b5ca982e5d6836bd3c61e7ad225f1e98a31e659,1230,4,institutional_integrity/institutional_integrity_v0_4/policies/11_compensation_approval_sop.md,05_INTEGRITY_SAFEGUARDING_AND_COMPLIANCE/institutional_integrity/institutional_integrity_v0_4/policies/11_compensation_approval_sop.md
8e7256563ac89cc68321c7f73b5ca982e5d6836bd3c61e7ad225f1e98a31e659,1230,4,policies/11_compensation_approval_sop.md,80_HISTORICAL_AND_PREINTEGRATION_PACKAGES/policies/11_compensation_approval_sop.md
8eb7ba52b3d76004d6db44085b9bedbd72e15674a73c4bc3d603d397d5df63b4,40444,2,Church/CH-039-Compensation-Policy.docx,80_HISTORICAL_AND_PREINTEGRATION_PACKAGES/Church/CH-039-Compensation-Policy.docx
8eb7ba52b3d76004d6db44085b9bedbd72e15674a73c4bc3d603d397d5df63b4,40444,2,institution/05-operations/compliance/CH-039-Compensation-Policy.docx,04_INSTITUTION_AND_GOVERNANCE/institution/05-operations/compliance/CH-039-Compensation-Policy.docx
8eff9b8a5e66b8845afa944e06678b9e21d094e62b8df17760194fe7d8289594,737,2,community-platform/node_modules/next/dist/compiled/react-server-dom-turbopack/server.edge.js,06_DIGITAL_PLATFORM/community-platform/node_modules/next/dist/compiled/react-server-dom-turbopack/server.edge.js
8eff9b8a5e66b8845afa944e06678b9e21d094e62b8df17760194fe7d8289594,737,2,community-platform/node_modules/next/dist/compiled/react-server-dom-turbopack-experimental/server.edge.js,06_DIGITAL_PLATFORM/community-platform/node_modules/next/dist/compiled/react-server-dom-turbopack-experimental/server.edge.js
8f92ba68110dec29d7a578395bd5bfd6851ac4425e990d9bd0a0e402b6e69501,45248,2,reference_v0.8/theological_research_method_and_library_of_witnesses_v0_8.docx,03_RELEASES_AND_BASELINES/reference_v0.8/theological_research_method_and_library_of_witnesses_v0_8.docx
8f92ba68110dec29d7a578395bd5bfd6851ac4425e990d9bd0a0e402b6e69501,45248,2,theological_research_method_and_library_of_witnesses_v0_8.docx,80_HISTORICAL_AND_PREINTEGRATION_PACKAGES/top_level_foundational_exports/theological_research_method_and_library_of_witnesses_v0_8.docx
8fbea7f824e335d74d0f49563043a5699c69a60a19cc9b5720286ff7dc2da973,40658,2,Church/CH-029-Ministerial-Personnel-Records.docx,80_HISTORICAL_AND_PREINTEGRATION_PACKAGES/Church/CH-029-Ministerial-Personnel-Records.docx
8fbea7f824e335d74d0f49563043a5699c69a60a19cc9b5720286ff7dc2da973,40658,2,institution/05-operations/ministry/CH-029-Ministerial-Personnel-Records.docx,04_INSTITUTION_AND_GOVERNANCE/institution/05-operations/ministry/CH-029-Ministerial-Personnel-Records.docx
8ff83fdb07d3356d7c2dfee5adbdfc818c3b095d98acecc891f73847968030f2,217,2,community-platform/node_modules/@supabase/realtime-js/dist/main/lib/normalizeChannelError.d.ts.map,06_DIGITAL_PLATFORM/community-platform/node_modules/@supabase/realtime-js/dist/main/lib/normalizeChannelError.d.ts.map
8ff83fdb07d3356d7c2dfee5adbdfc818c3b095d98acecc891f73847968030f2,217,2,community-platform/node_modules/@supabase/realtime-js/dist/module/lib/normalizeChannelError.d.ts.map,06_DIGITAL_PLATFORM/community-platform/node_modules/@supabase/realtime-js/dist/module/lib/normalizeChannelError.d.ts.map
9068a8782d2fb4c6e432cfa25334efa56f722822180570802bf86e71b6003b1e,1071,7,community-platform/node_modules/next/dist/compiled/loader-utils2/LICENSE,06_DIGITAL_PLATFORM/community-platform/node_modules/next/dist/compiled/loader-utils2/LICENSE
9068a8782d2fb4c6e432cfa25334efa56f722822180570802bf86e71b6003b1e,1071,7,community-platform/node_modules/next/dist/compiled/loader-utils3/LICENSE,06_DIGITAL_PLATFORM/community-platform/node_modules/next/dist/compiled/loader-utils3/LICENSE
9068a8782d2fb4c6e432cfa25334efa56f722822180570802bf86e71b6003b1e,1071,7,community-platform/node_modules/next/dist/compiled/mini-css-extract-plugin/LICENSE,06_DIGITAL_PLATFORM/community-platform/node_modules/next/dist/compiled/mini-css-extract-plugin/LICENSE
9068a8782d2fb4c6e432cfa25334efa56f722822180570802bf86e71b6003b1e,1071,7,community-platform/node_modules/next/dist/compiled/schema-utils2/LICENSE,06_DIGITAL_PLATFORM/community-platform/node_modules/next/dist/compiled/schema-utils2/LICENSE
9068a8782d2fb4c6e432cfa25334efa56f722822180570802bf86e71b6003b1e,1071,7,community-platform/node_modules/next/dist/compiled/schema-utils3/LICENSE,06_DIGITAL_PLATFORM/community-platform/node_modules/next/dist/compiled/schema-utils3/LICENSE
9068a8782d2fb4c6e432cfa25334efa56f722822180570802bf86e71b6003b1e,1071,7,community-platform/node_modules/next/dist/compiled/watchpack/LICENSE,06_DIGITAL_PLATFORM/community-platform/node_modules/next/dist/compiled/watchpack/LICENSE
9068a8782d2fb4c6e432cfa25334efa56f722822180570802bf86e71b6003b1e,1071,7,community-platform/node_modules/next/dist/compiled/webpack/LICENSE,06_DIGITAL_PLATFORM/community-platform/node_modules/next/dist/compiled/webpack/LICENSE
9080d16e3468c5583a225a4f5cb83baa8364b690908ea8c41ed56413e1987db9,124,2,community-platform/node_modules/@supabase/auth-js/dist/main/lib/error-codes.js.map,06_DIGITAL_PLATFORM/community-platform/node_modules/@supabase/auth-js/dist/main/lib/error-codes.js.map
9080d16e3468c5583a225a4f5cb83baa8364b690908ea8c41ed56413e1987db9,124,2,community-platform/node_modules/@supabase/auth-js/dist/module/lib/error-codes.js.map,06_DIGITAL_PLATFORM/community-platform/node_modules/@supabase/auth-js/dist/module/lib/error-codes.js.map
922591bd0560cbcc5b42b4159b6fbd71070ce7ec2c047af4805b5bbd1b095f6d,102,4,forms/38_external_review_action_tracker.csv,80_HISTORICAL_AND_PREINTEGRATION_PACKAGES/forms/38_external_review_action_tracker.csv
922591bd0560cbcc5b42b4159b6fbd71070ce7ec2c047af4805b5bbd1b095f6d,102,4,institutional_integrity/institutional_integrity_v0_2_release/modular_source/forms/38_external_review_action_tracker.csv,05_INTEGRITY_SAFEGUARDING_AND_COMPLIANCE/institutional_integrity/institutional_integrity_v0_2_release/modular_source/forms/38_external_review_action_tracker.csv
922591bd0560cbcc5b42b4159b6fbd71070ce7ec2c047af4805b5bbd1b095f6d,102,4,institutional_integrity/institutional_integrity_v0_3/forms/38_external_review_action_tracker.csv,05_INTEGRITY_SAFEGUARDING_AND_COMPLIANCE/institutional_integrity/institutional_integrity_v0_3/forms/38_external_review_action_tracker.csv
922591bd0560cbcc5b42b4159b6fbd71070ce7ec2c047af4805b5bbd1b095f6d,102,4,institutional_integrity/institutional_integrity_v0_4/forms/38_external_review_action_tracker.csv,05_INTEGRITY_SAFEGUARDING_AND_COMPLIANCE/institutional_integrity/institutional_integrity_v0_4/forms/38_external_review_action_tracker.csv
92d326a621659085ab21eff017569b32223981643651d0fccbf8427d08e5c2ce,3128,3,institutional_integrity/institutional_integrity_v0_3/FILE_INVENTORY_V0_3.md,05_INTEGRITY_SAFEGUARDING_AND_COMPLIANCE/institutional_integrity/institutional_integrity_v0_3/FILE_INVENTORY_V0_3.md
92d326a621659085ab21eff017569b32223981643651d0fccbf8427d08e5c2ce,3128,3,institutional_integrity/institutional_integrity_v0_3_release/04_sources/FILE_INVENTORY_V0_3.md,05_INTEGRITY_SAFEGUARDING_AND_COMPLIANCE/institutional_integrity/institutional_integrity_v0_3_release/04_sources/FILE_INVENTORY_V0_3.md
92d326a621659085ab21eff017569b32223981643651d0fccbf8427d08e5c2ce,3128,3,institutional_integrity/institutional_integrity_v0_4/FILE_INVENTORY_V0_3.md,05_INTEGRITY_SAFEGUARDING_AND_COMPLIANCE/institutional_integrity/institutional_integrity_v0_4/FILE_INVENTORY_V0_3.md
92f06746ed7aff8f5bde08d4ae07f82a9a24cc2e2daa58bfe6cf901f4ef83ee7,40426,2,Church/CH-021-Religious-Calendar-Framework.docx,80_HISTORICAL_AND_PREINTEGRATION_PACKAGES/Church/CH-021-Religious-Calendar-Framework.docx
92f06746ed7aff8f5bde08d4ae07f82a9a24cc2e2daa58bfe6cf901f4ef83ee7,40426,2,institution/05-operations/membership/CH-021-Religious-Calendar-Framework.docx,04_INSTITUTION_AND_GOVERNANCE/institution/05-operations/membership/CH-021-Religious-Calendar-Framework.docx
939eae1c32c270b775c446db24e1aa91b06dc159055e9a5f58a20fb22a95ccf8,181021,3,community-platform/.next/dev/server/chunks/ssr/node_modules_0-rlpxz._.js.map,06_DIGITAL_PLATFORM/community-platform/.next/dev/server/chunks/ssr/node_modules_0-rlpxz._.js.map
939eae1c32c270b775c446db24e1aa91b06dc159055e9a5f58a20fb22a95ccf8,181021,3,community-platform/.next/dev/server/chunks/ssr/node_modules_0bw8duo._.js.map,06_DIGITAL_PLATFORM/community-platform/.next/dev/server/chunks/ssr/node_modules_0bw8duo._.js.map
939eae1c32c270b775c446db24e1aa91b06dc159055e9a5f58a20fb22a95ccf8,181021,3,community-platform/.next/dev/server/chunks/ssr/node_modules_1mi5zmp._.js.map,06_DIGITAL_PLATFORM/community-platform/.next/dev/server/chunks/ssr/node_modules_1mi5zmp._.js.map
93fc36199826bbc50a5c79944653a6685bd3acfb9f80b587110804e92c1c964b,101,3,community-platform/node_modules/next/dist/compiled/react-dom/client.react-server.js,06_DIGITAL_PLATFORM/community-platform/node_modules/next/dist/compiled/react-dom/client.react-server.js
93fc36199826bbc50a5c79944653a6685bd3acfb9f80b587110804e92c1c964b,101,3,community-platform/node_modules/next/dist/compiled/react-dom-experimental/client.react-server.js,06_DIGITAL_PLATFORM/community-platform/node_modules/next/dist/compiled/react-dom-experimental/client.react-server.js
93fc36199826bbc50a5c79944653a6685bd3acfb9f80b587110804e92c1c964b,101,3,community-platform/node_modules/react-dom/client.react-server.js,06_DIGITAL_PLATFORM/community-platform/node_modules/react-dom/client.react-server.js
9421b7d910a64219028d2dd521c5cd8a98fd785246716813d71db260120715f3,40746,2,Church/CH-016-Attendance-Register-Standard.docx,80_HISTORICAL_AND_PREINTEGRATION_PACKAGES/Church/CH-016-Attendance-Register-Standard.docx
9421b7d910a64219028d2dd521c5cd8a98fd785246716813d71db260120715f3,40746,2,institution/05-operations/membership/CH-016-Attendance-Register-Standard.docx,04_INSTITUTION_AND_GOVERNANCE/institution/05-operations/membership/CH-016-Attendance-Register-Standard.docx
944d89b2c2dfd1a6984028b495837cd3988ce4f16b982c0240496a53b130b603,257,2,community-platform/node_modules/next/dist/api/document.js.map,06_DIGITAL_PLATFORM/community-platform/node_modules/next/dist/api/document.js.map
944d89b2c2dfd1a6984028b495837cd3988ce4f16b982c0240496a53b130b603,257,2,community-platform/node_modules/next/dist/esm/api/document.js.map,06_DIGITAL_PLATFORM/community-platform/node_modules/next/dist/esm/api/document.js.map
9476e0afd3f9da68a64e6ec58631191fd3eaca62c9f5a377e7517fe9a89e59ea,219,2,community-platform/.next/dev/static/development/_buildManifest.js,06_DIGITAL_PLATFORM/community-platform/.next/dev/static/development/_buildManifest.js
9476e0afd3f9da68a64e6ec58631191fd3eaca62c9f5a377e7517fe9a89e59ea,219,2,community-platform/node_modules/next/dist/bundle-analyzer/_next/static/JlFZhnlf12ZVFXnzUlVmH/_buildManifest.js,06_DIGITAL_PLATFORM/community-platform/node_modules/next/dist/bundle-analyzer/_next/static/JlFZhnlf12ZVFXnzUlVmH/_buildManifest.js
95307f12c9afdedfe05b6ca107877584665f69c70a2328b58ee0ec9bdace8d9f,273,2,community-platform/node_modules/next/dist/api/image.js.map,06_DIGITAL_PLATFORM/community-platform/node_modules/next/dist/api/image.js.map
95307f12c9afdedfe05b6ca107877584665f69c70a2328b58ee0ec9bdace8d9f,273,2,community-platform/node_modules/next/dist/esm/api/image.js.map,06_DIGITAL_PLATFORM/community-platform/node_modules/next/dist/esm/api/image.js.map
9544f17d887d187984ac414096f9fbdb559968b295c08945996e64b511a2dafa,2804,2,community-platform/node_modules/next/dist/esm/lib/server-external-packages.jsonc,06_DIGITAL_PLATFORM/community-platform/node_modules/next/dist/esm/lib/server-external-packages.jsonc
9544f17d887d187984ac414096f9fbdb559968b295c08945996e64b511a2dafa,2804,2,community-platform/node_modules/next/dist/lib/server-external-packages.jsonc,06_DIGITAL_PLATFORM/community-platform/node_modules/next/dist/lib/server-external-packages.jsonc
9549abd5395d7016a5b954cc9ef29121bd6e8e2a6345a2aa4b70142a43732ca6,1814,4,institutional_integrity/institutional_integrity_v0_2_release/modular_source/operations/15_investigation_protocol.md,05_INTEGRITY_SAFEGUARDING_AND_COMPLIANCE/institutional_integrity/institutional_integrity_v0_2_release/modular_source/operations/15_investigation_protocol.md
9549abd5395d7016a5b954cc9ef29121bd6e8e2a6345a2aa4b70142a43732ca6,1814,4,institutional_integrity/institutional_integrity_v0_3/operations/15_investigation_protocol.md,05_INTEGRITY_SAFEGUARDING_AND_COMPLIANCE/institutional_integrity/institutional_integrity_v0_3/operations/15_investigation_protocol.md
9549abd5395d7016a5b954cc9ef29121bd6e8e2a6345a2aa4b70142a43732ca6,1814,4,institutional_integrity/institutional_integrity_v0_4/operations/15_investigation_protocol.md,05_INTEGRITY_SAFEGUARDING_AND_COMPLIANCE/institutional_integrity/institutional_integrity_v0_4/operations/15_investigation_protocol.md
9549abd5395d7016a5b954cc9ef29121bd6e8e2a6345a2aa4b70142a43732ca6,1814,4,operations/15_investigation_protocol.md,80_HISTORICAL_AND_PREINTEGRATION_PACKAGES/operations/15_investigation_protocol.md
95aa37363fe905635b51a612d2419a48cdeee381ea1fa211fa2cc39a7bd19402,46820,2,release/adoption_and_organizational_instantiation_packet_v1_1.docx,03_RELEASES_AND_BASELINES/release_v1_1/adoption_and_organizational_instantiation_packet_v1_1.docx
95aa37363fe905635b51a612d2419a48cdeee381ea1fa211fa2cc39a7bd19402,46820,2,release_v1_2/reference_v1_1/adoption_and_organizational_instantiation_packet_v1_1.docx,03_RELEASES_AND_BASELINES/release_v1_2/reference_v1_1/adoption_and_organizational_instantiation_packet_v1_1.docx
9796a34bc6361a88dce718328fa59d1c4f70b888d90930b030c645e043f45e3d,41336,2,GOV-PROC-001-Governance-Procedure-Code.docx,80_HISTORICAL_AND_PREINTEGRATION_PACKAGES/top_level_institutional_exports/GOV-PROC-001-Governance-Procedure-Code.docx
9796a34bc6361a88dce718328fa59d1c4f70b888d90930b030c645e043f45e3d,41336,2,institution/02-constitutional/GOV-PROC-001/0.1.0/GOV-PROC-001-Governance-Procedure-Code.docx,04_INSTITUTION_AND_GOVERNANCE/institution/02-constitutional/GOV-PROC-001/0.1.0/GOV-PROC-001-Governance-Procedure-Code.docx
98c4de74e11dd8b709396b3e6fd1ef976fbf6421c7b8ee48c87b3950bd0d47b6,54134,3,governance/constitutional_governance_package_v0_2.docx,80_HISTORICAL_AND_PREINTEGRATION_PACKAGES/governance/constitutional_governance_package_v0_2.docx
98c4de74e11dd8b709396b3e6fd1ef976fbf6421c7b8ee48c87b3950bd0d47b6,54134,3,institutional_integrity/institutional_integrity_v0_2_release/constitutional_governance_package_v0_2.docx,05_INTEGRITY_SAFEGUARDING_AND_COMPLIANCE/institutional_integrity/institutional_integrity_v0_2_release/constitutional_governance_package_v0_2.docx
98c4de74e11dd8b709396b3e6fd1ef976fbf6421c7b8ee48c87b3950bd0d47b6,54134,3,institutional_integrity/institutional_integrity_v0_3_release/01_current_baseline/constitutional_governance_package_v0_2.docx,05_INTEGRITY_SAFEGUARDING_AND_COMPLIANCE/institutional_integrity/institutional_integrity_v0_3_release/01_current_baseline/constitutional_governance_package_v0_2.docx
997729fb489c230d7ee272c392237d90b6d2aea6006e66c664374caa0af55db0,91,2,community-platform/node_modules/next/dist/compiled/loader-utils2/package.json,06_DIGITAL_PLATFORM/community-platform/node_modules/next/dist/compiled/loader-utils2/package.json
997729fb489c230d7ee272c392237d90b6d2aea6006e66c664374caa0af55db0,91,2,community-platform/node_modules/next/dist/compiled/loader-utils3/package.json,06_DIGITAL_PLATFORM/community-platform/node_modules/next/dist/compiled/loader-utils3/package.json
9ae6df46cdcac10cbf9f1f34056482ea02af2c450d42dc0e2aa724ca98a744d5,1574,4,institutional_integrity/institutional_integrity_v0_2_release/modular_source/operations/14_complaints_whistleblower_sop.md,05_INTEGRITY_SAFEGUARDING_AND_COMPLIANCE/institutional_integrity/institutional_integrity_v0_2_release/modular_source/operations/14_complaints_whistleblower_sop.md
9ae6df46cdcac10cbf9f1f34056482ea02af2c450d42dc0e2aa724ca98a744d5,1574,4,institutional_integrity/institutional_integrity_v0_3/operations/14_complaints_whistleblower_sop.md,05_INTEGRITY_SAFEGUARDING_AND_COMPLIANCE/institutional_integrity/institutional_integrity_v0_3/operations/14_complaints_whistleblower_sop.md
9ae6df46cdcac10cbf9f1f34056482ea02af2c450d42dc0e2aa724ca98a744d5,1574,4,institutional_integrity/institutional_integrity_v0_4/operations/14_complaints_whistleblower_sop.md,05_INTEGRITY_SAFEGUARDING_AND_COMPLIANCE/institutional_integrity/institutional_integrity_v0_4/operations/14_complaints_whistleblower_sop.md
9ae6df46cdcac10cbf9f1f34056482ea02af2c450d42dc0e2aa724ca98a744d5,1574,4,operations/14_complaints_whistleblower_sop.md,80_HISTORICAL_AND_PREINTEGRATION_PACKAGES/operations/14_complaints_whistleblower_sop.md
9af7fb4108f763c919b410eb25b9dc207644331a2d269902f9d1869c3b41602e,1746,2,community-platform/node_modules/@supabase/realtime-js/dist/main/phoenix/socketAdapter.d.ts,06_DIGITAL_PLATFORM/community-platform/node_modules/@supabase/realtime-js/dist/main/phoenix/socketAdapter.d.ts
9af7fb4108f763c919b410eb25b9dc207644331a2d269902f9d1869c3b41602e,1746,2,community-platform/node_modules/@supabase/realtime-js/dist/module/phoenix/socketAdapter.d.ts,06_DIGITAL_PLATFORM/community-platform/node_modules/@supabase/realtime-js/dist/module/phoenix/socketAdapter.d.ts
9b418797e4980c1a5dce66e1d5486da7f79c9bdf1e8be40f6661a016702273f3,47598,3,institutional_integrity/institutional_integrity_dashboard_v0_2.xlsx,05_INTEGRITY_SAFEGUARDING_AND_COMPLIANCE/institutional_integrity/institutional_integrity_dashboard_v0_2.xlsx
9b418797e4980c1a5dce66e1d5486da7f79c9bdf1e8be40f6661a016702273f3,47598,3,institutional_integrity/institutional_integrity_v0_2_release/institutional_integrity_dashboard_v0_2.xlsx,05_INTEGRITY_SAFEGUARDING_AND_COMPLIANCE/institutional_integrity/institutional_integrity_v0_2_release/institutional_integrity_dashboard_v0_2.xlsx
9b418797e4980c1a5dce66e1d5486da7f79c9bdf1e8be40f6661a016702273f3,47598,3,institutional_integrity/institutional_integrity_v0_3_release/03_operations/institutional_integrity_dashboard_v0_2.xlsx,05_INTEGRITY_SAFEGUARDING_AND_COMPLIANCE/institutional_integrity/institutional_integrity_v0_3_release/03_operations/institutional_integrity_dashboard_v0_2.xlsx
9b7ee07d951db86733edf1d4040e7bbcbb81b5d092af2c168c54c2b38c7980bd,76,2,community-platform/node_modules/next/dist/api/og.js,06_DIGITAL_PLATFORM/community-platform/node_modules/next/dist/api/og.js
9b7ee07d951db86733edf1d4040e7bbcbb81b5d092af2c168c54c2b38c7980bd,76,2,community-platform/node_modules/next/dist/esm/api/og.js,06_DIGITAL_PLATFORM/community-platform/node_modules/next/dist/esm/api/og.js
9c2b0437375fc1e8254a6ac0e16e04d32af3714afe258d15439438357fdec0e4,24552,2,community-platform/node_modules/@supabase/realtime-js/dist/main/RealtimeChannel.d.ts,06_DIGITAL_PLATFORM/community-platform/node_modules/@supabase/realtime-js/dist/main/RealtimeChannel.d.ts
9c2b0437375fc1e8254a6ac0e16e04d32af3714afe258d15439438357fdec0e4,24552,2,community-platform/node_modules/@supabase/realtime-js/dist/module/RealtimeChannel.d.ts,06_DIGITAL_PLATFORM/community-platform/node_modules/@supabase/realtime-js/dist/module/RealtimeChannel.d.ts
9caa9630cd3aa4caf6eb84cc522872e24f97b9197c04e429f9f9ddcba71e3bf1,88,2,community-platform/node_modules/next/dist/api/navigation.js,06_DIGITAL_PLATFORM/community-platform/node_modules/next/dist/api/navigation.js
9caa9630cd3aa4caf6eb84cc522872e24f97b9197c04e429f9f9ddcba71e3bf1,88,2,community-platform/node_modules/next/dist/esm/api/navigation.js,06_DIGITAL_PLATFORM/community-platform/node_modules/next/dist/esm/api/navigation.js
9d4a662cec418e12334f88353f59115dd8e6b0c7d5f76a9ab401db67ff9d70cc,40670,2,binders/ORGCOMP-001-Organizational-Compliance-Layer-Production-Binder.docx,80_HISTORICAL_AND_PREINTEGRATION_PACKAGES/binders/ORGCOMP-001-Organizational-Compliance-Layer-Production-Binder.docx
9d4a662cec418e12334f88353f59115dd8e6b0c7d5f76a9ab401db67ff9d70cc,40670,2,institution/99-archive/historical-drafts/production-binders/ORGCOMP-001-Organizational-Compliance-Layer-Production-Binder.docx,04_INSTITUTION_AND_GOVERNANCE/institution/99-archive/historical-drafts/production-binders/ORGCOMP-001-Organizational-Compliance-Layer-Production-Binder.docx
9dead8fd1a7eb6a3a95dc9d1db8017ee37fd65537e948458e04763880873b365,43028,2,Church/CH-051-Schedule-A-Evidence-Exhibits-and-Supplemental-Response-Assembly.docx,80_HISTORICAL_AND_PREINTEGRATION_PACKAGES/Church/CH-051-Schedule-A-Evidence-Exhibits-and-Supplemental-Response-Assembly.docx
9dead8fd1a7eb6a3a95dc9d1db8017ee37fd65537e948458e04763880873b365,43028,2,institution/09-tax-and-regulatory/form-1023/CH-051-Schedule-A-Evidence-Exhibits-and-Supplemental-Response-Assembly.docx,04_INSTITUTION_AND_GOVERNANCE/institution/09-tax-and-regulatory/form-1023/CH-051-Schedule-A-Evidence-Exhibits-and-Supplemental-Response-Assembly.docx
9e3a36634435a149019f12dd3acb2f370f9864f8b230988282a4ab967c66e9f7,42902,2,Church/CH-052-Master-Exhibit-Index.docx,80_HISTORICAL_AND_PREINTEGRATION_PACKAGES/Church/CH-052-Master-Exhibit-Index.docx
9e3a36634435a149019f12dd3acb2f370f9864f8b230988282a4ab967c66e9f7,42902,2,institution/09-tax-and-regulatory/form-1023/CH-052-Master-Exhibit-Index.docx,04_INSTITUTION_AND_GOVERNANCE/institution/09-tax-and-regulatory/form-1023/CH-052-Master-Exhibit-Index.docx
9fac179b199e2d665e4cbe6b61ce5476dcab4a9d127c99c622d7b6321ba97d47,933,2,community-platform/node_modules/@supabase/functions-js/dist/main/FunctionsClient.d.ts.map,06_DIGITAL_PLATFORM/community-platform/node_modules/@supabase/functions-js/dist/main/FunctionsClient.d.ts.map
9fac179b199e2d665e4cbe6b61ce5476dcab4a9d127c99c622d7b6321ba97d47,933,2,community-platform/node_modules/@supabase/functions-js/dist/module/FunctionsClient.d.ts.map,06_DIGITAL_PLATFORM/community-platform/node_modules/@supabase/functions-js/dist/module/FunctionsClient.d.ts.map
a02a800d183e1818e756298d8ffb5e1eb2ea2fe33a5f4e6d8d999357453b7019,206,2,community-platform/node_modules/@supabase/auth-js/dist/main/AuthAdminApi.d.ts.map,06_DIGITAL_PLATFORM/community-platform/node_modules/@supabase/auth-js/dist/main/AuthAdminApi.d.ts.map
a02a800d183e1818e756298d8ffb5e1eb2ea2fe33a5f4e6d8d999357453b7019,206,2,community-platform/node_modules/@supabase/auth-js/dist/module/AuthAdminApi.d.ts.map,06_DIGITAL_PLATFORM/community-platform/node_modules/@supabase/auth-js/dist/module/AuthAdminApi.d.ts.map
a09d69584965bc4c042842e695fe29d9b87ad760e5f3d6916117756b56f56fd8,855,2,release_v1_2/v1_2/organizational_instantiation_v1_2.json,03_RELEASES_AND_BASELINES/release_v1_2/v1_2/organizational_instantiation_v1_2.json
a09d69584965bc4c042842e695fe29d9b87ad760e5f3d6916117756b56f56fd8,855,2,source/organizational_instantiation_v1_2.json,01_FOUNDATIONAL_SOURCE/source/organizational_instantiation_v1_2.json
a1247c6db847fd055f22d8b3e4bedd00029c27260d63e2000d9a68457d5388a2,147,4,community-platform/node_modules/@supabase/auth-js/dist/main/lib/version.d.ts.map,06_DIGITAL_PLATFORM/community-platform/node_modules/@supabase/auth-js/dist/main/lib/version.d.ts.map
a1247c6db847fd055f22d8b3e4bedd00029c27260d63e2000d9a68457d5388a2,147,4,community-platform/node_modules/@supabase/auth-js/dist/module/lib/version.d.ts.map,06_DIGITAL_PLATFORM/community-platform/node_modules/@supabase/auth-js/dist/module/lib/version.d.ts.map
a1247c6db847fd055f22d8b3e4bedd00029c27260d63e2000d9a68457d5388a2,147,4,community-platform/node_modules/@supabase/realtime-js/dist/main/lib/version.d.ts.map,06_DIGITAL_PLATFORM/community-platform/node_modules/@supabase/realtime-js/dist/main/lib/version.d.ts.map
a1247c6db847fd055f22d8b3e4bedd00029c27260d63e2000d9a68457d5388a2,147,4,community-platform/node_modules/@supabase/realtime-js/dist/module/lib/version.d.ts.map,06_DIGITAL_PLATFORM/community-platform/node_modules/@supabase/realtime-js/dist/module/lib/version.d.ts.map
a24c1ccd948c280819034fafe9ef385b75b065f6caa6d5fc3893b69d4b3d5256,428,2,community-platform/node_modules/next/dist/api/error.react-server.js.map,06_DIGITAL_PLATFORM/community-platform/node_modules/next/dist/api/error.react-server.js.map
a24c1ccd948c280819034fafe9ef385b75b065f6caa6d5fc3893b69d4b3d5256,428,2,community-platform/node_modules/next/dist/esm/api/error.react-server.js.map,06_DIGITAL_PLATFORM/community-platform/node_modules/next/dist/esm/api/error.react-server.js.map
a2d7dd4ca7c02cdbe328ecec5b033cbff8b29e44286333283074477a537bd950,7702,4,governance/03_model_charter_nonmember.md,80_HISTORICAL_AND_PREINTEGRATION_PACKAGES/governance/03_model_charter_nonmember.md
a2d7dd4ca7c02cdbe328ecec5b033cbff8b29e44286333283074477a537bd950,7702,4,institutional_integrity/institutional_integrity_v0_2_release/modular_source/governance/03_model_charter_nonmember.md,05_INTEGRITY_SAFEGUARDING_AND_COMPLIANCE/institutional_integrity/institutional_integrity_v0_2_release/modular_source/governance/03_model_charter_nonmember.md
a2d7dd4ca7c02cdbe328ecec5b033cbff8b29e44286333283074477a537bd950,7702,4,institutional_integrity/institutional_integrity_v0_3/governance/03_model_charter_nonmember.md,05_INTEGRITY_SAFEGUARDING_AND_COMPLIANCE/institutional_integrity/institutional_integrity_v0_3/governance/03_model_charter_nonmember.md
a2d7dd4ca7c02cdbe328ecec5b033cbff8b29e44286333283074477a537bd950,7702,4,institutional_integrity/institutional_integrity_v0_4/governance/03_model_charter_nonmember.md,05_INTEGRITY_SAFEGUARDING_AND_COMPLIANCE/institutional_integrity/institutional_integrity_v0_4/governance/03_model_charter_nonmember.md
a2dbf3e2843dfa339c1b4c2e333a44c3bab5933f9c56e347f11c2567861445ae,4974,2,community-platform/node_modules/@supabase/auth-js/dist/main/lib/webauthn.dom.d.ts.map,06_DIGITAL_PLATFORM/community-platform/node_modules/@supabase/auth-js/dist/main/lib/webauthn.dom.d.ts.map
a2dbf3e2843dfa339c1b4c2e333a44c3bab5933f9c56e347f11c2567861445ae,4974,2,community-platform/node_modules/@supabase/auth-js/dist/module/lib/webauthn.dom.d.ts.map,06_DIGITAL_PLATFORM/community-platform/node_modules/@supabase/auth-js/dist/module/lib/webauthn.dom.d.ts.map
a3e6b63f45464e1ffb7db878c28481ccbef15df0faabb82f777c5fa7b7705a10,107,2,community-platform/node_modules/next/dist/api/link.js,06_DIGITAL_PLATFORM/community-platform/node_modules/next/dist/api/link.js
a3e6b63f45464e1ffb7db878c28481ccbef15df0faabb82f777c5fa7b7705a10,107,2,community-platform/node_modules/next/dist/esm/api/link.js,06_DIGITAL_PLATFORM/community-platform/node_modules/next/dist/esm/api/link.js
a45ee7555d019a67fbe092898d1aef0b1d02a9f6679ab84461ff515b4460d706,2252,2,community-platform/node_modules/nanoid/index.d.cts,06_DIGITAL_PLATFORM/community-platform/node_modules/nanoid/index.d.cts
a45ee7555d019a67fbe092898d1aef0b1d02a9f6679ab84461ff515b4460d706,2252,2,community-platform/node_modules/nanoid/index.d.ts,06_DIGITAL_PLATFORM/community-platform/node_modules/nanoid/index.d.ts
a46cc4b366d93c5aac72041acd921d4ebf5540fe222d29d833c0fe12a8ece8cd,1588,2,community-platform/node_modules/@supabase/realtime-js/dist/main/lib/transformers.d.ts.map,06_DIGITAL_PLATFORM/community-platform/node_modules/@supabase/realtime-js/dist/main/lib/transformers.d.ts.map
a46cc4b366d93c5aac72041acd921d4ebf5540fe222d29d833c0fe12a8ece8cd,1588,2,community-platform/node_modules/@supabase/realtime-js/dist/module/lib/transformers.d.ts.map,06_DIGITAL_PLATFORM/community-platform/node_modules/@supabase/realtime-js/dist/module/lib/transformers.d.ts.map
a47256cd22aa062f94aacbd213dce69c03bad4f93a7e198cf84e9c9448ca5306,477,2,community-platform/node_modules/next/dist/api/error.js.map,06_DIGITAL_PLATFORM/community-platform/node_modules/next/dist/api/error.js.map
a47256cd22aa062f94aacbd213dce69c03bad4f93a7e198cf84e9c9448ca5306,477,2,community-platform/node_modules/next/dist/esm/api/error.js.map,06_DIGITAL_PLATFORM/community-platform/node_modules/next/dist/esm/api/error.js.map
a4e875bbc14d8e18c885f5cf3cd03e801125282f27a947875221bd21354ab4ba,136,2,community-platform/node_modules/next/dist/api/app-dynamic.js,06_DIGITAL_PLATFORM/community-platform/node_modules/next/dist/api/app-dynamic.js
a4e875bbc14d8e18c885f5cf3cd03e801125282f27a947875221bd21354ab4ba,136,2,community-platform/node_modules/next/dist/esm/api/app-dynamic.js,06_DIGITAL_PLATFORM/community-platform/node_modules/next/dist/esm/api/app-dynamic.js
a5025266f642a190d293512218385ca72874186a827004861f6fd17149a1ca45,57228,2,foundational_theology_research_dossiers_volume_i_v0_8.docx,80_HISTORICAL_AND_PREINTEGRATION_PACKAGES/top_level_foundational_exports/foundational_theology_research_dossiers_volume_i_v0_8.docx
a5025266f642a190d293512218385ca72874186a827004861f6fd17149a1ca45,57228,2,reference_v0.8/foundational_theology_research_dossiers_volume_i_v0_8.docx,03_RELEASES_AND_BASELINES/reference_v0.8/foundational_theology_research_dossiers_volume_i_v0_8.docx
a546c8d827316958ec1d5397bb2940784eb121fa32136448a8415bf2d666b702,2401,2,institutional_integrity/institutional_integrity_v0_3/42_V0_3_README.md,05_INTEGRITY_SAFEGUARDING_AND_COMPLIANCE/institutional_integrity/institutional_integrity_v0_3/42_V0_3_README.md
a546c8d827316958ec1d5397bb2940784eb121fa32136448a8415bf2d666b702,2401,2,institutional_integrity/institutional_integrity_v0_4/42_V0_3_README.md,05_INTEGRITY_SAFEGUARDING_AND_COMPLIANCE/institutional_integrity/institutional_integrity_v0_4/42_V0_3_README.md
a5ba6a6e56a9fd9925459ed1ea5e2285fcccf59b02c742ce1b4b7472d3d9e1de,40950,2,Church/CH-032-Youth-Religious-Education-Program.docx,80_HISTORICAL_AND_PREINTEGRATION_PACKAGES/Church/CH-032-Youth-Religious-Education-Program.docx
a5ba6a6e56a9fd9925459ed1ea5e2285fcccf59b02c742ce1b4b7472d3d9e1de,40950,2,institution/05-operations/ministry/CH-032-Youth-Religious-Education-Program.docx,04_INSTITUTION_AND_GOVERNANCE/institution/05-operations/ministry/CH-032-Youth-Religious-Education-Program.docx
a631527404b0a7bbe10aa79db04852196fd7fd88a056c1bb84cf1a1885e1e934,561,3,community-platform/node_modules/next/dist/compiled/react-dom/server.edge.js,06_DIGITAL_PLATFORM/community-platform/node_modules/next/dist/compiled/react-dom/server.edge.js
a631527404b0a7bbe10aa79db04852196fd7fd88a056c1bb84cf1a1885e1e934,561,3,community-platform/node_modules/next/dist/compiled/react-dom-experimental/server.edge.js,06_DIGITAL_PLATFORM/community-platform/node_modules/next/dist/compiled/react-dom-experimental/server.edge.js
a631527404b0a7bbe10aa79db04852196fd7fd88a056c1bb84cf1a1885e1e934,561,3,community-platform/node_modules/react-dom/server.edge.js,06_DIGITAL_PLATFORM/community-platform/node_modules/react-dom/server.edge.js
a6c543844f129ab7ced42db1f874fc8a4dca1deb7efb3e5f643864b34c8ada0e,40202,2,institution/06-templates/finance/FIN-RPT-001-Financial-Exception-Report.docx,04_INSTITUTION_AND_GOVERNANCE/institution/06-templates/finance/FIN-RPT-001-Financial-Exception-Report.docx
a6c543844f129ab7ced42db1f874fc8a4dca1deb7efb3e5f643864b34c8ada0e,40202,2,operations/templates/03-Finance/FIN-RPT-001-Financial-Exception-Report.docx,80_HISTORICAL_AND_PREINTEGRATION_PACKAGES/operations/templates/03-Finance/FIN-RPT-001-Financial-Exception-Report.docx
a6d70ddcfa8dd3c3384d4a5f8bb1f51757c9d784f6de5e6814fa2e120075acc6,357621,2,institutional_integrity/institutional_integrity_v0_3_release/02_founding_transaction/corporate_record_book_and_compliance_binder_v0_3.pdf,05_INTEGRITY_SAFEGUARDING_AND_COMPLIANCE/institutional_integrity/institutional_integrity_v0_3_release/02_founding_transaction/corporate_record_book_and_compliance_binder_v0_3.pdf
a6d70ddcfa8dd3c3384d4a5f8bb1f51757c9d784f6de5e6814fa2e120075acc6,357621,2,institutional_integrity/institutional_integrity_v0_4_release/06_prior_baseline/corporate_record_book_and_compliance_binder_v0_3.pdf,05_INTEGRITY_SAFEGUARDING_AND_COMPLIANCE/institutional_integrity/institutional_integrity_v0_4_release/06_prior_baseline/corporate_record_book_and_compliance_binder_v0_3.pdf
a74bc144640527b1af2c8654a90b5ac8565345f96ab64e25edce895a7fb54672,40181,2,institution/06-templates/doctrine/DOC-DKT-001-Doctrine-Docket-Intake.docx,04_INSTITUTION_AND_GOVERNANCE/institution/06-templates/doctrine/DOC-DKT-001-Doctrine-Docket-Intake.docx
a74bc144640527b1af2c8654a90b5ac8565345f96ab64e25edce895a7fb54672,40181,2,operations/templates/02-Doctrine/DOC-DKT-001-Doctrine-Docket-Intake.docx,80_HISTORICAL_AND_PREINTEGRATION_PACKAGES/operations/templates/02-Doctrine/DOC-DKT-001-Doctrine-Docket-Intake.docx
a7fb4341e1eac8efa22e1421a78709045a78a88abc6eb21aec5e3d8ac61e726a,44083,2,release/founding_gathering_90_day_pilot_field_guide_v1_1.docx,03_RELEASES_AND_BASELINES/release_v1_1/founding_gathering_90_day_pilot_field_guide_v1_1.docx
a7fb4341e1eac8efa22e1421a78709045a78a88abc6eb21aec5e3d8ac61e726a,44083,2,release_v1_2/reference_v1_1/founding_gathering_90_day_pilot_field_guide_v1_1.docx,03_RELEASES_AND_BASELINES/release_v1_2/reference_v1_1/founding_gathering_90_day_pilot_field_guide_v1_1.docx
a8598ac5debaa1ba6fdec544fe3302ec6fb03b4539919f32ab81cb5edefd1bd2,156,4,forms/37_policy_exception_register.csv,80_HISTORICAL_AND_PREINTEGRATION_PACKAGES/forms/37_policy_exception_register.csv
a8598ac5debaa1ba6fdec544fe3302ec6fb03b4539919f32ab81cb5edefd1bd2,156,4,institutional_integrity/institutional_integrity_v0_2_release/modular_source/forms/37_policy_exception_register.csv,05_INTEGRITY_SAFEGUARDING_AND_COMPLIANCE/institutional_integrity/institutional_integrity_v0_2_release/modular_source/forms/37_policy_exception_register.csv
a8598ac5debaa1ba6fdec544fe3302ec6fb03b4539919f32ab81cb5edefd1bd2,156,4,institutional_integrity/institutional_integrity_v0_3/forms/37_policy_exception_register.csv,05_INTEGRITY_SAFEGUARDING_AND_COMPLIANCE/institutional_integrity/institutional_integrity_v0_3/forms/37_policy_exception_register.csv
a8598ac5debaa1ba6fdec544fe3302ec6fb03b4539919f32ab81cb5edefd1bd2,156,4,institutional_integrity/institutional_integrity_v0_4/forms/37_policy_exception_register.csv,05_INTEGRITY_SAFEGUARDING_AND_COMPLIANCE/institutional_integrity/institutional_integrity_v0_4/forms/37_policy_exception_register.csv
a8ae20908e3aa88a005bf3b5cadedd7f1107cf28a6e4db9da80280fe9f54de95,53,13,community-platform/.next/dev/server/app/about/page.js.map,06_DIGITAL_PLATFORM/community-platform/.next/dev/server/app/about/page.js.map
a8ae20908e3aa88a005bf3b5cadedd7f1107cf28a6e4db9da80280fe9f54de95,53,13,community-platform/.next/dev/server/app/app/events/page.js.map,06_DIGITAL_PLATFORM/community-platform/.next/dev/server/app/app/events/page.js.map
a8ae20908e3aa88a005bf3b5cadedd7f1107cf28a6e4db9da80280fe9f54de95,53,13,community-platform/.next/dev/server/app/app/giving/page.js.map,06_DIGITAL_PLATFORM/community-platform/.next/dev/server/app/app/giving/page.js.map
a8ae20908e3aa88a005bf3b5cadedd7f1107cf28a6e4db9da80280fe9f54de95,53,13,community-platform/.next/dev/server/app/app/groups/page.js.map,06_DIGITAL_PLATFORM/community-platform/.next/dev/server/app/app/groups/page.js.map
a8ae20908e3aa88a005bf3b5cadedd7f1107cf28a6e4db9da80280fe9f54de95,53,13,community-platform/.next/dev/server/app/app/learn/page.js.map,06_DIGITAL_PLATFORM/community-platform/.next/dev/server/app/app/learn/page.js.map
a8ae20908e3aa88a005bf3b5cadedd7f1107cf28a6e4db9da80280fe9f54de95,53,13,community-platform/.next/dev/server/app/app/page.js.map,06_DIGITAL_PLATFORM/community-platform/.next/dev/server/app/app/page.js.map
a8ae20908e3aa88a005bf3b5cadedd7f1107cf28a6e4db9da80280fe9f54de95,53,13,community-platform/.next/dev/server/app/governance/page.js.map,06_DIGITAL_PLATFORM/community-platform/.next/dev/server/app/governance/page.js.map
a8ae20908e3aa88a005bf3b5cadedd7f1107cf28a6e4db9da80280fe9f54de95,53,13,community-platform/.next/dev/server/app/page.js.map,06_DIGITAL_PLATFORM/community-platform/.next/dev/server/app/page.js.map
a8ae20908e3aa88a005bf3b5cadedd7f1107cf28a6e4db9da80280fe9f54de95,53,13,community-platform/.next/dev/server/app/research/page.js.map,06_DIGITAL_PLATFORM/community-platform/.next/dev/server/app/research/page.js.map
a8ae20908e3aa88a005bf3b5cadedd7f1107cf28a6e4db9da80280fe9f54de95,53,13,community-platform/.next/dev/server/chunks/ssr/[externals]__05yr04l._.js.map,06_DIGITAL_PLATFORM/community-platform/.next/dev/server/chunks/ssr/[externals]__05yr04l._.js.map
a8ae20908e3aa88a005bf3b5cadedd7f1107cf28a6e4db9da80280fe9f54de95,53,13,community-platform/.next/dev/server/chunks/ssr/[externals]_next_dist_1e1zfvs._.js.map,06_DIGITAL_PLATFORM/community-platform/.next/dev/server/chunks/ssr/[externals]_next_dist_1e1zfvs._.js.map
a8ae20908e3aa88a005bf3b5cadedd7f1107cf28a6e4db9da80280fe9f54de95,53,13,community-platform/.next/dev/server/middleware.js.map,06_DIGITAL_PLATFORM/community-platform/.next/dev/server/middleware.js.map
a8ae20908e3aa88a005bf3b5cadedd7f1107cf28a6e4db9da80280fe9f54de95,53,13,community-platform/.next/dev/static/chunks/[turbopack]_browser_dev_hmr-client_hmr-client_ts_1di75ot._.js.map,06_DIGITAL_PLATFORM/community-platform/.next/dev/static/chunks/[turbopack]_browser_dev_hmr-client_hmr-client_ts_1di75ot._.js.map
a918ace3a280a621daa96fa123641f34aecd3510ed3dfa59731ccab62038f142,119,2,community-platform/node_modules/next/dist/api/document.js,06_DIGITAL_PLATFORM/community-platform/node_modules/next/dist/api/document.js
a918ace3a280a621daa96fa123641f34aecd3510ed3dfa59731ccab62038f142,119,2,community-platform/node_modules/next/dist/esm/api/document.js,06_DIGITAL_PLATFORM/community-platform/node_modules/next/dist/esm/api/document.js
a92cfbef5dabb0f542cfe9b429d2628beba8632637df1114340e48439ae6ac32,258,2,community-platform/node_modules/next/dist/compiled/react-server-dom-turbopack/client.browser.js,06_DIGITAL_PLATFORM/community-platform/node_modules/next/dist/compiled/react-server-dom-turbopack/client.browser.js
a92cfbef5dabb0f542cfe9b429d2628beba8632637df1114340e48439ae6ac32,258,2,community-platform/node_modules/next/dist/compiled/react-server-dom-turbopack-experimental/client.browser.js,06_DIGITAL_PLATFORM/community-platform/node_modules/next/dist/compiled/react-server-dom-turbopack-experimental/client.browser.js
a9ce5cfe16ed277a152bfa54e68ba54aadf3bbe4797544d76aa043dc64579428,43,2,community-platform/node_modules/next/dist/esm/shared/lib/styled-jsx.d.ts,06_DIGITAL_PLATFORM/community-platform/node_modules/next/dist/esm/shared/lib/styled-jsx.d.ts
a9ce5cfe16ed277a152bfa54e68ba54aadf3bbe4797544d76aa043dc64579428,43,2,community-platform/node_modules/next/dist/shared/lib/styled-jsx.d.ts,06_DIGITAL_PLATFORM/community-platform/node_modules/next/dist/shared/lib/styled-jsx.d.ts
a9d9b77062654fcd282b95076744368521f40576ea618c76a1e3d2f5c05d0fcc,158,2,community-platform/node_modules/@supabase/auth-js/dist/main/lib/polyfills.d.ts.map,06_DIGITAL_PLATFORM/community-platform/node_modules/@supabase/auth-js/dist/main/lib/polyfills.d.ts.map
a9d9b77062654fcd282b95076744368521f40576ea618c76a1e3d2f5c05d0fcc,158,2,community-platform/node_modules/@supabase/auth-js/dist/module/lib/polyfills.d.ts.map,06_DIGITAL_PLATFORM/community-platform/node_modules/@supabase/auth-js/dist/module/lib/polyfills.d.ts.map
aa20f7b82d42e120611d773582f1c25bde6d0af091994a041ab905ae140fc33c,1640,2,community-platform/node_modules/@supabase/realtime-js/dist/main/phoenix/presenceAdapter.d.ts,06_DIGITAL_PLATFORM/community-platform/node_modules/@supabase/realtime-js/dist/main/phoenix/presenceAdapter.d.ts
aa20f7b82d42e120611d773582f1c25bde6d0af091994a041ab905ae140fc33c,1640,2,community-platform/node_modules/@supabase/realtime-js/dist/module/phoenix/presenceAdapter.d.ts,06_DIGITAL_PLATFORM/community-platform/node_modules/@supabase/realtime-js/dist/module/phoenix/presenceAdapter.d.ts
aa598f77dbbc94429b95a3c3680091ff7a83b63299309b9f40a482bf50445c2e,8940,2,community-platform/node_modules/next/dist/bundle-analyzer/404.html,06_DIGITAL_PLATFORM/community-platform/node_modules/next/dist/bundle-analyzer/404.html
aa598f77dbbc94429b95a3c3680091ff7a83b63299309b9f40a482bf50445c2e,8940,2,community-platform/node_modules/next/dist/bundle-analyzer/_not-found.html,06_DIGITAL_PLATFORM/community-platform/node_modules/next/dist/bundle-analyzer/_not-found.html
aab709d3650e66862c0de25d076c2041c0faf81ed23130ffdf20ae22d7d80002,18,2,community-platform/node_modules/next/dist/esm/lib/known-edge-safe-packages.json,06_DIGITAL_PLATFORM/community-platform/node_modules/next/dist/esm/lib/known-edge-safe-packages.json
aab709d3650e66862c0de25d076c2041c0faf81ed23130ffdf20ae22d7d80002,18,2,community-platform/node_modules/next/dist/lib/known-edge-safe-packages.json,06_DIGITAL_PLATFORM/community-platform/node_modules/next/dist/lib/known-edge-safe-packages.json
aace0563cd8509002f66a80e15904d5815024cf8b66a2138c34690b8cee79680,4368,2,community-platform/node_modules/@supabase/ssr/dist/main/createServerClient.d.ts,06_DIGITAL_PLATFORM/community-platform/node_modules/@supabase/ssr/dist/main/createServerClient.d.ts
aace0563cd8509002f66a80e15904d5815024cf8b66a2138c34690b8cee79680,4368,2,community-platform/node_modules/@supabase/ssr/dist/module/createServerClient.d.ts,06_DIGITAL_PLATFORM/community-platform/node_modules/@supabase/ssr/dist/module/createServerClient.d.ts
aae8c55444e6be2c32a6d875d9de2ac0d8b9a69de2e48e744112511b5401db99,11569,3,HTERP/HTERP_v0.1/anchor_dossiers_001_006_007_008.md,02_RESEARCH_AND_EVIDENCE/HTERP/HTERP_v0.1/anchor_dossiers_001_006_007_008.md
aae8c55444e6be2c32a6d875d9de2ac0d8b9a69de2e48e744112511b5401db99,11569,3,HTERP/HTERP_v0.2/anchor_dossiers_001_006_007_008.md,02_RESEARCH_AND_EVIDENCE/HTERP/HTERP_v0.2/anchor_dossiers_001_006_007_008.md
aae8c55444e6be2c32a6d875d9de2ac0d8b9a69de2e48e744112511b5401db99,11569,3,HTERP/HTERP_v1.4/anchor_dossiers_001_006_007_008.md,02_RESEARCH_AND_EVIDENCE/HTERP/HTERP_v1.4/anchor_dossiers_001_006_007_008.md
ab7391ba51833bbd6dbb6fe54a0cf0e887b9b23d451e0a9551cbb34da21297de,3104,2,community-platform/node_modules/@supabase/auth-js/dist/main/lib/web3/ethereum.d.ts,06_DIGITAL_PLATFORM/community-platform/node_modules/@supabase/auth-js/dist/main/lib/web3/ethereum.d.ts
ab7391ba51833bbd6dbb6fe54a0cf0e887b9b23d451e0a9551cbb34da21297de,3104,2,community-platform/node_modules/@supabase/auth-js/dist/module/lib/web3/ethereum.d.ts,06_DIGITAL_PLATFORM/community-platform/node_modules/@supabase/auth-js/dist/module/lib/web3/ethereum.d.ts
ac3e9df8ccbf5135d55bff77e5f35b69524fdc113398d12874ea4e7b8aee41c9,212,2,community-platform/node_modules/next/dist/api/error.js,06_DIGITAL_PLATFORM/community-platform/node_modules/next/dist/api/error.js
ac3e9df8ccbf5135d55bff77e5f35b69524fdc113398d12874ea4e7b8aee41c9,212,2,community-platform/node_modules/next/dist/esm/api/error.js,06_DIGITAL_PLATFORM/community-platform/node_modules/next/dist/esm/api/error.js
ac7760c846337c7a1c7b7021ad620bc169046669b738e18610e03ee559644367,40368,2,institution/06-templates/finance/FIN-REQ-001-Purchase-Payment-Request.docx,04_INSTITUTION_AND_GOVERNANCE/institution/06-templates/finance/FIN-REQ-001-Purchase-Payment-Request.docx
ac7760c846337c7a1c7b7021ad620bc169046669b738e18610e03ee559644367,40368,2,operations/templates/03-Finance/FIN-REQ-001-Purchase-Payment-Request.docx,80_HISTORICAL_AND_PREINTEGRATION_PACKAGES/operations/templates/03-Finance/FIN-REQ-001-Purchase-Payment-Request.docx
acd8fd5090ac73902278889c38336ff3f48af6ba03aa665eb34a75e7ba1dccc4,512,2,community-platform/node_modules/next/dist/styled-jsx/types/css.d.ts,06_DIGITAL_PLATFORM/community-platform/node_modules/next/dist/styled-jsx/types/css.d.ts
acd8fd5090ac73902278889c38336ff3f48af6ba03aa665eb34a75e7ba1dccc4,512,2,community-platform/node_modules/styled-jsx/css.d.ts,06_DIGITAL_PLATFORM/community-platform/node_modules/styled-jsx/css.d.ts
acff3c4d7e907ed4c49af3e53d5974af718df485b37b0956f28bb2d24e452590,42003,2,institution/06-templates/manuals/LOCAL-AFF-OPS-001-Local-Community-and-Affiliation-Implementation-Manual.docx,04_INSTITUTION_AND_GOVERNANCE/institution/06-templates/manuals/LOCAL-AFF-OPS-001-Local-Community-and-Affiliation-Implementation-Manual.docx
acff3c4d7e907ed4c49af3e53d5974af718df485b37b0956f28bb2d24e452590,42003,2,LOCAL-AFF-OPS-001-Local-Community-and-Affiliation-Implementation-Manual.docx,80_HISTORICAL_AND_PREINTEGRATION_PACKAGES/top_level_institutional_exports/LOCAL-AFF-OPS-001-Local-Community-and-Affiliation-Implementation-Manual.docx
ad206041c936216976d8874bb732bdcb390f33fdad85673127a430c7f0cefa70,43110,2,Church/CH-009-Code-of-Religious-Discipline.docx,80_HISTORICAL_AND_PREINTEGRATION_PACKAGES/Church/CH-009-Code-of-Religious-Discipline.docx
ad206041c936216976d8874bb732bdcb390f33fdad85673127a430c7f0cefa70,43110,2,institution/05-operations/discipline/CH-009-Code-of-Religious-Discipline.docx,04_INSTITUTION_AND_GOVERNANCE/institution/05-operations/discipline/CH-009-Code-of-Religious-Discipline.docx
ad3883b18426d5236fa273db80938ea85cf8eb6f7f723958c13c15d3458b73e7,5039,3,HTERP/HTERP_v0.1/hypothesis_ledger.md,02_RESEARCH_AND_EVIDENCE/HTERP/HTERP_v0.1/hypothesis_ledger.md
ad3883b18426d5236fa273db80938ea85cf8eb6f7f723958c13c15d3458b73e7,5039,3,HTERP/HTERP_v0.2/hypothesis_ledger.md,02_RESEARCH_AND_EVIDENCE/HTERP/HTERP_v0.2/hypothesis_ledger.md
ad3883b18426d5236fa273db80938ea85cf8eb6f7f723958c13c15d3458b73e7,5039,3,HTERP/HTERP_v1.4/hypothesis_ledger.md,02_RESEARCH_AND_EVIDENCE/HTERP/HTERP_v1.4/hypothesis_ledger.md
adddf5e76ac1cc03b503a17c488b8591dd9eb5ec3faf689a3852d02d1b5fbb10,597,2,community-platform/node_modules/@img/sharp-libvips-linux-x64/versions.json,06_DIGITAL_PLATFORM/community-platform/node_modules/@img/sharp-libvips-linux-x64/versions.json
adddf5e76ac1cc03b503a17c488b8591dd9eb5ec3faf689a3852d02d1b5fbb10,597,2,community-platform/node_modules/@img/sharp-libvips-linuxmusl-x64/versions.json,06_DIGITAL_PLATFORM/community-platform/node_modules/@img/sharp-libvips-linuxmusl-x64/versions.json
aea71af714b63b2541e96b7afc68fc3dd666557a79ec259dbe9d038c625f2602,1046,2,release_v1_0/source/way_foundational_synthesis_v1_0.json,03_RELEASES_AND_BASELINES/release_v1_0/source/way_foundational_synthesis_v1_0.json
aea71af714b63b2541e96b7afc68fc3dd666557a79ec259dbe9d038c625f2602,1046,2,source/way_foundational_synthesis_v1_0.json,01_FOUNDATIONAL_SOURCE/source/way_foundational_synthesis_v1_0.json
aec5671628a9cd521026187569e2bd33e60783ab5b4b4fe6bb05ee1dbbd921a5,104,3,community-platform/node_modules/next/dist/compiled/react-dom/profiling.react-server.js,06_DIGITAL_PLATFORM/community-platform/node_modules/next/dist/compiled/react-dom/profiling.react-server.js
aec5671628a9cd521026187569e2bd33e60783ab5b4b4fe6bb05ee1dbbd921a5,104,3,community-platform/node_modules/next/dist/compiled/react-dom-experimental/profiling.react-server.js,06_DIGITAL_PLATFORM/community-platform/node_modules/next/dist/compiled/react-dom-experimental/profiling.react-server.js
aec5671628a9cd521026187569e2bd33e60783ab5b4b4fe6bb05ee1dbbd921a5,104,3,community-platform/node_modules/react-dom/profiling.react-server.js,06_DIGITAL_PLATFORM/community-platform/node_modules/react-dom/profiling.react-server.js
af083380c580759a1f755fc549cec1b12e610f0a229b85ea35cd24d76ea33b55,62806,2,Church/CH-005-Civil-Bylaws-BYL-001.docx,80_HISTORICAL_AND_PREINTEGRATION_PACKAGES/Church/CH-005-Civil-Bylaws-BYL-001.docx
af083380c580759a1f755fc549cec1b12e610f0a229b85ea35cd24d76ea33b55,62806,2,institution/02-constitutional/BYL-001/0.1.0/CH-005-Civil-Bylaws-BYL-001.docx,04_INSTITUTION_AND_GOVERNANCE/institution/02-constitutional/BYL-001/0.1.0/CH-005-Civil-Bylaws-BYL-001.docx
af084bdf83909bb73b17ac62feb8bfacdda82a22b7435842a24d5cf593824745,40370,2,institution/06-templates/succession/SUC-VAC-001-Vacancy-Unavailability-Declaration.docx,04_INSTITUTION_AND_GOVERNANCE/institution/06-templates/succession/SUC-VAC-001-Vacancy-Unavailability-Declaration.docx
af084bdf83909bb73b17ac62feb8bfacdda82a22b7435842a24d5cf593824745,40370,2,operations/templates/08-Succession/SUC-VAC-001-Vacancy-Unavailability-Declaration.docx,80_HISTORICAL_AND_PREINTEGRATION_PACKAGES/operations/templates/08-Succession/SUC-VAC-001-Vacancy-Unavailability-Declaration.docx
af71a6b4dd9a1642afb9b8e84011cc77c244e24f5bdbca4e0b2011ec6e24c7a4,66,2,release_v1_0/source/companion_handbook_v1_0.md,03_RELEASES_AND_BASELINES/release_v1_0/source/companion_handbook_v1_0.md
af71a6b4dd9a1642afb9b8e84011cc77c244e24f5bdbca4e0b2011ec6e24c7a4,66,2,source/companion_handbook_v1_0.md,01_FOUNDATIONAL_SOURCE/source/companion_handbook_v1_0.md
b062141a0b8c12fb1c310b6721646c63c383f865ef2bd6b09326d9897f26811b,40879,2,Church/CH-041-Contribution-and-Offering-Procedures.docx,80_HISTORICAL_AND_PREINTEGRATION_PACKAGES/Church/CH-041-Contribution-and-Offering-Procedures.docx
b062141a0b8c12fb1c310b6721646c63c383f865ef2bd6b09326d9897f26811b,40879,2,institution/05-operations/compliance/CH-041-Contribution-and-Offering-Procedures.docx,04_INSTITUTION_AND_GOVERNANCE/institution/05-operations/compliance/CH-041-Contribution-and-Offering-Procedures.docx
b070d77bfb2c52a1dd6996de0ce5f64c49a0ca55c889b163a963ddf5cb001ee2,11343,2,community-platform/node_modules/next/dist/compiled/@vercel/detect-agent/LICENSE,06_DIGITAL_PLATFORM/community-platform/node_modules/next/dist/compiled/@vercel/detect-agent/LICENSE
b070d77bfb2c52a1dd6996de0ce5f64c49a0ca55c889b163a963ddf5cb001ee2,11343,2,community-platform/node_modules/next/dist/compiled/@vercel/routing-utils/LICENSE,06_DIGITAL_PLATFORM/community-platform/node_modules/next/dist/compiled/@vercel/routing-utils/LICENSE
b07a321bcccd2890185f63de3e75a1f7dcb03d1d85bf94ebebb23b288c613aa3,40693,2,Church/CH-038-Conflict-of-Interest-Policy.docx,80_HISTORICAL_AND_PREINTEGRATION_PACKAGES/Church/CH-038-Conflict-of-Interest-Policy.docx
b07a321bcccd2890185f63de3e75a1f7dcb03d1d85bf94ebebb23b288c613aa3,40693,2,institution/05-operations/compliance/CH-038-Conflict-of-Interest-Policy.docx,04_INSTITUTION_AND_GOVERNANCE/institution/05-operations/compliance/CH-038-Conflict-of-Interest-Policy.docx
b089cfabaa170b8e8f8cdc0d1a6a8eda0a4ea761fe8d073f40bfb921b1e9167d,423,2,institutional_integrity/institutional_integrity_v0_3/recordbook/59_officer_director_register.md,05_INTEGRITY_SAFEGUARDING_AND_COMPLIANCE/institutional_integrity/institutional_integrity_v0_3/recordbook/59_officer_director_register.md
b089cfabaa170b8e8f8cdc0d1a6a8eda0a4ea761fe8d073f40bfb921b1e9167d,423,2,institutional_integrity/institutional_integrity_v0_4/recordbook/59_officer_director_register.md,05_INTEGRITY_SAFEGUARDING_AND_COMPLIANCE/institutional_integrity/institutional_integrity_v0_4/recordbook/59_officer_director_register.md
b0cb89c6a4c67d7bd52aed4c5ddd6bf2cf30839d5115dbc0556ba41cfa77d96f,454,2,community-platform/node_modules/@supabase/auth-js/dist/main/index.d.ts,06_DIGITAL_PLATFORM/community-platform/node_modules/@supabase/auth-js/dist/main/index.d.ts
b0cb89c6a4c67d7bd52aed4c5ddd6bf2cf30839d5115dbc0556ba41cfa77d96f,454,2,community-platform/node_modules/@supabase/auth-js/dist/module/index.d.ts,06_DIGITAL_PLATFORM/community-platform/node_modules/@supabase/auth-js/dist/module/index.d.ts
b0d2bc4142d0c62d43f996aaeb64f22c4889ac853f8a3765758b505d972d0149,110,2,community-platform/node_modules/@supabase/realtime-js/dist/main/phoenix/types.js,06_DIGITAL_PLATFORM/community-platform/node_modules/@supabase/realtime-js/dist/main/phoenix/types.js
b0d2bc4142d0c62d43f996aaeb64f22c4889ac853f8a3765758b505d972d0149,110,2,community-platform/node_modules/@supabase/ssr/dist/main/types.js,06_DIGITAL_PLATFORM/community-platform/node_modules/@supabase/ssr/dist/main/types.js
b0e6c4ee18aeb9ec561f8d722dea19b1ec22c1bad52ea271df1a85caac91d88d,423,2,community-platform/node_modules/@supabase/auth-js/dist/main/index.d.ts.map,06_DIGITAL_PLATFORM/community-platform/node_modules/@supabase/auth-js/dist/main/index.d.ts.map
b0e6c4ee18aeb9ec561f8d722dea19b1ec22c1bad52ea271df1a85caac91d88d,423,2,community-platform/node_modules/@supabase/auth-js/dist/module/index.d.ts.map,06_DIGITAL_PLATFORM/community-platform/node_modules/@supabase/auth-js/dist/module/index.d.ts.map
b250463a7af53430c56b0614686af2fe90325e015c8bdfc7fe8a96154f588d24,52066,2,institutional_integrity/institutional_integrity_v0_3_release/02_founding_transaction/founding_board_adoption_packet_v0_3.docx,05_INTEGRITY_SAFEGUARDING_AND_COMPLIANCE/institutional_integrity/institutional_integrity_v0_3_release/02_founding_transaction/founding_board_adoption_packet_v0_3.docx
b250463a7af53430c56b0614686af2fe90325e015c8bdfc7fe8a96154f588d24,52066,2,institutional_integrity/institutional_integrity_v0_4_release/06_prior_baseline/founding_board_adoption_packet_v0_3.docx,05_INTEGRITY_SAFEGUARDING_AND_COMPLIANCE/institutional_integrity/institutional_integrity_v0_4_release/06_prior_baseline/founding_board_adoption_packet_v0_3.docx
b293ec1bbe03a3d7c8c40ada5d46cec94c4b31b199e4b3b2a86ee83e55413794,40280,2,institution/06-templates/local-affiliation/LOCAL-INT-001-Local-Intervention-Order.docx,04_INSTITUTION_AND_GOVERNANCE/institution/06-templates/local-affiliation/LOCAL-INT-001-Local-Intervention-Order.docx
b293ec1bbe03a3d7c8c40ada5d46cec94c4b31b199e4b3b2a86ee83e55413794,40280,2,operations/templates/05-Local-and-Affiliation/LOCAL-INT-001-Local-Intervention-Order.docx,80_HISTORICAL_AND_PREINTEGRATION_PACKAGES/operations/templates/05-Local-and-Affiliation/LOCAL-INT-001-Local-Intervention-Order.docx
b3233836a18c94be88b19c4794ad3f7e203c177f0ad567c8f27cf8f8d73f35d9,607,4,forms/29_interview_record_template.md,80_HISTORICAL_AND_PREINTEGRATION_PACKAGES/forms/29_interview_record_template.md
b3233836a18c94be88b19c4794ad3f7e203c177f0ad567c8f27cf8f8d73f35d9,607,4,institutional_integrity/institutional_integrity_v0_2_release/modular_source/forms/29_interview_record_template.md,05_INTEGRITY_SAFEGUARDING_AND_COMPLIANCE/institutional_integrity/institutional_integrity_v0_2_release/modular_source/forms/29_interview_record_template.md
b3233836a18c94be88b19c4794ad3f7e203c177f0ad567c8f27cf8f8d73f35d9,607,4,institutional_integrity/institutional_integrity_v0_3/forms/29_interview_record_template.md,05_INTEGRITY_SAFEGUARDING_AND_COMPLIANCE/institutional_integrity/institutional_integrity_v0_3/forms/29_interview_record_template.md
b3233836a18c94be88b19c4794ad3f7e203c177f0ad567c8f27cf8f8d73f35d9,607,4,institutional_integrity/institutional_integrity_v0_4/forms/29_interview_record_template.md,05_INTEGRITY_SAFEGUARDING_AND_COMPLIANCE/institutional_integrity/institutional_integrity_v0_4/forms/29_interview_record_template.md
b392951a77d0a2e6a6bd017e49d768481ae5b63c4109c6c31f622cf7b2433edc,210,3,community-platform/node_modules/next/dist/compiled/react/jsx-runtime.js,06_DIGITAL_PLATFORM/community-platform/node_modules/next/dist/compiled/react/jsx-runtime.js
b392951a77d0a2e6a6bd017e49d768481ae5b63c4109c6c31f622cf7b2433edc,210,3,community-platform/node_modules/next/dist/compiled/react-experimental/jsx-runtime.js,06_DIGITAL_PLATFORM/community-platform/node_modules/next/dist/compiled/react-experimental/jsx-runtime.js
b392951a77d0a2e6a6bd017e49d768481ae5b63c4109c6c31f622cf7b2433edc,210,3,community-platform/node_modules/react/jsx-runtime.js,06_DIGITAL_PLATFORM/community-platform/node_modules/react/jsx-runtime.js
b3a332f3d75eccc8ecf76ade66c9ec9a9e8097a96ed15b3bc501f3ef75c7edab,94,2,community-platform/node_modules/next/dist/docs/01-app/02-guides/migrating/index.md,06_DIGITAL_PLATFORM/community-platform/node_modules/next/dist/docs/01-app/02-guides/migrating/index.md
b3a332f3d75eccc8ecf76ade66c9ec9a9e8097a96ed15b3bc501f3ef75c7edab,94,2,community-platform/node_modules/next/dist/docs/02-pages/02-guides/migrating/index.md,06_DIGITAL_PLATFORM/community-platform/node_modules/next/dist/docs/02-pages/02-guides/migrating/index.md
b3e059c98b9fdb8ab96c8fbbd3d801f45f2ff4fa6599176c5fd181635ecce5d5,40096,2,institution/06-templates/doctrine/DOC-SUP-001-Supersession-Correction-Record.docx,04_INSTITUTION_AND_GOVERNANCE/institution/06-templates/doctrine/DOC-SUP-001-Supersession-Correction-Record.docx
b3e059c98b9fdb8ab96c8fbbd3d801f45f2ff4fa6599176c5fd181635ecce5d5,40096,2,operations/templates/02-Doctrine/DOC-SUP-001-Supersession-Correction-Record.docx,80_HISTORICAL_AND_PREINTEGRATION_PACKAGES/operations/templates/02-Doctrine/DOC-SUP-001-Supersession-Correction-Record.docx
b45d16f48624ff4211347c42dade84f0f38a7451d063ee3679ec90f52d37f597,685,2,community-platform/node_modules/@supabase/auth-js/dist/main/lib/constants.d.ts.map,06_DIGITAL_PLATFORM/community-platform/node_modules/@supabase/auth-js/dist/main/lib/constants.d.ts.map
b45d16f48624ff4211347c42dade84f0f38a7451d063ee3679ec90f52d37f597,685,2,community-platform/node_modules/@supabase/auth-js/dist/module/lib/constants.d.ts.map,06_DIGITAL_PLATFORM/community-platform/node_modules/@supabase/auth-js/dist/module/lib/constants.d.ts.map
b49dcc2536af16a91c049adac85385709c5cdc7fad360df2a994dfd763be377c,40384,2,institution/06-templates/ministry/MIN-REST-F-001-Restoration-Decision.docx,04_INSTITUTION_AND_GOVERNANCE/institution/06-templates/ministry/MIN-REST-F-001-Restoration-Decision.docx
b49dcc2536af16a91c049adac85385709c5cdc7fad360df2a994dfd763be377c,40384,2,operations/templates/06-Ministry/MIN-REST-F-001-Restoration-Decision.docx,80_HISTORICAL_AND_PREINTEGRATION_PACKAGES/operations/templates/06-Ministry/MIN-REST-F-001-Restoration-Decision.docx
b51aa39152094ee7a678f32de692789498a8bb8728f414c7cebc18c706dbffdb,2124,2,community-platform/node_modules/@supabase/realtime-js/dist/main/RealtimePostgresFilterBuilder.d.ts.map,06_DIGITAL_PLATFORM/community-platform/node_modules/@supabase/realtime-js/dist/main/RealtimePostgresFilterBuilder.d.ts.map
b51aa39152094ee7a678f32de692789498a8bb8728f414c7cebc18c706dbffdb,2124,2,community-platform/node_modules/@supabase/realtime-js/dist/module/RealtimePostgresFilterBuilder.d.ts.map,06_DIGITAL_PLATFORM/community-platform/node_modules/@supabase/realtime-js/dist/module/RealtimePostgresFilterBuilder.d.ts.map
b61bbbadf09727958754d75f39c332cb570f7164fe14db414994be25be09b417,40250,2,institution/06-templates/safeguarding/SAFE-AR-001-Anti-Retaliation-Notice.docx,04_INSTITUTION_AND_GOVERNANCE/institution/06-templates/safeguarding/SAFE-AR-001-Anti-Retaliation-Notice.docx
b61bbbadf09727958754d75f39c332cb570f7164fe14db414994be25be09b417,40250,2,operations/templates/07-Safeguarding/SAFE-AR-001-Anti-Retaliation-Notice.docx,80_HISTORICAL_AND_PREINTEGRATION_PACKAGES/operations/templates/07-Safeguarding/SAFE-AR-001-Anti-Retaliation-Notice.docx
b67794b005af9e47c577400d3f8b3b5ebe6965434720f0885ee051e1417381a5,281,2,community-platform/node_modules/@supabase/ssr/dist/main/index.d.ts,06_DIGITAL_PLATFORM/community-platform/node_modules/@supabase/ssr/dist/main/index.d.ts
b67794b005af9e47c577400d3f8b3b5ebe6965434720f0885ee051e1417381a5,281,2,community-platform/node_modules/@supabase/ssr/dist/module/index.d.ts,06_DIGITAL_PLATFORM/community-platform/node_modules/@supabase/ssr/dist/module/index.d.ts
b7ac144b394cbd81052d6397ec0c33397977b1d7e9bc095e744e652a378c6fb3,31288,2,community-platform/node_modules/next/dist/esm/next-devtools/server/font/geist-mono-latin.woff2,06_DIGITAL_PLATFORM/community-platform/node_modules/next/dist/esm/next-devtools/server/font/geist-mono-latin.woff2
b7ac144b394cbd81052d6397ec0c33397977b1d7e9bc095e744e652a378c6fb3,31288,2,community-platform/node_modules/next/dist/next-devtools/server/font/geist-mono-latin.woff2,06_DIGITAL_PLATFORM/community-platform/node_modules/next/dist/next-devtools/server/font/geist-mono-latin.woff2
b7bf4e5e53f78f3d2e4ec6034c99e01a04c98bd70bc269b6e1f782b47935a0a4,40820,2,Church/CH-027-Ordination-Procedure.docx,80_HISTORICAL_AND_PREINTEGRATION_PACKAGES/Church/CH-027-Ordination-Procedure.docx
b7bf4e5e53f78f3d2e4ec6034c99e01a04c98bd70bc269b6e1f782b47935a0a4,40820,2,institution/05-operations/ministry/CH-027-Ordination-Procedure.docx,04_INSTITUTION_AND_GOVERNANCE/institution/05-operations/ministry/CH-027-Ordination-Procedure.docx
b7c28dd3541c96b451fbec97944c876fc8797b683622e82d8b7558deba8e1f33,42198,2,Church/CH-013-Membership-Standard.docx,80_HISTORICAL_AND_PREINTEGRATION_PACKAGES/Church/CH-013-Membership-Standard.docx
b7c28dd3541c96b451fbec97944c876fc8797b683622e82d8b7558deba8e1f33,42198,2,institution/05-operations/membership/CH-013-Membership-Standard.docx,04_INSTITUTION_AND_GOVERNANCE/institution/05-operations/membership/CH-013-Membership-Standard.docx
b838d4c72740eb0afd284bf7575b74c624b105eff2e8c7b4aeead57e7ac320ff,532,2,community-platform/node_modules/@types/react/jsx-runtime.d.ts,06_DIGITAL_PLATFORM/community-platform/node_modules/@types/react/jsx-runtime.d.ts
b838d4c72740eb0afd284bf7575b74c624b105eff2e8c7b4aeead57e7ac320ff,532,2,community-platform/node_modules/@types/react/ts5.0/jsx-runtime.d.ts,06_DIGITAL_PLATFORM/community-platform/node_modules/@types/react/ts5.0/jsx-runtime.d.ts
b8468effba74693caa28b2d185c31f8159d6994ac8b4818c1dcd87895ed56c35,3742,2,HTERP/HTERP_v0.2/WP-001-source-register.md,02_RESEARCH_AND_EVIDENCE/HTERP/HTERP_v0.2/WP-001-source-register.md
b8468effba74693caa28b2d185c31f8159d6994ac8b4818c1dcd87895ed56c35,3742,2,HTERP/HTERP_v1.4/WP-001-source-register.md,02_RESEARCH_AND_EVIDENCE/HTERP/HTERP_v1.4/WP-001-source-register.md
b851eda702946e9b98768ab3b71a96e7171bd3b1644bbc2ebf0738ed9648b244,1431,4,institutional_integrity/institutional_integrity_v0_2_release/modular_source/policies/12_financial_controls_sop.md,05_INTEGRITY_SAFEGUARDING_AND_COMPLIANCE/institutional_integrity/institutional_integrity_v0_2_release/modular_source/policies/12_financial_controls_sop.md
b851eda702946e9b98768ab3b71a96e7171bd3b1644bbc2ebf0738ed9648b244,1431,4,institutional_integrity/institutional_integrity_v0_3/policies/12_financial_controls_sop.md,05_INTEGRITY_SAFEGUARDING_AND_COMPLIANCE/institutional_integrity/institutional_integrity_v0_3/policies/12_financial_controls_sop.md
b851eda702946e9b98768ab3b71a96e7171bd3b1644bbc2ebf0738ed9648b244,1431,4,institutional_integrity/institutional_integrity_v0_4/policies/12_financial_controls_sop.md,05_INTEGRITY_SAFEGUARDING_AND_COMPLIANCE/institutional_integrity/institutional_integrity_v0_4/policies/12_financial_controls_sop.md
b851eda702946e9b98768ab3b71a96e7171bd3b1644bbc2ebf0738ed9648b244,1431,4,policies/12_financial_controls_sop.md,80_HISTORICAL_AND_PREINTEGRATION_PACKAGES/policies/12_financial_controls_sop.md
b8adcb85f9b167f9507097ff43f86e9d11b6f9300b2cf4f2423e55fe076e5735,3539,2,community-platform/node_modules/@supabase/auth-js/dist/main/lib/helpers.d.ts.map,06_DIGITAL_PLATFORM/community-platform/node_modules/@supabase/auth-js/dist/main/lib/helpers.d.ts.map
b8adcb85f9b167f9507097ff43f86e9d11b6f9300b2cf4f2423e55fe076e5735,3539,2,community-platform/node_modules/@supabase/auth-js/dist/module/lib/helpers.d.ts.map,06_DIGITAL_PLATFORM/community-platform/node_modules/@supabase/auth-js/dist/module/lib/helpers.d.ts.map
b8b95150d3e647bde1d7bda56205b8b3166fed15970b9c1a3705c7757a3d17c4,79,2,community-platform/node_modules/next/dist/api/constants.js,06_DIGITAL_PLATFORM/community-platform/node_modules/next/dist/api/constants.js
b8b95150d3e647bde1d7bda56205b8b3166fed15970b9c1a3705c7757a3d17c4,79,2,community-platform/node_modules/next/dist/esm/api/constants.js,06_DIGITAL_PLATFORM/community-platform/node_modules/next/dist/esm/api/constants.js
b8bb5a5ddf4b818dd855d96d64fcad8dcace3b7bd4522c1861f34fd06b582583,140,2,community-platform/node_modules/next/dist/esm/server/route-modules/app-page/vendored/contexts/hooks-client-context.js,06_DIGITAL_PLATFORM/community-platform/node_modules/next/dist/esm/server/route-modules/app-page/vendored/contexts/hooks-client-context.js
b8bb5a5ddf4b818dd855d96d64fcad8dcace3b7bd4522c1861f34fd06b582583,140,2,community-platform/node_modules/next/dist/esm/server/route-modules/pages/vendored/contexts/hooks-client-context.js,06_DIGITAL_PLATFORM/community-platform/node_modules/next/dist/esm/server/route-modules/pages/vendored/contexts/hooks-client-context.js
b8bee4a5f4c498322c4e878e1a267f4d4d6365e74f72e2ee01ca928e4e6f3669,40282,2,Church/CH-046-Lobbying-Policy.docx,80_HISTORICAL_AND_PREINTEGRATION_PACKAGES/Church/CH-046-Lobbying-Policy.docx
b8bee4a5f4c498322c4e878e1a267f4d4d6365e74f72e2ee01ca928e4e6f3669,40282,2,institution/05-operations/compliance/CH-046-Lobbying-Policy.docx,04_INSTITUTION_AND_GOVERNANCE/institution/05-operations/compliance/CH-046-Lobbying-Policy.docx
b8d7f7153c975f92f611272b85d2b81c82123fd9e393bc0a2007f09f081167c8,2545,2,community-platform/node_modules/@supabase/auth-js/dist/main/lib/error-codes.d.ts,06_DIGITAL_PLATFORM/community-platform/node_modules/@supabase/auth-js/dist/main/lib/error-codes.d.ts
b8d7f7153c975f92f611272b85d2b81c82123fd9e393bc0a2007f09f081167c8,2545,2,community-platform/node_modules/@supabase/auth-js/dist/module/lib/error-codes.d.ts,06_DIGITAL_PLATFORM/community-platform/node_modules/@supabase/auth-js/dist/module/lib/error-codes.d.ts
b8dfb83352ee90d1a8045357ba85a8691865fcc20657118f0d527da0a33eefd8,760,4,forms/25_mandated_reporting_quick_card_tn.md,80_HISTORICAL_AND_PREINTEGRATION_PACKAGES/forms/25_mandated_reporting_quick_card_tn.md
b8dfb83352ee90d1a8045357ba85a8691865fcc20657118f0d527da0a33eefd8,760,4,institutional_integrity/institutional_integrity_v0_2_release/modular_source/forms/25_mandated_reporting_quick_card_tn.md,05_INTEGRITY_SAFEGUARDING_AND_COMPLIANCE/institutional_integrity/institutional_integrity_v0_2_release/modular_source/forms/25_mandated_reporting_quick_card_tn.md
b8dfb83352ee90d1a8045357ba85a8691865fcc20657118f0d527da0a33eefd8,760,4,institutional_integrity/institutional_integrity_v0_3/forms/25_mandated_reporting_quick_card_tn.md,05_INTEGRITY_SAFEGUARDING_AND_COMPLIANCE/institutional_integrity/institutional_integrity_v0_3/forms/25_mandated_reporting_quick_card_tn.md
b8dfb83352ee90d1a8045357ba85a8691865fcc20657118f0d527da0a33eefd8,760,4,institutional_integrity/institutional_integrity_v0_4/forms/25_mandated_reporting_quick_card_tn.md,05_INTEGRITY_SAFEGUARDING_AND_COMPLIANCE/institutional_integrity/institutional_integrity_v0_4/forms/25_mandated_reporting_quick_card_tn.md
b9682c2e474a86b44a8e0a0c7ce310c2e2ef5f444fbc0c5996d91f2b4c769044,7113,2,community-platform/node_modules/@supabase/realtime-js/dist/main/RealtimePostgresFilterBuilder.d.ts,06_DIGITAL_PLATFORM/community-platform/node_modules/@supabase/realtime-js/dist/main/RealtimePostgresFilterBuilder.d.ts
b9682c2e474a86b44a8e0a0c7ce310c2e2ef5f444fbc0c5996d91f2b4c769044,7113,2,community-platform/node_modules/@supabase/realtime-js/dist/module/RealtimePostgresFilterBuilder.d.ts,06_DIGITAL_PLATFORM/community-platform/node_modules/@supabase/realtime-js/dist/module/RealtimePostgresFilterBuilder.d.ts
ba1a3e33489f868371561777607e3ee5091df0f7ea3f1a10f789d6b86e4c1505,1359,3,community-platform/node_modules/next/dist/compiled/react-dom/index.js,06_DIGITAL_PLATFORM/community-platform/node_modules/next/dist/compiled/react-dom/index.js
ba1a3e33489f868371561777607e3ee5091df0f7ea3f1a10f789d6b86e4c1505,1359,3,community-platform/node_modules/next/dist/compiled/react-dom-experimental/index.js,06_DIGITAL_PLATFORM/community-platform/node_modules/next/dist/compiled/react-dom-experimental/index.js
ba1a3e33489f868371561777607e3ee5091df0f7ea3f1a10f789d6b86e4c1505,1359,3,community-platform/node_modules/react-dom/index.js,06_DIGITAL_PLATFORM/community-platform/node_modules/react-dom/index.js
ba646d5af975ac24cc8b634ebaf8cdc89ae0cc5b33929c2bcb6d77a453882151,2101,2,institutional_integrity/institutional_integrity_v0_3/founding/45_organizational_meeting_agenda.md,05_INTEGRITY_SAFEGUARDING_AND_COMPLIANCE/institutional_integrity/institutional_integrity_v0_3/founding/45_organizational_meeting_agenda.md
ba646d5af975ac24cc8b634ebaf8cdc89ae0cc5b33929c2bcb6d77a453882151,2101,2,institutional_integrity/institutional_integrity_v0_4/founding/45_organizational_meeting_agenda.md,05_INTEGRITY_SAFEGUARDING_AND_COMPLIANCE/institutional_integrity/institutional_integrity_v0_4/founding/45_organizational_meeting_agenda.md
ba9b367119971ed746925a600256d342eb4cc3f2389de013f61e36ff1f3594a5,387,3,community-platform/node_modules/next/dist/compiled/react/cjs/react-jsx-dev-runtime.production.js,06_DIGITAL_PLATFORM/community-platform/node_modules/next/dist/compiled/react/cjs/react-jsx-dev-runtime.production.js
ba9b367119971ed746925a600256d342eb4cc3f2389de013f61e36ff1f3594a5,387,3,community-platform/node_modules/next/dist/compiled/react-experimental/cjs/react-jsx-dev-runtime.production.js,06_DIGITAL_PLATFORM/community-platform/node_modules/next/dist/compiled/react-experimental/cjs/react-jsx-dev-runtime.production.js
ba9b367119971ed746925a600256d342eb4cc3f2389de013f61e36ff1f3594a5,387,3,community-platform/node_modules/react/cjs/react-jsx-dev-runtime.production.js,06_DIGITAL_PLATFORM/community-platform/node_modules/react/cjs/react-jsx-dev-runtime.production.js
bb42b97ee74265b7c6def20f785c105d327d6b461f5491eb28d6fbdab2d17a51,581,3,community-platform/node_modules/@supabase/auth-js/dist/main/lib/version.js,06_DIGITAL_PLATFORM/community-platform/node_modules/@supabase/auth-js/dist/main/lib/version.js
bb42b97ee74265b7c6def20f785c105d327d6b461f5491eb28d6fbdab2d17a51,581,3,community-platform/node_modules/@supabase/functions-js/dist/main/version.js,06_DIGITAL_PLATFORM/community-platform/node_modules/@supabase/functions-js/dist/main/version.js
bb42b97ee74265b7c6def20f785c105d327d6b461f5491eb28d6fbdab2d17a51,581,3,community-platform/node_modules/@supabase/realtime-js/dist/main/lib/version.js,06_DIGITAL_PLATFORM/community-platform/node_modules/@supabase/realtime-js/dist/main/lib/version.js
bba2dfde09e5884c0f2a61268a8bffed37f3eb14a6595e21d608c3b8257caefa,1590,4,institutional_integrity/institutional_integrity_v0_2_release/modular_source/policies/10_conflict_related_party_policy.md,05_INTEGRITY_SAFEGUARDING_AND_COMPLIANCE/institutional_integrity/institutional_integrity_v0_2_release/modular_source/policies/10_conflict_related_party_policy.md
bba2dfde09e5884c0f2a61268a8bffed37f3eb14a6595e21d608c3b8257caefa,1590,4,institutional_integrity/institutional_integrity_v0_3/policies/10_conflict_related_party_policy.md,05_INTEGRITY_SAFEGUARDING_AND_COMPLIANCE/institutional_integrity/institutional_integrity_v0_3/policies/10_conflict_related_party_policy.md
bba2dfde09e5884c0f2a61268a8bffed37f3eb14a6595e21d608c3b8257caefa,1590,4,institutional_integrity/institutional_integrity_v0_4/policies/10_conflict_related_party_policy.md,05_INTEGRITY_SAFEGUARDING_AND_COMPLIANCE/institutional_integrity/institutional_integrity_v0_4/policies/10_conflict_related_party_policy.md
bba2dfde09e5884c0f2a61268a8bffed37f3eb14a6595e21d608c3b8257caefa,1590,4,policies/10_conflict_related_party_policy.md,80_HISTORICAL_AND_PREINTEGRATION_PACKAGES/policies/10_conflict_related_party_policy.md
bba50ffba9a4fc5a990c591f42ff322f314f397435e0dba121765a1114f5400a,175,2,community-platform/node_modules/next/dist/api/og.js.map,06_DIGITAL_PLATFORM/community-platform/node_modules/next/dist/api/og.js.map
bba50ffba9a4fc5a990c591f42ff322f314f397435e0dba121765a1114f5400a,175,2,community-platform/node_modules/next/dist/esm/api/og.js.map,06_DIGITAL_PLATFORM/community-platform/node_modules/next/dist/esm/api/og.js.map
bbb3643227b6143b8d0478ef50af524820823beb3d4f9f6a47c9b7745cffdcb5,45533,3,release/references_v1_0/companion_handbook_v1_0.docx,03_RELEASES_AND_BASELINES/release_v1_1/references_v1_0/companion_handbook_v1_0.docx
bbb3643227b6143b8d0478ef50af524820823beb3d4f9f6a47c9b7745cffdcb5,45533,3,release_v1_0/companion_handbook_v1_0.docx,03_RELEASES_AND_BASELINES/release_v1_0/companion_handbook_v1_0.docx
bbb3643227b6143b8d0478ef50af524820823beb3d4f9f6a47c9b7745cffdcb5,45533,3,release_v1_2/reference_v1_0/companion_handbook_v1_0.docx,03_RELEASES_AND_BASELINES/release_v1_2/reference_v1_0/companion_handbook_v1_0.docx
bd2e082c3806b143b0b175540958b89c174bcdba00940bf5fa007e4b5f85e5fa,140,2,community-platform/node_modules/next/dist/esm/server/route-modules/app-page/vendored/contexts/server-inserted-html.js,06_DIGITAL_PLATFORM/community-platform/node_modules/next/dist/esm/server/route-modules/app-page/vendored/contexts/server-inserted-html.js
bd2e082c3806b143b0b175540958b89c174bcdba00940bf5fa007e4b5f85e5fa,140,2,community-platform/node_modules/next/dist/esm/server/route-modules/pages/vendored/contexts/server-inserted-html.js,06_DIGITAL_PLATFORM/community-platform/node_modules/next/dist/esm/server/route-modules/pages/vendored/contexts/server-inserted-html.js
bd52e72e50484513d38c6cfd3754953912dd88739dac03f52518b9ea6b0a5106,41138,2,Church/CH-030-Religious-Literature-Corpus.docx,80_HISTORICAL_AND_PREINTEGRATION_PACKAGES/Church/CH-030-Religious-Literature-Corpus.docx
bd52e72e50484513d38c6cfd3754953912dd88739dac03f52518b9ea6b0a5106,41138,2,institution/05-operations/ministry/CH-030-Religious-Literature-Corpus.docx,04_INSTITUTION_AND_GOVERNANCE/institution/05-operations/ministry/CH-030-Religious-Literature-Corpus.docx
be9fae6139c7b7865513ba6bd6da6ae53436f5683278d7495e9e8eb0a288a568,41026,2,Church/CH-014-Covenant-Membership-Covenant.docx,80_HISTORICAL_AND_PREINTEGRATION_PACKAGES/Church/CH-014-Covenant-Membership-Covenant.docx
be9fae6139c7b7865513ba6bd6da6ae53436f5683278d7495e9e8eb0a288a568,41026,2,institution/05-operations/membership/CH-014-Covenant-Membership-Covenant.docx,04_INSTITUTION_AND_GOVERNANCE/institution/05-operations/membership/CH-014-Covenant-Membership-Covenant.docx
bed2d91153d190dbbe5213e54fe84dd18c697d47ddfd520c861c842ddc8030b7,40282,2,institution/06-templates/safeguarding/SAFE-INV-001-Investigation-Authorization.docx,04_INSTITUTION_AND_GOVERNANCE/institution/06-templates/safeguarding/SAFE-INV-001-Investigation-Authorization.docx
bed2d91153d190dbbe5213e54fe84dd18c697d47ddfd520c861c842ddc8030b7,40282,2,operations/templates/07-Safeguarding/SAFE-INV-001-Investigation-Authorization.docx,80_HISTORICAL_AND_PREINTEGRATION_PACKAGES/operations/templates/07-Safeguarding/SAFE-INV-001-Investigation-Authorization.docx
bf3dc05e6f42c9ab3f60137d7d94e52eb5a3d1525778af386390ab3806ade7ab,2540,2,HTERP/HTERP_v0.2/dossiers/HTE-047-neurological-controls.md,02_RESEARCH_AND_EVIDENCE/HTERP/HTERP_v0.2/dossiers/HTE-047-neurological-controls.md
bf3dc05e6f42c9ab3f60137d7d94e52eb5a3d1525778af386390ab3806ade7ab,2540,2,HTERP/HTERP_v1.4/dossiers/HTE-047-neurological-controls.md,02_RESEARCH_AND_EVIDENCE/HTERP/HTERP_v1.4/dossiers/HTE-047-neurological-controls.md
bf70195e70b39bfece5259f5c8e3daabacc93227165a5f903b558f0a000ea7bc,1596,2,institutional_integrity/institutional_integrity_v0_3/founding/54_first_90_day_activation_plan.md,05_INTEGRITY_SAFEGUARDING_AND_COMPLIANCE/institutional_integrity/institutional_integrity_v0_3/founding/54_first_90_day_activation_plan.md
bf70195e70b39bfece5259f5c8e3daabacc93227165a5f903b558f0a000ea7bc,1596,2,institutional_integrity/institutional_integrity_v0_4/founding/54_first_90_day_activation_plan.md,05_INTEGRITY_SAFEGUARDING_AND_COMPLIANCE/institutional_integrity/institutional_integrity_v0_4/founding/54_first_90_day_activation_plan.md
bf7400e80a7f9cab30fa36b0dca41c4496cfd83acc7d28196395b3f79aae6b31,40995,2,Church/CH-040-Financial-Controls-Policy.docx,80_HISTORICAL_AND_PREINTEGRATION_PACKAGES/Church/CH-040-Financial-Controls-Policy.docx
bf7400e80a7f9cab30fa36b0dca41c4496cfd83acc7d28196395b3f79aae6b31,40995,2,institution/05-operations/compliance/CH-040-Financial-Controls-Policy.docx,04_INSTITUTION_AND_GOVERNANCE/institution/05-operations/compliance/CH-040-Financial-Controls-Policy.docx
bfdeded4040e05da31ca9b6239dc83bd23fa26ac8db87342a7ca4363f68916ff,11342,2,community-platform/node_modules/next/dist/compiled/web-vitals/LICENSE,06_DIGITAL_PLATFORM/community-platform/node_modules/next/dist/compiled/web-vitals/LICENSE
bfdeded4040e05da31ca9b6239dc83bd23fa26ac8db87342a7ca4363f68916ff,11342,2,community-platform/node_modules/next/dist/compiled/web-vitals-attribution/LICENSE,06_DIGITAL_PLATFORM/community-platform/node_modules/next/dist/compiled/web-vitals-attribution/LICENSE
c02110eedc16c7114f1a9bdc026c65626ce1d9c7e27fd51a8e0feee8a48a6858,1175,2,community-platform/node_modules/cookie/LICENSE,06_DIGITAL_PLATFORM/community-platform/node_modules/cookie/LICENSE
c02110eedc16c7114f1a9bdc026c65626ce1d9c7e27fd51a8e0feee8a48a6858,1175,2,community-platform/node_modules/next/dist/compiled/cookie/LICENSE,06_DIGITAL_PLATFORM/community-platform/node_modules/next/dist/compiled/cookie/LICENSE
c09a1c5f920dff115ab01864e690a39dd6857971a5abf9f09439626a351d6b4b,1874,2,institutional_integrity/institutional_integrity_v0_3/recordbook/57_records_retention_schedule.md,05_INTEGRITY_SAFEGUARDING_AND_COMPLIANCE/institutional_integrity/institutional_integrity_v0_3/recordbook/57_records_retention_schedule.md
c09a1c5f920dff115ab01864e690a39dd6857971a5abf9f09439626a351d6b4b,1874,2,institutional_integrity/institutional_integrity_v0_4/recordbook/57_records_retention_schedule.md,05_INTEGRITY_SAFEGUARDING_AND_COMPLIANCE/institutional_integrity/institutional_integrity_v0_4/recordbook/57_records_retention_schedule.md
c0d5f631fd3f1664f0b3eca431966747c553f09a24cc62629188e953faa7981a,945,2,release_v1_2/v1_2/name_clearance_record_v1_2.md,03_RELEASES_AND_BASELINES/release_v1_2/v1_2/name_clearance_record_v1_2.md
c0d5f631fd3f1664f0b3eca431966747c553f09a24cc62629188e953faa7981a,945,2,source/name_clearance_record_v1_2.md,01_FOUNDATIONAL_SOURCE/source/name_clearance_record_v1_2.md
c2cfccb812fe482101a8f04597dfc5a9991a6b2748266c47ac91b6a5aae15383,1141,3,community-platform/node_modules/@types/node/LICENSE,06_DIGITAL_PLATFORM/community-platform/node_modules/@types/node/LICENSE
c2cfccb812fe482101a8f04597dfc5a9991a6b2748266c47ac91b6a5aae15383,1141,3,community-platform/node_modules/@types/react/LICENSE,06_DIGITAL_PLATFORM/community-platform/node_modules/@types/react/LICENSE
c2cfccb812fe482101a8f04597dfc5a9991a6b2748266c47ac91b6a5aae15383,1141,3,community-platform/node_modules/@types/react-dom/LICENSE,06_DIGITAL_PLATFORM/community-platform/node_modules/@types/react-dom/LICENSE
c2d6b6819b377c0dec52d95dbcac07098326a74f06ddfd416885c4b45b13a3d8,103,2,community-platform/node_modules/next/dist/docs/01-app/03-api-reference/03-file-conventions/index.md,06_DIGITAL_PLATFORM/community-platform/node_modules/next/dist/docs/01-app/03-api-reference/03-file-conventions/index.md
c2d6b6819b377c0dec52d95dbcac07098326a74f06ddfd416885c4b45b13a3d8,103,2,community-platform/node_modules/next/dist/docs/02-pages/04-api-reference/02-file-conventions/index.md,06_DIGITAL_PLATFORM/community-platform/node_modules/next/dist/docs/02-pages/04-api-reference/02-file-conventions/index.md
c30436b130b6218b7714314dc41d3f459590db4bdf099eecd51cb1bda32109a8,740,2,community-platform/node_modules/@types/react/jsx-dev-runtime.d.ts,06_DIGITAL_PLATFORM/community-platform/node_modules/@types/react/jsx-dev-runtime.d.ts
c30436b130b6218b7714314dc41d3f459590db4bdf099eecd51cb1bda32109a8,740,2,community-platform/node_modules/@types/react/ts5.0/jsx-dev-runtime.d.ts,06_DIGITAL_PLATFORM/community-platform/node_modules/@types/react/ts5.0/jsx-dev-runtime.d.ts
c3f6f3c76df62b774ddfe4e5e3aa1c57b9e9e05b2f6f1ed2678d2511cd8697a4,40268,2,institution/06-templates/safeguarding/SAFE-TRI-001-Immediate-Risk-Triage.docx,04_INSTITUTION_AND_GOVERNANCE/institution/06-templates/safeguarding/SAFE-TRI-001-Immediate-Risk-Triage.docx
c3f6f3c76df62b774ddfe4e5e3aa1c57b9e9e05b2f6f1ed2678d2511cd8697a4,40268,2,operations/templates/07-Safeguarding/SAFE-TRI-001-Immediate-Risk-Triage.docx,80_HISTORICAL_AND_PREINTEGRATION_PACKAGES/operations/templates/07-Safeguarding/SAFE-TRI-001-Immediate-Risk-Triage.docx
c43ade59d21540c7c4885b74e40d4d47144cab927d0450406abf187a00df6c46,1509,2,community-platform/node_modules/@supabase/ssr/dist/main/utils/helpers.d.ts,06_DIGITAL_PLATFORM/community-platform/node_modules/@supabase/ssr/dist/main/utils/helpers.d.ts
c43ade59d21540c7c4885b74e40d4d47144cab927d0450406abf187a00df6c46,1509,2,community-platform/node_modules/@supabase/ssr/dist/module/utils/helpers.d.ts,06_DIGITAL_PLATFORM/community-platform/node_modules/@supabase/ssr/dist/module/utils/helpers.d.ts
c449ccc65cbe48fc85d1d495118a18fce3488bd6f73a0ce42f99060db7da0453,40148,2,institution/06-templates/discipline/DISC-CHG-001-Statement-of-Charges.docx,04_INSTITUTION_AND_GOVERNANCE/institution/06-templates/discipline/DISC-CHG-001-Statement-of-Charges.docx
c449ccc65cbe48fc85d1d495118a18fce3488bd6f73a0ce42f99060db7da0453,40148,2,operations/templates/01-Discipline/DISC-CHG-001-Statement-of-Charges.docx,80_HISTORICAL_AND_PREINTEGRATION_PACKAGES/operations/templates/01-Discipline/DISC-CHG-001-Statement-of-Charges.docx
c4630ac8b89cb317ac5bdd60ac5e4e185eab9bd5151a0c7b3afa41aa83d7ec9b,1095,2,community-platform/node_modules/next/dist/compiled/postcss-safe-parser/LICENSE,06_DIGITAL_PLATFORM/community-platform/node_modules/next/dist/compiled/postcss-safe-parser/LICENSE
c4630ac8b89cb317ac5bdd60ac5e4e185eab9bd5151a0c7b3afa41aa83d7ec9b,1095,2,community-platform/node_modules/next/dist/compiled/postcss-scss/LICENSE,06_DIGITAL_PLATFORM/community-platform/node_modules/next/dist/compiled/postcss-scss/LICENSE
c5a3792b82bf70ffd3aee58c967d8be24b2f188a0ba4437ec0937ceb0a802a4a,42224,2,Church/CH-011-Religious-Rites-and-Ordinances-Manual.docx,80_HISTORICAL_AND_PREINTEGRATION_PACKAGES/Church/CH-011-Religious-Rites-and-Ordinances-Manual.docx
c5a3792b82bf70ffd3aee58c967d8be24b2f188a0ba4437ec0937ceb0a802a4a,42224,2,institution/03-doctrine-and-religious-life/rites/CH-011-Religious-Rites-and-Ordinances-Manual.docx,04_INSTITUTION_AND_GOVERNANCE/institution/03-doctrine-and-religious-life/rites/CH-011-Religious-Rites-and-Ordinances-Manual.docx
c605ac51446efce34a0d4db764b4e6d4adf70d5e16e833ef99de12b7b7760823,26827,2,community-platform/node_modules/next/dist/build/swc/generated-native.d.ts,06_DIGITAL_PLATFORM/community-platform/node_modules/next/dist/build/swc/generated-native.d.ts
c605ac51446efce34a0d4db764b4e6d4adf70d5e16e833ef99de12b7b7760823,26827,2,community-platform/node_modules/next/dist/esm/build/swc/generated-native.d.ts,06_DIGITAL_PLATFORM/community-platform/node_modules/next/dist/esm/build/swc/generated-native.d.ts
c659a891d6b96d0afef84f1004b35795fa4520ab560f7f073e25a4350f11c607,51437,2,binders/CEP-Day-One-Execution-Binder.docx,80_HISTORICAL_AND_PREINTEGRATION_PACKAGES/binders/CEP-Day-One-Execution-Binder.docx
c659a891d6b96d0afef84f1004b35795fa4520ab560f7f073e25a4350f11c607,51437,2,institution/99-archive/historical-drafts/production-binders/CEP-Day-One-Execution-Binder.docx,04_INSTITUTION_AND_GOVERNANCE/institution/99-archive/historical-drafts/production-binders/CEP-Day-One-Execution-Binder.docx
c6627d405ecb64e07312eec8797861d7c5cd6032b0c453e56dd5c3d6c6c7eb53,40338,2,institution/06-templates/safeguarding/SAFE-IR-001-Incident-Report.docx,04_INSTITUTION_AND_GOVERNANCE/institution/06-templates/safeguarding/SAFE-IR-001-Incident-Report.docx
c6627d405ecb64e07312eec8797861d7c5cd6032b0c453e56dd5c3d6c6c7eb53,40338,2,operations/templates/07-Safeguarding/SAFE-IR-001-Incident-Report.docx,80_HISTORICAL_AND_PREINTEGRATION_PACKAGES/operations/templates/07-Safeguarding/SAFE-IR-001-Incident-Report.docx
c71d239df91726fc519c6eb72d318ec65820627232b2f796219e87dcf35d0ab4,11357,2,community-platform/node_modules/baseline-browser-mapping/LICENSE.txt,06_DIGITAL_PLATFORM/community-platform/node_modules/baseline-browser-mapping/LICENSE.txt
c71d239df91726fc519c6eb72d318ec65820627232b2f796219e87dcf35d0ab4,11357,2,community-platform/node_modules/next/dist/compiled/@opentelemetry/api/LICENSE,06_DIGITAL_PLATFORM/community-platform/node_modules/next/dist/compiled/@opentelemetry/api/LICENSE
c73080100d16d4621cd76f663691a07847ace7465d124ca95724230c5ce14e60,3162,2,community-platform/node_modules/@supabase/functions-js/dist/main/types.d.ts,06_DIGITAL_PLATFORM/community-platform/node_modules/@supabase/functions-js/dist/main/types.d.ts
c73080100d16d4621cd76f663691a07847ace7465d124ca95724230c5ce14e60,3162,2,community-platform/node_modules/@supabase/functions-js/dist/module/types.d.ts,06_DIGITAL_PLATFORM/community-platform/node_modules/@supabase/functions-js/dist/module/types.d.ts
c769658d7eb0b98228bb2ec8354e7c7af0f1333f7f9108a8de77932e098a1e60,41950,2,institution/02-constitutional/SAFE-001/0.1.0/SAFE-001-Safeguarding-and-Accountability-Framework.docx,04_INSTITUTION_AND_GOVERNANCE/institution/02-constitutional/SAFE-001/0.1.0/SAFE-001-Safeguarding-and-Accountability-Framework.docx
c769658d7eb0b98228bb2ec8354e7c7af0f1333f7f9108a8de77932e098a1e60,41950,2,SAFE-001-Safeguarding-and-Accountability-Framework.docx,80_HISTORICAL_AND_PREINTEGRATION_PACKAGES/top_level_institutional_exports/SAFE-001-Safeguarding-and-Accountability-Framework.docx
c794a52bb06e0a828443a235d8ea760e98831054020922582974301f420ad2db,1381,2,community-platform/node_modules/@supabase/realtime-js/dist/main/RealtimePresence.d.ts.map,06_DIGITAL_PLATFORM/community-platform/node_modules/@supabase/realtime-js/dist/main/RealtimePresence.d.ts.map
c794a52bb06e0a828443a235d8ea760e98831054020922582974301f420ad2db,1381,2,community-platform/node_modules/@supabase/realtime-js/dist/module/RealtimePresence.d.ts.map,06_DIGITAL_PLATFORM/community-platform/node_modules/@supabase/realtime-js/dist/module/RealtimePresence.d.ts.map
c7a9dc2768c7d68337e05a443d0ce8000b0d24d7dfa98751173421e165d44629,1785,2,community-platform/node_modules/@supabase/ssr/dist/main/utils/base64url.d.ts,06_DIGITAL_PLATFORM/community-platform/node_modules/@supabase/ssr/dist/main/utils/base64url.d.ts
c7a9dc2768c7d68337e05a443d0ce8000b0d24d7dfa98751173421e165d44629,1785,2,community-platform/node_modules/@supabase/ssr/dist/module/utils/base64url.d.ts,06_DIGITAL_PLATFORM/community-platform/node_modules/@supabase/ssr/dist/module/utils/base64url.d.ts
c89fe850b7e66b6e1a10496321ea9d778a64512960d01dccf49ff0fd5d256b20,386,3,community-platform/node_modules/next/dist/compiled/react/cjs/react-jsx-dev-runtime.profiling.js,06_DIGITAL_PLATFORM/community-platform/node_modules/next/dist/compiled/react/cjs/react-jsx-dev-runtime.profiling.js
c89fe850b7e66b6e1a10496321ea9d778a64512960d01dccf49ff0fd5d256b20,386,3,community-platform/node_modules/next/dist/compiled/react-experimental/cjs/react-jsx-dev-runtime.profiling.js,06_DIGITAL_PLATFORM/community-platform/node_modules/next/dist/compiled/react-experimental/cjs/react-jsx-dev-runtime.profiling.js
c89fe850b7e66b6e1a10496321ea9d778a64512960d01dccf49ff0fd5d256b20,386,3,community-platform/node_modules/react/cjs/react-jsx-dev-runtime.profiling.js,06_DIGITAL_PLATFORM/community-platform/node_modules/react/cjs/react-jsx-dev-runtime.profiling.js
c8dee5e5e4357221ed40ee56f5ccb44bda02fefffda7d873e9e2ca67dadcfd59,40158,2,institution/06-templates/local-affiliation/AFF-DEC-001-Affiliation-Decision.docx,04_INSTITUTION_AND_GOVERNANCE/institution/06-templates/local-affiliation/AFF-DEC-001-Affiliation-Decision.docx
c8dee5e5e4357221ed40ee56f5ccb44bda02fefffda7d873e9e2ca67dadcfd59,40158,2,operations/templates/05-Local-and-Affiliation/AFF-DEC-001-Affiliation-Decision.docx,80_HISTORICAL_AND_PREINTEGRATION_PACKAGES/operations/templates/05-Local-and-Affiliation/AFF-DEC-001-Affiliation-Decision.docx
c90cd796bdedad04d68cd1d8284eac9dc230da4f4f7342e3d1d07933f9c5517d,46,9,community-platform/node_modules/next/dist/esm/build/static-paths/types.js,06_DIGITAL_PLATFORM/community-platform/node_modules/next/dist/esm/build/static-paths/types.js
c90cd796bdedad04d68cd1d8284eac9dc230da4f4f7342e3d1d07933f9c5517d,46,9,community-platform/node_modules/next/dist/esm/build/swc/types.js,06_DIGITAL_PLATFORM/community-platform/node_modules/next/dist/esm/build/swc/types.js
c90cd796bdedad04d68cd1d8284eac9dc230da4f4f7342e3d1d07933f9c5517d,46,9,community-platform/node_modules/next/dist/esm/export/routes/types.js,06_DIGITAL_PLATFORM/community-platform/node_modules/next/dist/esm/export/routes/types.js
c90cd796bdedad04d68cd1d8284eac9dc230da4f4f7342e3d1d07933f9c5517d,46,9,community-platform/node_modules/next/dist/esm/export/types.js,06_DIGITAL_PLATFORM/community-platform/node_modules/next/dist/esm/export/types.js
c90cd796bdedad04d68cd1d8284eac9dc230da4f4f7342e3d1d07933f9c5517d,46,9,community-platform/node_modules/next/dist/esm/next-devtools/shared/types.js,06_DIGITAL_PLATFORM/community-platform/node_modules/next/dist/esm/next-devtools/shared/types.js
c90cd796bdedad04d68cd1d8284eac9dc230da4f4f7342e3d1d07933f9c5517d,46,9,community-platform/node_modules/next/dist/esm/server/instrumentation/types.js,06_DIGITAL_PLATFORM/community-platform/node_modules/next/dist/esm/server/instrumentation/types.js
c90cd796bdedad04d68cd1d8284eac9dc230da4f4f7342e3d1d07933f9c5517d,46,9,community-platform/node_modules/next/dist/esm/server/lib/router-utils/types.js,06_DIGITAL_PLATFORM/community-platform/node_modules/next/dist/esm/server/lib/router-utils/types.js
c90cd796bdedad04d68cd1d8284eac9dc230da4f4f7342e3d1d07933f9c5517d,46,9,community-platform/node_modules/next/dist/esm/server/lib/types.js,06_DIGITAL_PLATFORM/community-platform/node_modules/next/dist/esm/server/lib/types.js
c90cd796bdedad04d68cd1d8284eac9dc230da4f4f7342e3d1d07933f9c5517d,46,9,community-platform/node_modules/next/dist/esm/shared/lib/lazy-dynamic/types.js,06_DIGITAL_PLATFORM/community-platform/node_modules/next/dist/esm/shared/lib/lazy-dynamic/types.js
c967234153a3a33f1a2f23f82287511b15560b1a8fa47064d10fcfaaa682ba73,5923,2,community-platform/node_modules/@img/sharp-libvips-linux-x64/lib/glib-2.0/include/glibconfig.h,06_DIGITAL_PLATFORM/community-platform/node_modules/@img/sharp-libvips-linux-x64/lib/glib-2.0/include/glibconfig.h
c967234153a3a33f1a2f23f82287511b15560b1a8fa47064d10fcfaaa682ba73,5923,2,community-platform/node_modules/@img/sharp-libvips-linuxmusl-x64/lib/glib-2.0/include/glibconfig.h,06_DIGITAL_PLATFORM/community-platform/node_modules/@img/sharp-libvips-linuxmusl-x64/lib/glib-2.0/include/glibconfig.h
ca03dfce594acc4e5b6c73bf2d902078597b54cfca6aefc8508d8531d2d52616,154,2,community-platform/node_modules/next/dist/server/route-modules/app-page/vendored/contexts/server-inserted-html.js,06_DIGITAL_PLATFORM/community-platform/node_modules/next/dist/server/route-modules/app-page/vendored/contexts/server-inserted-html.js
ca03dfce594acc4e5b6c73bf2d902078597b54cfca6aefc8508d8531d2d52616,154,2,community-platform/node_modules/next/dist/server/route-modules/pages/vendored/contexts/server-inserted-html.js,06_DIGITAL_PLATFORM/community-platform/node_modules/next/dist/server/route-modules/pages/vendored/contexts/server-inserted-html.js
ca662646589c55e5f84faa8457170e392989ddb70956b48f1488ed28524b1001,64276,2,community-platform/node_modules/next/dist/compiled/react-server-dom-webpack/cjs/react-server-dom-webpack-client.browser.production.js,06_DIGITAL_PLATFORM/community-platform/node_modules/next/dist/compiled/react-server-dom-webpack/cjs/react-server-dom-webpack-client.browser.production.js
ca662646589c55e5f84faa8457170e392989ddb70956b48f1488ed28524b1001,64276,2,community-platform/node_modules/next/dist/compiled/react-server-dom-webpack-experimental/cjs/react-server-dom-webpack-client.browser.production.js,06_DIGITAL_PLATFORM/community-platform/node_modules/next/dist/compiled/react-server-dom-webpack-experimental/cjs/react-server-dom-webpack-client.browser.production.js
cd09a61fcbdb2e8bfafc70cec347f6bed6d0d875443999c6dbdfa1764f16ab1d,2940,2,community-platform/node_modules/@supabase/ssr/dist/main/createBrowserClient.d.ts,06_DIGITAL_PLATFORM/community-platform/node_modules/@supabase/ssr/dist/main/createBrowserClient.d.ts
cd09a61fcbdb2e8bfafc70cec347f6bed6d0d875443999c6dbdfa1764f16ab1d,2940,2,community-platform/node_modules/@supabase/ssr/dist/module/createBrowserClient.d.ts,06_DIGITAL_PLATFORM/community-platform/node_modules/@supabase/ssr/dist/module/createBrowserClient.d.ts
cd37a478e15d1ed82fee78ebe83db03ae08093f755150a1ebb26d38ba9480110,881,4,forms/24_safeguarding_incident_form.md,80_HISTORICAL_AND_PREINTEGRATION_PACKAGES/forms/24_safeguarding_incident_form.md
cd37a478e15d1ed82fee78ebe83db03ae08093f755150a1ebb26d38ba9480110,881,4,institutional_integrity/institutional_integrity_v0_2_release/modular_source/forms/24_safeguarding_incident_form.md,05_INTEGRITY_SAFEGUARDING_AND_COMPLIANCE/institutional_integrity/institutional_integrity_v0_2_release/modular_source/forms/24_safeguarding_incident_form.md
cd37a478e15d1ed82fee78ebe83db03ae08093f755150a1ebb26d38ba9480110,881,4,institutional_integrity/institutional_integrity_v0_3/forms/24_safeguarding_incident_form.md,05_INTEGRITY_SAFEGUARDING_AND_COMPLIANCE/institutional_integrity/institutional_integrity_v0_3/forms/24_safeguarding_incident_form.md
cd37a478e15d1ed82fee78ebe83db03ae08093f755150a1ebb26d38ba9480110,881,4,institutional_integrity/institutional_integrity_v0_4/forms/24_safeguarding_incident_form.md,05_INTEGRITY_SAFEGUARDING_AND_COMPLIANCE/institutional_integrity/institutional_integrity_v0_4/forms/24_safeguarding_incident_form.md
cd6ebbe2e96ac751964bdc4902d6e88b4f5e5dc6df61f72b172577fb4a4b88ed,6268,3,HTERP/HTERP_v0.1/master_evidence_triage.md,02_RESEARCH_AND_EVIDENCE/HTERP/HTERP_v0.1/master_evidence_triage.md
cd6ebbe2e96ac751964bdc4902d6e88b4f5e5dc6df61f72b172577fb4a4b88ed,6268,3,HTERP/HTERP_v0.2/master_evidence_triage.md,02_RESEARCH_AND_EVIDENCE/HTERP/HTERP_v0.2/master_evidence_triage.md
cd6ebbe2e96ac751964bdc4902d6e88b4f5e5dc6df61f72b172577fb4a4b88ed,6268,3,HTERP/HTERP_v1.4/master_evidence_triage.md,02_RESEARCH_AND_EVIDENCE/HTERP/HTERP_v1.4/master_evidence_triage.md
cdd8a1f284daf7eff271da65863c2e504bda04fd33c3cb89ad17ed952488d811,220,3,community-platform/node_modules/next/dist/compiled/react-dom/react-dom.react-server.js,06_DIGITAL_PLATFORM/community-platform/node_modules/next/dist/compiled/react-dom/react-dom.react-server.js
cdd8a1f284daf7eff271da65863c2e504bda04fd33c3cb89ad17ed952488d811,220,3,community-platform/node_modules/next/dist/compiled/react-dom-experimental/react-dom.react-server.js,06_DIGITAL_PLATFORM/community-platform/node_modules/next/dist/compiled/react-dom-experimental/react-dom.react-server.js
cdd8a1f284daf7eff271da65863c2e504bda04fd33c3cb89ad17ed952488d811,220,3,community-platform/node_modules/react-dom/react-dom.react-server.js,06_DIGITAL_PLATFORM/community-platform/node_modules/react-dom/react-dom.react-server.js
ce9f7611b640d2d295f2d0dd1487550e9efcc099b2350c3993ed134b7aff24f3,63908,2,community-platform/node_modules/next/dist/compiled/react-server-dom-turbopack/cjs/react-server-dom-turbopack-client.browser.production.js,06_DIGITAL_PLATFORM/community-platform/node_modules/next/dist/compiled/react-server-dom-turbopack/cjs/react-server-dom-turbopack-client.browser.production.js
ce9f7611b640d2d295f2d0dd1487550e9efcc099b2350c3993ed134b7aff24f3,63908,2,community-platform/node_modules/next/dist/compiled/react-server-dom-turbopack-experimental/cjs/react-server-dom-turbopack-client.browser.production.js,06_DIGITAL_PLATFORM/community-platform/node_modules/next/dist/compiled/react-server-dom-turbopack-experimental/cjs/react-server-dom-turbopack-client.browser.production.js
ced6f228807a193b8a0ec436304b96ca44492bae8899c3e84c2a88162843dc14,212,3,community-platform/node_modules/next/dist/compiled/react/react.react-server.js,06_DIGITAL_PLATFORM/community-platform/node_modules/next/dist/compiled/react/react.react-server.js
ced6f228807a193b8a0ec436304b96ca44492bae8899c3e84c2a88162843dc14,212,3,community-platform/node_modules/next/dist/compiled/react-experimental/react.react-server.js,06_DIGITAL_PLATFORM/community-platform/node_modules/next/dist/compiled/react-experimental/react.react-server.js
ced6f228807a193b8a0ec436304b96ca44492bae8899c3e84c2a88162843dc14,212,3,community-platform/node_modules/react/react.react-server.js,06_DIGITAL_PLATFORM/community-platform/node_modules/react/react.react-server.js
cf33b7886d625760e26a307d9711a729bc111d64d4ab4281a5f6adf025d795f8,80,2,community-platform/node_modules/next/dist/api/server.js,06_DIGITAL_PLATFORM/community-platform/node_modules/next/dist/api/server.js
cf33b7886d625760e26a307d9711a729bc111d64d4ab4281a5f6adf025d795f8,80,2,community-platform/node_modules/next/dist/esm/api/server.js,06_DIGITAL_PLATFORM/community-platform/node_modules/next/dist/esm/api/server.js
cf632312ccdc38d9897f56af8afff2b01a8198d6d73eef8db870c1a8378cff8f,733,2,community-platform/node_modules/next/dist/compiled/react-server-dom-webpack/server.edge.js,06_DIGITAL_PLATFORM/community-platform/node_modules/next/dist/compiled/react-server-dom-webpack/server.edge.js
cf632312ccdc38d9897f56af8afff2b01a8198d6d73eef8db870c1a8378cff8f,733,2,community-platform/node_modules/next/dist/compiled/react-server-dom-webpack-experimental/server.edge.js,06_DIGITAL_PLATFORM/community-platform/node_modules/next/dist/compiled/react-server-dom-webpack-experimental/server.edge.js
cfa1c8501e90fd561f6be0d7cca8d53d151fd96cf8221d58a402c559208fa745,1765,2,institutional_integrity/institutional_integrity_v0_3/founding/47_unanimous_board_written_consent.md,05_INTEGRITY_SAFEGUARDING_AND_COMPLIANCE/institutional_integrity/institutional_integrity_v0_3/founding/47_unanimous_board_written_consent.md
cfa1c8501e90fd561f6be0d7cca8d53d151fd96cf8221d58a402c559208fa745,1765,2,institutional_integrity/institutional_integrity_v0_4/founding/47_unanimous_board_written_consent.md,05_INTEGRITY_SAFEGUARDING_AND_COMPLIANCE/institutional_integrity/institutional_integrity_v0_4/founding/47_unanimous_board_written_consent.md
cfe99817bbc58d8b677a5b89b737e55cad303173013827a85953f8016bd57333,535,4,forms/32_appeal_form.md,80_HISTORICAL_AND_PREINTEGRATION_PACKAGES/forms/32_appeal_form.md
cfe99817bbc58d8b677a5b89b737e55cad303173013827a85953f8016bd57333,535,4,institutional_integrity/institutional_integrity_v0_2_release/modular_source/forms/32_appeal_form.md,05_INTEGRITY_SAFEGUARDING_AND_COMPLIANCE/institutional_integrity/institutional_integrity_v0_2_release/modular_source/forms/32_appeal_form.md
cfe99817bbc58d8b677a5b89b737e55cad303173013827a85953f8016bd57333,535,4,institutional_integrity/institutional_integrity_v0_3/forms/32_appeal_form.md,05_INTEGRITY_SAFEGUARDING_AND_COMPLIANCE/institutional_integrity/institutional_integrity_v0_3/forms/32_appeal_form.md
cfe99817bbc58d8b677a5b89b737e55cad303173013827a85953f8016bd57333,535,4,institutional_integrity/institutional_integrity_v0_4/forms/32_appeal_form.md,05_INTEGRITY_SAFEGUARDING_AND_COMPLIANCE/institutional_integrity/institutional_integrity_v0_4/forms/32_appeal_form.md
d07372cad9dbb39a7e5cedfd8393f56e141deab8de483806371ee6ccec5381eb,1518,2,institutional_integrity/institutional_integrity_v0_3/tax/65_church_classification_readiness.md,05_INTEGRITY_SAFEGUARDING_AND_COMPLIANCE/institutional_integrity/institutional_integrity_v0_3/tax/65_church_classification_readiness.md
d07372cad9dbb39a7e5cedfd8393f56e141deab8de483806371ee6ccec5381eb,1518,2,institutional_integrity/institutional_integrity_v0_4/tax/65_church_classification_readiness.md,05_INTEGRITY_SAFEGUARDING_AND_COMPLIANCE/institutional_integrity/institutional_integrity_v0_4/tax/65_church_classification_readiness.md
d0972c3ee2f0d9437167e9444a302551894d1e92c20d4817a1bff77a657bf947,1436,2,community-platform/node_modules/@supabase/auth-js/dist/main/lib/webauthn.errors.d.ts.map,06_DIGITAL_PLATFORM/community-platform/node_modules/@supabase/auth-js/dist/main/lib/webauthn.errors.d.ts.map
d0972c3ee2f0d9437167e9444a302551894d1e92c20d4817a1bff77a657bf947,1436,2,community-platform/node_modules/@supabase/auth-js/dist/module/lib/webauthn.errors.d.ts.map,06_DIGITAL_PLATFORM/community-platform/node_modules/@supabase/auth-js/dist/module/lib/webauthn.errors.d.ts.map
d09f20d8533ae438dae8b1e41ebbaf1771b50ab027a2720b484620c61df7e368,2920,2,community-platform/node_modules/@supabase/auth-js/dist/main/GoTrueAdminApi.d.ts.map,06_DIGITAL_PLATFORM/community-platform/node_modules/@supabase/auth-js/dist/main/GoTrueAdminApi.d.ts.map
d09f20d8533ae438dae8b1e41ebbaf1771b50ab027a2720b484620c61df7e368,2920,2,community-platform/node_modules/@supabase/auth-js/dist/module/GoTrueAdminApi.d.ts.map,06_DIGITAL_PLATFORM/community-platform/node_modules/@supabase/auth-js/dist/module/GoTrueAdminApi.d.ts.map
d0c7f70e7b24a0f6f6b52e64bddbd51705dad21e63403dddeb723b03e70be9a5,30,9,community-platform/.next/dev/server/app/about/page/server-reference-manifest.json,06_DIGITAL_PLATFORM/community-platform/.next/dev/server/app/about/page/server-reference-manifest.json
d0c7f70e7b24a0f6f6b52e64bddbd51705dad21e63403dddeb723b03e70be9a5,30,9,community-platform/.next/dev/server/app/app/events/page/server-reference-manifest.json,06_DIGITAL_PLATFORM/community-platform/.next/dev/server/app/app/events/page/server-reference-manifest.json
d0c7f70e7b24a0f6f6b52e64bddbd51705dad21e63403dddeb723b03e70be9a5,30,9,community-platform/.next/dev/server/app/app/giving/page/server-reference-manifest.json,06_DIGITAL_PLATFORM/community-platform/.next/dev/server/app/app/giving/page/server-reference-manifest.json
d0c7f70e7b24a0f6f6b52e64bddbd51705dad21e63403dddeb723b03e70be9a5,30,9,community-platform/.next/dev/server/app/app/groups/page/server-reference-manifest.json,06_DIGITAL_PLATFORM/community-platform/.next/dev/server/app/app/groups/page/server-reference-manifest.json
d0c7f70e7b24a0f6f6b52e64bddbd51705dad21e63403dddeb723b03e70be9a5,30,9,community-platform/.next/dev/server/app/app/learn/page/server-reference-manifest.json,06_DIGITAL_PLATFORM/community-platform/.next/dev/server/app/app/learn/page/server-reference-manifest.json
d0c7f70e7b24a0f6f6b52e64bddbd51705dad21e63403dddeb723b03e70be9a5,30,9,community-platform/.next/dev/server/app/app/page/server-reference-manifest.json,06_DIGITAL_PLATFORM/community-platform/.next/dev/server/app/app/page/server-reference-manifest.json
d0c7f70e7b24a0f6f6b52e64bddbd51705dad21e63403dddeb723b03e70be9a5,30,9,community-platform/.next/dev/server/app/governance/page/server-reference-manifest.json,06_DIGITAL_PLATFORM/community-platform/.next/dev/server/app/governance/page/server-reference-manifest.json
d0c7f70e7b24a0f6f6b52e64bddbd51705dad21e63403dddeb723b03e70be9a5,30,9,community-platform/.next/dev/server/app/page/server-reference-manifest.json,06_DIGITAL_PLATFORM/community-platform/.next/dev/server/app/page/server-reference-manifest.json
d0c7f70e7b24a0f6f6b52e64bddbd51705dad21e63403dddeb723b03e70be9a5,30,9,community-platform/.next/dev/server/app/research/page/server-reference-manifest.json,06_DIGITAL_PLATFORM/community-platform/.next/dev/server/app/research/page/server-reference-manifest.json
d2321472d67f00102d29caedb3950468c6a172bf743dbbe8b6b48b47d3b0f8d1,37,2,community-platform/node_modules/next/font/google/target.css,06_DIGITAL_PLATFORM/community-platform/node_modules/next/font/google/target.css
d2321472d67f00102d29caedb3950468c6a172bf743dbbe8b6b48b47d3b0f8d1,37,2,community-platform/node_modules/next/font/local/target.css,06_DIGITAL_PLATFORM/community-platform/node_modules/next/font/local/target.css
d3187be6c027258d554519994bf51864f857aa2d1b3df531a9a2b2ae29cb5d2e,1226,2,institutional_integrity/institutional_integrity_v0_3/recordbook/56_master_document_register.md,05_INTEGRITY_SAFEGUARDING_AND_COMPLIANCE/institutional_integrity/institutional_integrity_v0_3/recordbook/56_master_document_register.md
d3187be6c027258d554519994bf51864f857aa2d1b3df531a9a2b2ae29cb5d2e,1226,2,institutional_integrity/institutional_integrity_v0_4/recordbook/56_master_document_register.md,05_INTEGRITY_SAFEGUARDING_AND_COMPLIANCE/institutional_integrity/institutional_integrity_v0_4/recordbook/56_master_document_register.md
d33714fad45fbf4ae58e7335a9b41cf4d3652573eec06cb5a8bd79ddf6b24da9,44407,3,release/references_v1_0/teaching_and_practice_baseline_v1_0.docx,03_RELEASES_AND_BASELINES/release_v1_1/references_v1_0/teaching_and_practice_baseline_v1_0.docx
d33714fad45fbf4ae58e7335a9b41cf4d3652573eec06cb5a8bd79ddf6b24da9,44407,3,release_v1_0/teaching_and_practice_baseline_v1_0.docx,03_RELEASES_AND_BASELINES/release_v1_0/teaching_and_practice_baseline_v1_0.docx
d33714fad45fbf4ae58e7335a9b41cf4d3652573eec06cb5a8bd79ddf6b24da9,44407,3,release_v1_2/reference_v1_0/teaching_and_practice_baseline_v1_0.docx,03_RELEASES_AND_BASELINES/release_v1_2/reference_v1_0/teaching_and_practice_baseline_v1_0.docx
d3f127a7d258eda031bd147aef91c8dd3d0a187c46743e8d2ec96c3e23267ebe,753,4,41_CHANGELOG.md,00_START_HERE/original_root_metadata/41_CHANGELOG.md
d3f127a7d258eda031bd147aef91c8dd3d0a187c46743e8d2ec96c3e23267ebe,753,4,institutional_integrity/institutional_integrity_v0_2_release/modular_source/41_CHANGELOG.md,05_INTEGRITY_SAFEGUARDING_AND_COMPLIANCE/institutional_integrity/institutional_integrity_v0_2_release/modular_source/41_CHANGELOG.md
d3f127a7d258eda031bd147aef91c8dd3d0a187c46743e8d2ec96c3e23267ebe,753,4,institutional_integrity/institutional_integrity_v0_3/41_CHANGELOG.md,05_INTEGRITY_SAFEGUARDING_AND_COMPLIANCE/institutional_integrity/institutional_integrity_v0_3/41_CHANGELOG.md
d3f127a7d258eda031bd147aef91c8dd3d0a187c46743e8d2ec96c3e23267ebe,753,4,institutional_integrity/institutional_integrity_v0_4/41_CHANGELOG.md,05_INTEGRITY_SAFEGUARDING_AND_COMPLIANCE/institutional_integrity/institutional_integrity_v0_4/41_CHANGELOG.md
d3fa32c7c357100bc80e39f5bb0d679ba44640c6db782ef43c6ec5da4cfcb0d5,273,2,community-platform/node_modules/next/dist/api/app-dynamic.js.map,06_DIGITAL_PLATFORM/community-platform/node_modules/next/dist/api/app-dynamic.js.map
d3fa32c7c357100bc80e39f5bb0d679ba44640c6db782ef43c6ec5da4cfcb0d5,273,2,community-platform/node_modules/next/dist/esm/api/app-dynamic.js.map,06_DIGITAL_PLATFORM/community-platform/node_modules/next/dist/esm/api/app-dynamic.js.map
d43aa81f5bc89faa359e0f97c814ba25155591ff078fbb9bfd40f8c7c9683230,77,2,community-platform/node_modules/next/dist/compiled/@next/font/dist/google/index.js,06_DIGITAL_PLATFORM/community-platform/node_modules/next/dist/compiled/@next/font/dist/google/index.js
d43aa81f5bc89faa359e0f97c814ba25155591ff078fbb9bfd40f8c7c9683230,77,2,community-platform/node_modules/next/dist/compiled/@next/font/dist/types.js,06_DIGITAL_PLATFORM/community-platform/node_modules/next/dist/compiled/@next/font/dist/types.js
d49069c9cfea586989b09fe16fa2b7ebdf064fd60fb7c932e9a3799f7e95cabf,11990,3,community-platform/node_modules/next/dist/compiled/scheduler/cjs/scheduler-unstable_mock.production.js,06_DIGITAL_PLATFORM/community-platform/node_modules/next/dist/compiled/scheduler/cjs/scheduler-unstable_mock.production.js
d49069c9cfea586989b09fe16fa2b7ebdf064fd60fb7c932e9a3799f7e95cabf,11990,3,community-platform/node_modules/next/dist/compiled/scheduler-experimental/cjs/scheduler-unstable_mock.production.js,06_DIGITAL_PLATFORM/community-platform/node_modules/next/dist/compiled/scheduler-experimental/cjs/scheduler-unstable_mock.production.js
d49069c9cfea586989b09fe16fa2b7ebdf064fd60fb7c932e9a3799f7e95cabf,11990,3,community-platform/node_modules/scheduler/cjs/scheduler-unstable_mock.production.js,06_DIGITAL_PLATFORM/community-platform/node_modules/scheduler/cjs/scheduler-unstable_mock.production.js
d4983d17e2b214473cb54b3cc7ecb6dc57632c609544697e21e0fcb916949fc3,193,2,community-platform/node_modules/next/dist/client/request/search-params.browser.dev.d.ts,06_DIGITAL_PLATFORM/community-platform/node_modules/next/dist/client/request/search-params.browser.dev.d.ts
d4983d17e2b214473cb54b3cc7ecb6dc57632c609544697e21e0fcb916949fc3,193,2,community-platform/node_modules/next/dist/client/request/search-params.browser.prod.d.ts,06_DIGITAL_PLATFORM/community-platform/node_modules/next/dist/client/request/search-params.browser.prod.d.ts
d49b2fb0e8b37523fd60e22f01d3dea83e341e2e4414c45f4142b5cb089d3c61,113,2,community-platform/node_modules/next/dist/api/router.js,06_DIGITAL_PLATFORM/community-platform/node_modules/next/dist/api/router.js
d49b2fb0e8b37523fd60e22f01d3dea83e341e2e4414c45f4142b5cb089d3c61,113,2,community-platform/node_modules/next/dist/esm/api/router.js,06_DIGITAL_PLATFORM/community-platform/node_modules/next/dist/esm/api/router.js
d4b8236493a3f7d8d5e2c027450763296aa742d5fc0074d9f957c7eed7d3352a,263,2,community-platform/node_modules/next/dist/compiled/react-server-dom-webpack/static.edge.js,06_DIGITAL_PLATFORM/community-platform/node_modules/next/dist/compiled/react-server-dom-webpack/static.edge.js
d4b8236493a3f7d8d5e2c027450763296aa742d5fc0074d9f957c7eed7d3352a,263,2,community-platform/node_modules/next/dist/compiled/react-server-dom-webpack-experimental/static.edge.js,06_DIGITAL_PLATFORM/community-platform/node_modules/next/dist/compiled/react-server-dom-webpack-experimental/static.edge.js
d4b9bbc32237191d0089da0f31b473f6964828f910f13ebf5254e7a14a9691d5,965,2,release_v1_2/v1_2/execution_sequence_v1_2.md,03_RELEASES_AND_BASELINES/release_v1_2/v1_2/execution_sequence_v1_2.md
d4b9bbc32237191d0089da0f31b473f6964828f910f13ebf5254e7a14a9691d5,965,2,source/execution_sequence_v1_2.md,01_FOUNDATIONAL_SOURCE/source/execution_sequence_v1_2.md
d50c802b597185af1fd15ce6eb2e8ec526b8fc2bf53e5c1f7217bfb0097a656d,26296,2,community-platform/node_modules/@supabase/auth-js/dist/main/GoTrueAdminApi.d.ts,06_DIGITAL_PLATFORM/community-platform/node_modules/@supabase/auth-js/dist/main/GoTrueAdminApi.d.ts
d50c802b597185af1fd15ce6eb2e8ec526b8fc2bf53e5c1f7217bfb0097a656d,26296,2,community-platform/node_modules/@supabase/auth-js/dist/module/GoTrueAdminApi.d.ts,06_DIGITAL_PLATFORM/community-platform/node_modules/@supabase/auth-js/dist/module/GoTrueAdminApi.d.ts
d52756693600763eaae6f827863f6b83879a1a3770e03379a539126efbf63e36,40176,2,institution/06-templates/finance/FIN-REC-001-Bank-Reconciliation-Review.docx,04_INSTITUTION_AND_GOVERNANCE/institution/06-templates/finance/FIN-REC-001-Bank-Reconciliation-Review.docx
d52756693600763eaae6f827863f6b83879a1a3770e03379a539126efbf63e36,40176,2,operations/templates/03-Finance/FIN-REC-001-Bank-Reconciliation-Review.docx,80_HISTORICAL_AND_PREINTEGRATION_PACKAGES/operations/templates/03-Finance/FIN-REC-001-Bank-Reconciliation-Review.docx
d614630dec7c5fdd3ad9ff390eae436b91a8df1e6cccb2340eaad665fe356645,951,2,community-platform/node_modules/@supabase/realtime-js/dist/main/lib/constants.d.ts.map,06_DIGITAL_PLATFORM/community-platform/node_modules/@supabase/realtime-js/dist/main/lib/constants.d.ts.map
d614630dec7c5fdd3ad9ff390eae436b91a8df1e6cccb2340eaad665fe356645,951,2,community-platform/node_modules/@supabase/realtime-js/dist/module/lib/constants.d.ts.map,06_DIGITAL_PLATFORM/community-platform/node_modules/@supabase/realtime-js/dist/module/lib/constants.d.ts.map
d6258883868fb2680d2ca96bc8b1352cab69874581493e6d52680c5ffecdb6cc,261,2,community-platform/node_modules/next/dist/styled-jsx/types/macro.d.ts,06_DIGITAL_PLATFORM/community-platform/node_modules/next/dist/styled-jsx/types/macro.d.ts
d6258883868fb2680d2ca96bc8b1352cab69874581493e6d52680c5ffecdb6cc,261,2,community-platform/node_modules/styled-jsx/macro.d.ts,06_DIGITAL_PLATFORM/community-platform/node_modules/styled-jsx/macro.d.ts
d6ae60133ef409ae1c97dac4b50ec9b4dc207ae5e62c3fc06e7a8305d8331914,40239,2,institution/06-templates/safeguarding/SAFE-EP-001-Evidence-Preservation-Notice.docx,04_INSTITUTION_AND_GOVERNANCE/institution/06-templates/safeguarding/SAFE-EP-001-Evidence-Preservation-Notice.docx
d6ae60133ef409ae1c97dac4b50ec9b4dc207ae5e62c3fc06e7a8305d8331914,40239,2,operations/templates/07-Safeguarding/SAFE-EP-001-Evidence-Preservation-Notice.docx,80_HISTORICAL_AND_PREINTEGRATION_PACKAGES/operations/templates/07-Safeguarding/SAFE-EP-001-Evidence-Preservation-Notice.docx
d80391e76fe7091a6d5dbd431d07ae4549c1ec0d6f52fcc236269eedb3996e85,2599,4,governance/05_membership_variant_schedule.md,80_HISTORICAL_AND_PREINTEGRATION_PACKAGES/governance/05_membership_variant_schedule.md
d80391e76fe7091a6d5dbd431d07ae4549c1ec0d6f52fcc236269eedb3996e85,2599,4,institutional_integrity/institutional_integrity_v0_2_release/modular_source/governance/05_membership_variant_schedule.md,05_INTEGRITY_SAFEGUARDING_AND_COMPLIANCE/institutional_integrity/institutional_integrity_v0_2_release/modular_source/governance/05_membership_variant_schedule.md
d80391e76fe7091a6d5dbd431d07ae4549c1ec0d6f52fcc236269eedb3996e85,2599,4,institutional_integrity/institutional_integrity_v0_3/governance/05_membership_variant_schedule.md,05_INTEGRITY_SAFEGUARDING_AND_COMPLIANCE/institutional_integrity/institutional_integrity_v0_3/governance/05_membership_variant_schedule.md
d80391e76fe7091a6d5dbd431d07ae4549c1ec0d6f52fcc236269eedb3996e85,2599,4,institutional_integrity/institutional_integrity_v0_4/governance/05_membership_variant_schedule.md,05_INTEGRITY_SAFEGUARDING_AND_COMPLIANCE/institutional_integrity/institutional_integrity_v0_4/governance/05_membership_variant_schedule.md
d81d84bbd1cdd79b49030d9711150471cf199825dbd7f8710961fc4aa70fa4af,853,2,community-platform/node_modules/next/dist/compiled/react-server-dom-turbopack/server.node.js,06_DIGITAL_PLATFORM/community-platform/node_modules/next/dist/compiled/react-server-dom-turbopack/server.node.js
d81d84bbd1cdd79b49030d9711150471cf199825dbd7f8710961fc4aa70fa4af,853,2,community-platform/node_modules/next/dist/compiled/react-server-dom-turbopack-experimental/server.node.js,06_DIGITAL_PLATFORM/community-platform/node_modules/next/dist/compiled/react-server-dom-turbopack-experimental/server.node.js
d889529a4be376382d6d04b412bc0ea01619d9fcf7f602204fc24d172a4cbce8,40272,2,institution/06-templates/ministry/MIN-CRED-001F-Credential-Decision.docx,04_INSTITUTION_AND_GOVERNANCE/institution/06-templates/ministry/MIN-CRED-001F-Credential-Decision.docx
d889529a4be376382d6d04b412bc0ea01619d9fcf7f602204fc24d172a4cbce8,40272,2,operations/templates/06-Ministry/MIN-CRED-001F-Credential-Decision.docx,80_HISTORICAL_AND_PREINTEGRATION_PACKAGES/operations/templates/06-Ministry/MIN-CRED-001F-Credential-Decision.docx
d889ca31ecf859432c9e675cf056009a227f839856a8cac58a70875e2d619a8b,53,2,community-platform/node_modules/next/dist/build/jest/object-proxy.d.ts,06_DIGITAL_PLATFORM/community-platform/node_modules/next/dist/build/jest/object-proxy.d.ts
d889ca31ecf859432c9e675cf056009a227f839856a8cac58a70875e2d619a8b,53,2,community-platform/node_modules/next/dist/client/use-client-disallowed.d.ts,06_DIGITAL_PLATFORM/community-platform/node_modules/next/dist/client/use-client-disallowed.d.ts
d8a83c8726961c90b4093d9871fa5106c9c8b9eed1492907876aba833175bdbe,963,2,community-platform/node_modules/@supabase/realtime-js/dist/main/index.d.ts.map,06_DIGITAL_PLATFORM/community-platform/node_modules/@supabase/realtime-js/dist/main/index.d.ts.map
d8a83c8726961c90b4093d9871fa5106c9c8b9eed1492907876aba833175bdbe,963,2,community-platform/node_modules/@supabase/realtime-js/dist/module/index.d.ts.map,06_DIGITAL_PLATFORM/community-platform/node_modules/@supabase/realtime-js/dist/module/index.d.ts.map
d8ff19d42d18a757e4afe64a335a56a6d93bf335010481f48f6477c5251c5bff,168090,2,institution/05-operations/compliance/Organizational-Compliance-Registers.xlsx,04_INSTITUTION_AND_GOVERNANCE/institution/05-operations/compliance/Organizational-Compliance-Registers.xlsx
d8ff19d42d18a757e4afe64a335a56a6d93bf335010481f48f6477c5251c5bff,168090,2,Organizational-Compliance-Registers.xlsx,80_HISTORICAL_AND_PREINTEGRATION_PACKAGES/top_level_institutional_exports/Organizational-Compliance-Registers.xlsx
d93cbdbf9cb855ad40e03d425b1ef98d61160021608cf41b431c0fc7e39a0656,112,3,community-platform/node_modules/@supabase/ssr/dist/main/utils/index.d.ts,06_DIGITAL_PLATFORM/community-platform/node_modules/@supabase/ssr/dist/main/utils/index.d.ts
d93cbdbf9cb855ad40e03d425b1ef98d61160021608cf41b431c0fc7e39a0656,112,3,community-platform/node_modules/@supabase/ssr/dist/module/utils/index.d.ts,06_DIGITAL_PLATFORM/community-platform/node_modules/@supabase/ssr/dist/module/utils/index.d.ts
d93cbdbf9cb855ad40e03d425b1ef98d61160021608cf41b431c0fc7e39a0656,112,3,community-platform/node_modules/@supabase/ssr/src/utils/index.ts,06_DIGITAL_PLATFORM/community-platform/node_modules/@supabase/ssr/src/utils/index.ts
d9692cb089e64b8d534ff13ee68e758efe5685f30e1b945d9bffe8febebd61a8,42245,2,DISC-PROC-001-Disciplinary-Procedure-Manual-and-Forms.docx,80_HISTORICAL_AND_PREINTEGRATION_PACKAGES/top_level_institutional_exports/DISC-PROC-001-Disciplinary-Procedure-Manual-and-Forms.docx
d9692cb089e64b8d534ff13ee68e758efe5685f30e1b945d9bffe8febebd61a8,42245,2,institution/06-templates/manuals/DISC-PROC-001-Disciplinary-Procedure-Manual-and-Forms.docx,04_INSTITUTION_AND_GOVERNANCE/institution/06-templates/manuals/DISC-PROC-001-Disciplinary-Procedure-Manual-and-Forms.docx
d96afd22a8dc427eb1995c02c76325e3bf7b5399f7aa5c440db42508ad727920,2961,2,HTERP/HTERP_v0.2/blind/blinded_phenomenology_matrix.md,02_RESEARCH_AND_EVIDENCE/HTERP/HTERP_v0.2/blind/blinded_phenomenology_matrix.md
d96afd22a8dc427eb1995c02c76325e3bf7b5399f7aa5c440db42508ad727920,2961,2,HTERP/HTERP_v1.4/blind/blinded_phenomenology_matrix.md,02_RESEARCH_AND_EVIDENCE/HTERP/HTERP_v1.4/blind/blinded_phenomenology_matrix.md
d96b01fffb4b6391ab52df5662d5ada022f4e6670833ee5d4781c23482fc1f97,687,2,community-platform/node_modules/@supabase/realtime-js/dist/main/phoenix/presenceAdapter.d.ts.map,06_DIGITAL_PLATFORM/community-platform/node_modules/@supabase/realtime-js/dist/main/phoenix/presenceAdapter.d.ts.map
d96b01fffb4b6391ab52df5662d5ada022f4e6670833ee5d4781c23482fc1f97,687,2,community-platform/node_modules/@supabase/realtime-js/dist/module/phoenix/presenceAdapter.d.ts.map,06_DIGITAL_PLATFORM/community-platform/node_modules/@supabase/realtime-js/dist/module/phoenix/presenceAdapter.d.ts.map
d9a4fbf2796bc864675f91a8c8c3b4f7e07c1d2aae7640866eb60e56be95f0eb,150,2,community-platform/node_modules/next/dist/server/route-modules/app-page/vendored/contexts/app-router-context.js,06_DIGITAL_PLATFORM/community-platform/node_modules/next/dist/server/route-modules/app-page/vendored/contexts/app-router-context.js
d9a4fbf2796bc864675f91a8c8c3b4f7e07c1d2aae7640866eb60e56be95f0eb,150,2,community-platform/node_modules/next/dist/server/route-modules/pages/vendored/contexts/app-router-context.js,06_DIGITAL_PLATFORM/community-platform/node_modules/next/dist/server/route-modules/pages/vendored/contexts/app-router-context.js
d9b9273ecdc21b55a1333e0ce888149b7afc4dfef3726c8332c473a44adf4408,40491,2,Church/CH-047-Private-Benefit-and-Inurement-Policy.docx,80_HISTORICAL_AND_PREINTEGRATION_PACKAGES/Church/CH-047-Private-Benefit-and-Inurement-Policy.docx
d9b9273ecdc21b55a1333e0ce888149b7afc4dfef3726c8332c473a44adf4408,40491,2,institution/05-operations/compliance/CH-047-Private-Benefit-and-Inurement-Policy.docx,04_INSTITUTION_AND_GOVERNANCE/institution/05-operations/compliance/CH-047-Private-Benefit-and-Inurement-Policy.docx
d9eb57f709b98f6ba4289786952701fe662110a8d83de73d4aae90b5dfd00901,14464,2,community-platform/node_modules/next/dist/compiled/react-server-dom-webpack/cjs/react-server-dom-webpack-plugin.js,06_DIGITAL_PLATFORM/community-platform/node_modules/next/dist/compiled/react-server-dom-webpack/cjs/react-server-dom-webpack-plugin.js
d9eb57f709b98f6ba4289786952701fe662110a8d83de73d4aae90b5dfd00901,14464,2,community-platform/node_modules/next/dist/compiled/react-server-dom-webpack-experimental/cjs/react-server-dom-webpack-plugin.js,06_DIGITAL_PLATFORM/community-platform/node_modules/next/dist/compiled/react-server-dom-webpack-experimental/cjs/react-server-dom-webpack-plugin.js
da2a4ed932064e8eace052f31df1c34d8222a9241a38f8cbb97536a04a9936d9,256,2,community-platform/node_modules/next/dist/compiled/@edge-runtime/primitives/fetch.js.LEGAL.txt,06_DIGITAL_PLATFORM/community-platform/node_modules/next/dist/compiled/@edge-runtime/primitives/fetch.js.LEGAL.txt
da2a4ed932064e8eace052f31df1c34d8222a9241a38f8cbb97536a04a9936d9,256,2,community-platform/node_modules/next/dist/compiled/@edge-runtime/primitives/load.js.LEGAL.txt,06_DIGITAL_PLATFORM/community-platform/node_modules/next/dist/compiled/@edge-runtime/primitives/load.js.LEGAL.txt
da4db1480d9beea3483a2eda5c53b22238d0827d57da162b48f122e04d2d9987,1095,2,community-platform/node_modules/nanoid/LICENSE,06_DIGITAL_PLATFORM/community-platform/node_modules/nanoid/LICENSE
da4db1480d9beea3483a2eda5c53b22238d0827d57da162b48f122e04d2d9987,1095,2,community-platform/node_modules/next/dist/compiled/nanoid/LICENSE,06_DIGITAL_PLATFORM/community-platform/node_modules/next/dist/compiled/nanoid/LICENSE
da6d3703ed11cbe42bd212c725957c98da23cbff1998c05fa4b3d976d1a58e93,1088,14,community-platform/node_modules/next/dist/compiled/react/LICENSE,06_DIGITAL_PLATFORM/community-platform/node_modules/next/dist/compiled/react/LICENSE
da6d3703ed11cbe42bd212c725957c98da23cbff1998c05fa4b3d976d1a58e93,1088,14,community-platform/node_modules/next/dist/compiled/react-dom/LICENSE,06_DIGITAL_PLATFORM/community-platform/node_modules/next/dist/compiled/react-dom/LICENSE
da6d3703ed11cbe42bd212c725957c98da23cbff1998c05fa4b3d976d1a58e93,1088,14,community-platform/node_modules/next/dist/compiled/react-dom-experimental/LICENSE,06_DIGITAL_PLATFORM/community-platform/node_modules/next/dist/compiled/react-dom-experimental/LICENSE
da6d3703ed11cbe42bd212c725957c98da23cbff1998c05fa4b3d976d1a58e93,1088,14,community-platform/node_modules/next/dist/compiled/react-experimental/LICENSE,06_DIGITAL_PLATFORM/community-platform/node_modules/next/dist/compiled/react-experimental/LICENSE
da6d3703ed11cbe42bd212c725957c98da23cbff1998c05fa4b3d976d1a58e93,1088,14,community-platform/node_modules/next/dist/compiled/react-is/LICENSE,06_DIGITAL_PLATFORM/community-platform/node_modules/next/dist/compiled/react-is/LICENSE
da6d3703ed11cbe42bd212c725957c98da23cbff1998c05fa4b3d976d1a58e93,1088,14,community-platform/node_modules/next/dist/compiled/react-server-dom-turbopack/LICENSE,06_DIGITAL_PLATFORM/community-platform/node_modules/next/dist/compiled/react-server-dom-turbopack/LICENSE
da6d3703ed11cbe42bd212c725957c98da23cbff1998c05fa4b3d976d1a58e93,1088,14,community-platform/node_modules/next/dist/compiled/react-server-dom-turbopack-experimental/LICENSE,06_DIGITAL_PLATFORM/community-platform/node_modules/next/dist/compiled/react-server-dom-turbopack-experimental/LICENSE
da6d3703ed11cbe42bd212c725957c98da23cbff1998c05fa4b3d976d1a58e93,1088,14,community-platform/node_modules/next/dist/compiled/react-server-dom-webpack/LICENSE,06_DIGITAL_PLATFORM/community-platform/node_modules/next/dist/compiled/react-server-dom-webpack/LICENSE
da6d3703ed11cbe42bd212c725957c98da23cbff1998c05fa4b3d976d1a58e93,1088,14,community-platform/node_modules/next/dist/compiled/react-server-dom-webpack-experimental/LICENSE,06_DIGITAL_PLATFORM/community-platform/node_modules/next/dist/compiled/react-server-dom-webpack-experimental/LICENSE
da6d3703ed11cbe42bd212c725957c98da23cbff1998c05fa4b3d976d1a58e93,1088,14,community-platform/node_modules/next/dist/compiled/scheduler/LICENSE,06_DIGITAL_PLATFORM/community-platform/node_modules/next/dist/compiled/scheduler/LICENSE
da6d3703ed11cbe42bd212c725957c98da23cbff1998c05fa4b3d976d1a58e93,1088,14,community-platform/node_modules/next/dist/compiled/scheduler-experimental/LICENSE,06_DIGITAL_PLATFORM/community-platform/node_modules/next/dist/compiled/scheduler-experimental/LICENSE
da6d3703ed11cbe42bd212c725957c98da23cbff1998c05fa4b3d976d1a58e93,1088,14,community-platform/node_modules/react/LICENSE,06_DIGITAL_PLATFORM/community-platform/node_modules/react/LICENSE
da6d3703ed11cbe42bd212c725957c98da23cbff1998c05fa4b3d976d1a58e93,1088,14,community-platform/node_modules/react-dom/LICENSE,06_DIGITAL_PLATFORM/community-platform/node_modules/react-dom/LICENSE
da6d3703ed11cbe42bd212c725957c98da23cbff1998c05fa4b3d976d1a58e93,1088,14,community-platform/node_modules/scheduler/LICENSE,06_DIGITAL_PLATFORM/community-platform/node_modules/scheduler/LICENSE
db4245d44b6b3407926087b318578864ce1ce4eba00b43a0b26f82bba9c00d1a,6510,2,institutional_integrity/institutional_integrity_v0_3/founding/46_organizational_resolutions.md,05_INTEGRITY_SAFEGUARDING_AND_COMPLIANCE/institutional_integrity/institutional_integrity_v0_3/founding/46_organizational_resolutions.md
db4245d44b6b3407926087b318578864ce1ce4eba00b43a0b26f82bba9c00d1a,6510,2,institutional_integrity/institutional_integrity_v0_4/founding/46_organizational_resolutions.md,05_INTEGRITY_SAFEGUARDING_AND_COMPLIANCE/institutional_integrity/institutional_integrity_v0_4/founding/46_organizational_resolutions.md
dbf52eee612bcf8203fa56889312eaf5b56f9e7e44e40033654031c73c683ed7,42205,2,Church/CH-033-Ministerial-Formation-Program.docx,80_HISTORICAL_AND_PREINTEGRATION_PACKAGES/Church/CH-033-Ministerial-Formation-Program.docx
dbf52eee612bcf8203fa56889312eaf5b56f9e7e44e40033654031c73c683ed7,42205,2,institution/05-operations/ministry/CH-033-Ministerial-Formation-Program.docx,04_INSTITUTION_AND_GOVERNANCE/institution/05-operations/ministry/CH-033-Ministerial-Formation-Program.docx
dc1719fb3b97327924884a5839c5cfa68896e28803f0cd5e969b7c20f519d1e5,94,9,community-platform/.next/dev/server/app/about/page/next-font-manifest.json,06_DIGITAL_PLATFORM/community-platform/.next/dev/server/app/about/page/next-font-manifest.json
dc1719fb3b97327924884a5839c5cfa68896e28803f0cd5e969b7c20f519d1e5,94,9,community-platform/.next/dev/server/app/app/events/page/next-font-manifest.json,06_DIGITAL_PLATFORM/community-platform/.next/dev/server/app/app/events/page/next-font-manifest.json
dc1719fb3b97327924884a5839c5cfa68896e28803f0cd5e969b7c20f519d1e5,94,9,community-platform/.next/dev/server/app/app/giving/page/next-font-manifest.json,06_DIGITAL_PLATFORM/community-platform/.next/dev/server/app/app/giving/page/next-font-manifest.json
dc1719fb3b97327924884a5839c5cfa68896e28803f0cd5e969b7c20f519d1e5,94,9,community-platform/.next/dev/server/app/app/groups/page/next-font-manifest.json,06_DIGITAL_PLATFORM/community-platform/.next/dev/server/app/app/groups/page/next-font-manifest.json
dc1719fb3b97327924884a5839c5cfa68896e28803f0cd5e969b7c20f519d1e5,94,9,community-platform/.next/dev/server/app/app/learn/page/next-font-manifest.json,06_DIGITAL_PLATFORM/community-platform/.next/dev/server/app/app/learn/page/next-font-manifest.json
dc1719fb3b97327924884a5839c5cfa68896e28803f0cd5e969b7c20f519d1e5,94,9,community-platform/.next/dev/server/app/app/page/next-font-manifest.json,06_DIGITAL_PLATFORM/community-platform/.next/dev/server/app/app/page/next-font-manifest.json
dc1719fb3b97327924884a5839c5cfa68896e28803f0cd5e969b7c20f519d1e5,94,9,community-platform/.next/dev/server/app/governance/page/next-font-manifest.json,06_DIGITAL_PLATFORM/community-platform/.next/dev/server/app/governance/page/next-font-manifest.json
dc1719fb3b97327924884a5839c5cfa68896e28803f0cd5e969b7c20f519d1e5,94,9,community-platform/.next/dev/server/app/page/next-font-manifest.json,06_DIGITAL_PLATFORM/community-platform/.next/dev/server/app/page/next-font-manifest.json
dc1719fb3b97327924884a5839c5cfa68896e28803f0cd5e969b7c20f519d1e5,94,9,community-platform/.next/dev/server/app/research/page/next-font-manifest.json,06_DIGITAL_PLATFORM/community-platform/.next/dev/server/app/research/page/next-font-manifest.json
dc6b7565af679529513d94714230281cc921d07987b7f748b537935dca65d69e,2104,4,governance/07_board_reserved_powers_schedule.md,80_HISTORICAL_AND_PREINTEGRATION_PACKAGES/governance/07_board_reserved_powers_schedule.md
dc6b7565af679529513d94714230281cc921d07987b7f748b537935dca65d69e,2104,4,institutional_integrity/institutional_integrity_v0_2_release/modular_source/governance/07_board_reserved_powers_schedule.md,05_INTEGRITY_SAFEGUARDING_AND_COMPLIANCE/institutional_integrity/institutional_integrity_v0_2_release/modular_source/governance/07_board_reserved_powers_schedule.md
dc6b7565af679529513d94714230281cc921d07987b7f748b537935dca65d69e,2104,4,institutional_integrity/institutional_integrity_v0_3/governance/07_board_reserved_powers_schedule.md,05_INTEGRITY_SAFEGUARDING_AND_COMPLIANCE/institutional_integrity/institutional_integrity_v0_3/governance/07_board_reserved_powers_schedule.md
dc6b7565af679529513d94714230281cc921d07987b7f748b537935dca65d69e,2104,4,institutional_integrity/institutional_integrity_v0_4/governance/07_board_reserved_powers_schedule.md,05_INTEGRITY_SAFEGUARDING_AND_COMPLIANCE/institutional_integrity/institutional_integrity_v0_4/governance/07_board_reserved_powers_schedule.md
dc7fb6f0e4ea777e7c02a5df8446d6ebf5ba17c5d2b37919002979f39697f6ba,140,2,community-platform/node_modules/next/dist/esm/server/route-modules/app-page/vendored/contexts/image-config-context.js,06_DIGITAL_PLATFORM/community-platform/node_modules/next/dist/esm/server/route-modules/app-page/vendored/contexts/image-config-context.js
dc7fb6f0e4ea777e7c02a5df8446d6ebf5ba17c5d2b37919002979f39697f6ba,140,2,community-platform/node_modules/next/dist/esm/server/route-modules/pages/vendored/contexts/image-config-context.js,06_DIGITAL_PLATFORM/community-platform/node_modules/next/dist/esm/server/route-modules/pages/vendored/contexts/image-config-context.js
dcd322605a09a69497d7ab10b14be2ba9e0d919b076e85d35d461a3ba88a7601,2186,4,institutional_integrity/institutional_integrity_v0_2_release/modular_source/policies/13_safeguarding_policy_tn.md,05_INTEGRITY_SAFEGUARDING_AND_COMPLIANCE/institutional_integrity/institutional_integrity_v0_2_release/modular_source/policies/13_safeguarding_policy_tn.md
dcd322605a09a69497d7ab10b14be2ba9e0d919b076e85d35d461a3ba88a7601,2186,4,institutional_integrity/institutional_integrity_v0_3/policies/13_safeguarding_policy_tn.md,05_INTEGRITY_SAFEGUARDING_AND_COMPLIANCE/institutional_integrity/institutional_integrity_v0_3/policies/13_safeguarding_policy_tn.md
dcd322605a09a69497d7ab10b14be2ba9e0d919b076e85d35d461a3ba88a7601,2186,4,institutional_integrity/institutional_integrity_v0_4/policies/13_safeguarding_policy_tn.md,05_INTEGRITY_SAFEGUARDING_AND_COMPLIANCE/institutional_integrity/institutional_integrity_v0_4/policies/13_safeguarding_policy_tn.md
dcd322605a09a69497d7ab10b14be2ba9e0d919b076e85d35d461a3ba88a7601,2186,4,policies/13_safeguarding_policy_tn.md,80_HISTORICAL_AND_PREINTEGRATION_PACKAGES/policies/13_safeguarding_policy_tn.md
dd88b58c22170c955fb3efba21f7ae43707071b94fecf754c6a59ec0734248e1,447,6,community-platform/node_modules/@supabase/auth-js/src/lib/version.ts,06_DIGITAL_PLATFORM/community-platform/node_modules/@supabase/auth-js/src/lib/version.ts
dd88b58c22170c955fb3efba21f7ae43707071b94fecf754c6a59ec0734248e1,447,6,community-platform/node_modules/@supabase/functions-js/src/version.ts,06_DIGITAL_PLATFORM/community-platform/node_modules/@supabase/functions-js/src/version.ts
dd88b58c22170c955fb3efba21f7ae43707071b94fecf754c6a59ec0734248e1,447,6,community-platform/node_modules/@supabase/postgrest-js/src/version.ts,06_DIGITAL_PLATFORM/community-platform/node_modules/@supabase/postgrest-js/src/version.ts
dd88b58c22170c955fb3efba21f7ae43707071b94fecf754c6a59ec0734248e1,447,6,community-platform/node_modules/@supabase/realtime-js/src/lib/version.ts,06_DIGITAL_PLATFORM/community-platform/node_modules/@supabase/realtime-js/src/lib/version.ts
dd88b58c22170c955fb3efba21f7ae43707071b94fecf754c6a59ec0734248e1,447,6,community-platform/node_modules/@supabase/storage-js/src/lib/version.ts,06_DIGITAL_PLATFORM/community-platform/node_modules/@supabase/storage-js/src/lib/version.ts
dd88b58c22170c955fb3efba21f7ae43707071b94fecf754c6a59ec0734248e1,447,6,community-platform/node_modules/@supabase/supabase-js/src/lib/version.ts,06_DIGITAL_PLATFORM/community-platform/node_modules/@supabase/supabase-js/src/lib/version.ts
ddb231cfeaa56208b6d5029fcb2d4d9c713cac8c7a343bb91d2a5f91bbf9fe57,115,11,community-platform/node_modules/next/dist/build/static-paths/types.js,06_DIGITAL_PLATFORM/community-platform/node_modules/next/dist/build/static-paths/types.js
ddb231cfeaa56208b6d5029fcb2d4d9c713cac8c7a343bb91d2a5f91bbf9fe57,115,11,community-platform/node_modules/next/dist/build/swc/types.js,06_DIGITAL_PLATFORM/community-platform/node_modules/next/dist/build/swc/types.js
ddb231cfeaa56208b6d5029fcb2d4d9c713cac8c7a343bb91d2a5f91bbf9fe57,115,11,community-platform/node_modules/next/dist/export/routes/types.js,06_DIGITAL_PLATFORM/community-platform/node_modules/next/dist/export/routes/types.js
ddb231cfeaa56208b6d5029fcb2d4d9c713cac8c7a343bb91d2a5f91bbf9fe57,115,11,community-platform/node_modules/next/dist/export/types.js,06_DIGITAL_PLATFORM/community-platform/node_modules/next/dist/export/types.js
ddb231cfeaa56208b6d5029fcb2d4d9c713cac8c7a343bb91d2a5f91bbf9fe57,115,11,community-platform/node_modules/next/dist/server/instrumentation/types.js,06_DIGITAL_PLATFORM/community-platform/node_modules/next/dist/server/instrumentation/types.js
ddb231cfeaa56208b6d5029fcb2d4d9c713cac8c7a343bb91d2a5f91bbf9fe57,115,11,community-platform/node_modules/next/dist/server/lib/router-utils/types.js,06_DIGITAL_PLATFORM/community-platform/node_modules/next/dist/server/lib/router-utils/types.js
ddb231cfeaa56208b6d5029fcb2d4d9c713cac8c7a343bb91d2a5f91bbf9fe57,115,11,community-platform/node_modules/next/dist/server/lib/types.js,06_DIGITAL_PLATFORM/community-platform/node_modules/next/dist/server/lib/types.js
ddb231cfeaa56208b6d5029fcb2d4d9c713cac8c7a343bb91d2a5f91bbf9fe57,115,11,community-platform/node_modules/next/dist/server/web/types.js,06_DIGITAL_PLATFORM/community-platform/node_modules/next/dist/server/web/types.js
ddb231cfeaa56208b6d5029fcb2d4d9c713cac8c7a343bb91d2a5f91bbf9fe57,115,11,community-platform/node_modules/next/dist/shared/lib/lazy-dynamic/types.js,06_DIGITAL_PLATFORM/community-platform/node_modules/next/dist/shared/lib/lazy-dynamic/types.js
ddb231cfeaa56208b6d5029fcb2d4d9c713cac8c7a343bb91d2a5f91bbf9fe57,115,11,community-platform/node_modules/next/dist/trace/report/types.js,06_DIGITAL_PLATFORM/community-platform/node_modules/next/dist/trace/report/types.js
ddb231cfeaa56208b6d5029fcb2d4d9c713cac8c7a343bb91d2a5f91bbf9fe57,115,11,community-platform/node_modules/next/dist/trace/types.js,06_DIGITAL_PLATFORM/community-platform/node_modules/next/dist/trace/types.js
de31e2407f585fd6ba00efd420485bff8b84aa6ea3ebcb870289214d27ca34b8,13687,3,community-platform/node_modules/next/dist/compiled/scheduler/cjs/scheduler-unstable_mock.development.js,06_DIGITAL_PLATFORM/community-platform/node_modules/next/dist/compiled/scheduler/cjs/scheduler-unstable_mock.development.js
de31e2407f585fd6ba00efd420485bff8b84aa6ea3ebcb870289214d27ca34b8,13687,3,community-platform/node_modules/next/dist/compiled/scheduler-experimental/cjs/scheduler-unstable_mock.development.js,06_DIGITAL_PLATFORM/community-platform/node_modules/next/dist/compiled/scheduler-experimental/cjs/scheduler-unstable_mock.development.js
de31e2407f585fd6ba00efd420485bff8b84aa6ea3ebcb870289214d27ca34b8,13687,3,community-platform/node_modules/scheduler/cjs/scheduler-unstable_mock.development.js,06_DIGITAL_PLATFORM/community-platform/node_modules/scheduler/cjs/scheduler-unstable_mock.development.js
de4281dcc88b80e20cdb92a5716ad2add899704358a22008dfe9adfc8c729388,76132,2,community-platform/node_modules/next/dist/compiled/react-server-dom-webpack/cjs/react-server-dom-webpack-client.node.production.js,06_DIGITAL_PLATFORM/community-platform/node_modules/next/dist/compiled/react-server-dom-webpack/cjs/react-server-dom-webpack-client.node.production.js
de4281dcc88b80e20cdb92a5716ad2add899704358a22008dfe9adfc8c729388,76132,2,community-platform/node_modules/next/dist/compiled/react-server-dom-webpack-experimental/cjs/react-server-dom-webpack-client.node.production.js,06_DIGITAL_PLATFORM/community-platform/node_modules/next/dist/compiled/react-server-dom-webpack-experimental/cjs/react-server-dom-webpack-client.node.production.js
de580a3372ed73df59671afafb1339243db129b5e93b74ca0559beda64e41732,353944,2,foundational_theology_research_dossiers_volume_i_v0_8.pdf,80_HISTORICAL_AND_PREINTEGRATION_PACKAGES/top_level_foundational_exports/foundational_theology_research_dossiers_volume_i_v0_8.pdf
de580a3372ed73df59671afafb1339243db129b5e93b74ca0559beda64e41732,353944,2,reference_v0.8/foundational_theology_research_dossiers_volume_i_v0_8.pdf,03_RELEASES_AND_BASELINES/reference_v0.8/foundational_theology_research_dossiers_volume_i_v0_8.pdf
dee8c7a645b618c0c53276193fd11f2aaca9b670d77badac1e499653cc4c0c96,1655,4,governance/08_founder_covenant.md,80_HISTORICAL_AND_PREINTEGRATION_PACKAGES/governance/08_founder_covenant.md
dee8c7a645b618c0c53276193fd11f2aaca9b670d77badac1e499653cc4c0c96,1655,4,institutional_integrity/institutional_integrity_v0_2_release/modular_source/governance/08_founder_covenant.md,05_INTEGRITY_SAFEGUARDING_AND_COMPLIANCE/institutional_integrity/institutional_integrity_v0_2_release/modular_source/governance/08_founder_covenant.md
dee8c7a645b618c0c53276193fd11f2aaca9b670d77badac1e499653cc4c0c96,1655,4,institutional_integrity/institutional_integrity_v0_3/governance/08_founder_covenant.md,05_INTEGRITY_SAFEGUARDING_AND_COMPLIANCE/institutional_integrity/institutional_integrity_v0_3/governance/08_founder_covenant.md
dee8c7a645b618c0c53276193fd11f2aaca9b670d77badac1e499653cc4c0c96,1655,4,institutional_integrity/institutional_integrity_v0_4/governance/08_founder_covenant.md,05_INTEGRITY_SAFEGUARDING_AND_COMPLIANCE/institutional_integrity/institutional_integrity_v0_4/governance/08_founder_covenant.md
e153098e5da118dc3e22d648a7a05269f377e59c661a99c4468b3d693d9c688d,1480,2,institutional_integrity/institutional_integrity_v0_3/founding/53_donation_receipt_standard.md,05_INTEGRITY_SAFEGUARDING_AND_COMPLIANCE/institutional_integrity/institutional_integrity_v0_3/founding/53_donation_receipt_standard.md
e153098e5da118dc3e22d648a7a05269f377e59c661a99c4468b3d693d9c688d,1480,2,institutional_integrity/institutional_integrity_v0_4/founding/53_donation_receipt_standard.md,05_INTEGRITY_SAFEGUARDING_AND_COMPLIANCE/institutional_integrity/institutional_integrity_v0_4/founding/53_donation_receipt_standard.md
e196e27b1759468f1e7e01fdd9ee57d1fead1c9c111cdd5dd83de4962c90cc6e,1997,2,community-platform/node_modules/@supabase/auth-js/dist/main/lib/constants.d.ts,06_DIGITAL_PLATFORM/community-platform/node_modules/@supabase/auth-js/dist/main/lib/constants.d.ts
e196e27b1759468f1e7e01fdd9ee57d1fead1c9c111cdd5dd83de4962c90cc6e,1997,2,community-platform/node_modules/@supabase/auth-js/dist/module/lib/constants.d.ts,06_DIGITAL_PLATFORM/community-platform/node_modules/@supabase/auth-js/dist/module/lib/constants.d.ts
e1cc48b6dcbc0235492a2f7336d306207e26ddc661da143c93757549b7810df5,1362,2,community-platform/node_modules/@supabase/realtime-js/dist/main/phoenix/channelAdapter.d.ts,06_DIGITAL_PLATFORM/community-platform/node_modules/@supabase/realtime-js/dist/main/phoenix/channelAdapter.d.ts
e1cc48b6dcbc0235492a2f7336d306207e26ddc661da143c93757549b7810df5,1362,2,community-platform/node_modules/@supabase/realtime-js/dist/module/phoenix/channelAdapter.d.ts,06_DIGITAL_PLATFORM/community-platform/node_modules/@supabase/realtime-js/dist/module/phoenix/channelAdapter.d.ts
e277971d9a5768ae82151cc83e5daa8c2ff25a8b773ed268e8eb53604b75e788,244,2,community-platform/node_modules/next/dist/api/form.js.map,06_DIGITAL_PLATFORM/community-platform/node_modules/next/dist/api/form.js.map
e277971d9a5768ae82151cc83e5daa8c2ff25a8b773ed268e8eb53604b75e788,244,2,community-platform/node_modules/next/dist/esm/api/form.js.map,06_DIGITAL_PLATFORM/community-platform/node_modules/next/dist/esm/api/form.js.map
e3a2a29dcc06ed167f52377b76a509f77d7dbbe6e3f0f3c7d3b08c2a18433054,143,2,community-platform/node_modules/next/dist/server/route-modules/app-page/vendored/contexts/router-context.js,06_DIGITAL_PLATFORM/community-platform/node_modules/next/dist/server/route-modules/app-page/vendored/contexts/router-context.js
e3a2a29dcc06ed167f52377b76a509f77d7dbbe6e3f0f3c7d3b08c2a18433054,143,2,community-platform/node_modules/next/dist/server/route-modules/pages/vendored/contexts/router-context.js,06_DIGITAL_PLATFORM/community-platform/node_modules/next/dist/server/route-modules/pages/vendored/contexts/router-context.js
e3b0c44298fc1c149afbf4c8996fb92427ae41e4649b934ca495991b7852b855,0,151,community-platform/.next/dev/server/app/about/page/client-components-ssr.js,06_DIGITAL_PLATFORM/community-platform/.next/dev/server/app/about/page/client-components-ssr.js
e3b0c44298fc1c149afbf4c8996fb92427ae41e4649b934ca495991b7852b855,0,151,community-platform/.next/dev/server/app/app/events/page/client-components-ssr.js,06_DIGITAL_PLATFORM/community-platform/.next/dev/server/app/app/events/page/client-components-ssr.js
e3b0c44298fc1c149afbf4c8996fb92427ae41e4649b934ca495991b7852b855,0,151,community-platform/.next/dev/server/app/app/giving/page/client-components-ssr.js,06_DIGITAL_PLATFORM/community-platform/.next/dev/server/app/app/giving/page/client-components-ssr.js
e3b0c44298fc1c149afbf4c8996fb92427ae41e4649b934ca495991b7852b855,0,151,community-platform/.next/dev/server/app/app/groups/page/client-components-ssr.js,06_DIGITAL_PLATFORM/community-platform/.next/dev/server/app/app/groups/page/client-components-ssr.js
e3b0c44298fc1c149afbf4c8996fb92427ae41e4649b934ca495991b7852b855,0,151,community-platform/.next/dev/server/app/app/learn/page/client-components-ssr.js,06_DIGITAL_PLATFORM/community-platform/.next/dev/server/app/app/learn/page/client-components-ssr.js
e3b0c44298fc1c149afbf4c8996fb92427ae41e4649b934ca495991b7852b855,0,151,community-platform/.next/dev/server/app/app/page/client-components-ssr.js,06_DIGITAL_PLATFORM/community-platform/.next/dev/server/app/app/page/client-components-ssr.js
e3b0c44298fc1c149afbf4c8996fb92427ae41e4649b934ca495991b7852b855,0,151,community-platform/.next/dev/server/app/governance/page/client-components-ssr.js,06_DIGITAL_PLATFORM/community-platform/.next/dev/server/app/governance/page/client-components-ssr.js
e3b0c44298fc1c149afbf4c8996fb92427ae41e4649b934ca495991b7852b855,0,151,community-platform/.next/dev/server/app/page/client-components-ssr.js,06_DIGITAL_PLATFORM/community-platform/.next/dev/server/app/page/client-components-ssr.js
e3b0c44298fc1c149afbf4c8996fb92427ae41e4649b934ca495991b7852b855,0,151,community-platform/.next/dev/server/app/research/page/client-components-ssr.js,06_DIGITAL_PLATFORM/community-platform/.next/dev/server/app/research/page/client-components-ssr.js
e3b0c44298fc1c149afbf4c8996fb92427ae41e4649b934ca495991b7852b855,0,151,community-platform/node_modules/client-only/index.js,06_DIGITAL_PLATFORM/community-platform/node_modules/client-only/index.js
e3b0c44298fc1c149afbf4c8996fb92427ae41e4649b934ca495991b7852b855,0,151,community-platform/node_modules/next/dist/build/adapter/setup-node-env.external.d.ts,06_DIGITAL_PLATFORM/community-platform/node_modules/next/dist/build/adapter/setup-node-env.external.d.ts
e3b0c44298fc1c149afbf4c8996fb92427ae41e4649b934ca495991b7852b855,0,151,community-platform/node_modules/next/dist/build/jest/__mocks__/empty.d.ts,06_DIGITAL_PLATFORM/community-platform/node_modules/next/dist/build/jest/__mocks__/empty.d.ts
e3b0c44298fc1c149afbf4c8996fb92427ae41e4649b934ca495991b7852b855,0,151,community-platform/node_modules/next/dist/build/jest/__mocks__/fileMock.d.ts,06_DIGITAL_PLATFORM/community-platform/node_modules/next/dist/build/jest/__mocks__/fileMock.d.ts
e3b0c44298fc1c149afbf4c8996fb92427ae41e4649b934ca495991b7852b855,0,151,community-platform/node_modules/next/dist/build/jest/__mocks__/nextFontMock.d.ts,06_DIGITAL_PLATFORM/community-platform/node_modules/next/dist/build/jest/__mocks__/nextFontMock.d.ts
e3b0c44298fc1c149afbf4c8996fb92427ae41e4649b934ca495991b7852b855,0,151,community-platform/node_modules/next/dist/build/jest/__mocks__/styleMock.d.ts,06_DIGITAL_PLATFORM/community-platform/node_modules/next/dist/build/jest/__mocks__/styleMock.d.ts
e3b0c44298fc1c149afbf4c8996fb92427ae41e4649b934ca495991b7852b855,0,151,community-platform/node_modules/next/dist/build/polyfills/fetch/whatwg-fetch.d.ts,06_DIGITAL_PLATFORM/community-platform/node_modules/next/dist/build/polyfills/fetch/whatwg-fetch.d.ts
e3b0c44298fc1c149afbf4c8996fb92427ae41e4649b934ca495991b7852b855,0,151,community-platform/node_modules/next/dist/build/polyfills/object.assign/auto.d.ts,06_DIGITAL_PLATFORM/community-platform/node_modules/next/dist/build/polyfills/object.assign/auto.d.ts
e3b0c44298fc1c149afbf4c8996fb92427ae41e4649b934ca495991b7852b855,0,151,community-platform/node_modules/next/dist/build/polyfills/object.assign/implementation.d.ts,06_DIGITAL_PLATFORM/community-platform/node_modules/next/dist/build/polyfills/object.assign/implementation.d.ts
e3b0c44298fc1c149afbf4c8996fb92427ae41e4649b934ca495991b7852b855,0,151,community-platform/node_modules/next/dist/build/polyfills/object.assign/polyfill.d.ts,06_DIGITAL_PLATFORM/community-platform/node_modules/next/dist/build/polyfills/object.assign/polyfill.d.ts
e3b0c44298fc1c149afbf4c8996fb92427ae41e4649b934ca495991b7852b855,0,151,community-platform/node_modules/next/dist/build/polyfills/object.assign/shim.d.ts,06_DIGITAL_PLATFORM/community-platform/node_modules/next/dist/build/polyfills/object.assign/shim.d.ts
e3b0c44298fc1c149afbf4c8996fb92427ae41e4649b934ca495991b7852b855,0,151,community-platform/node_modules/next/dist/build/polyfills/process.d.ts,06_DIGITAL_PLATFORM/community-platform/node_modules/next/dist/build/polyfills/process.d.ts
e3b0c44298fc1c149afbf4c8996fb92427ae41e4649b934ca495991b7852b855,0,151,community-platform/node_modules/next/dist/build/webpack/loaders/css-loader/src/runtime/getUrl.d.ts,06_DIGITAL_PLATFORM/community-platform/node_modules/next/dist/build/webpack/loaders/css-loader/src/runtime/getUrl.d.ts
e3b0c44298fc1c149afbf4c8996fb92427ae41e4649b934ca495991b7852b855,0,151,community-platform/node_modules/next/dist/compiled/@edge-runtime/primitives/abort-controller.js.LEGAL.txt,06_DIGITAL_PLATFORM/community-platform/node_modules/next/dist/compiled/@edge-runtime/primitives/abort-controller.js.LEGAL.txt
e3b0c44298fc1c149afbf4c8996fb92427ae41e4649b934ca495991b7852b855,0,151,community-platform/node_modules/next/dist/compiled/@edge-runtime/primitives/console.js.LEGAL.txt,06_DIGITAL_PLATFORM/community-platform/node_modules/next/dist/compiled/@edge-runtime/primitives/console.js.LEGAL.txt
e3b0c44298fc1c149afbf4c8996fb92427ae41e4649b934ca495991b7852b855,0,151,community-platform/node_modules/next/dist/compiled/@edge-runtime/primitives/crypto.js.LEGAL.txt,06_DIGITAL_PLATFORM/community-platform/node_modules/next/dist/compiled/@edge-runtime/primitives/crypto.js.LEGAL.txt
e3b0c44298fc1c149afbf4c8996fb92427ae41e4649b934ca495991b7852b855,0,151,community-platform/node_modules/next/dist/compiled/@edge-runtime/primitives/events.js.LEGAL.txt,06_DIGITAL_PLATFORM/community-platform/node_modules/next/dist/compiled/@edge-runtime/primitives/events.js.LEGAL.txt
e3b0c44298fc1c149afbf4c8996fb92427ae41e4649b934ca495991b7852b855,0,151,community-platform/node_modules/next/dist/compiled/@edge-runtime/primitives/index.js.LEGAL.txt,06_DIGITAL_PLATFORM/community-platform/node_modules/next/dist/compiled/@edge-runtime/primitives/index.js.LEGAL.txt
e3b0c44298fc1c149afbf4c8996fb92427ae41e4649b934ca495991b7852b855,0,151,community-platform/node_modules/next/dist/compiled/@edge-runtime/primitives/stream.js.LEGAL.txt,06_DIGITAL_PLATFORM/community-platform/node_modules/next/dist/compiled/@edge-runtime/primitives/stream.js.LEGAL.txt
e3b0c44298fc1c149afbf4c8996fb92427ae41e4649b934ca495991b7852b855,0,151,community-platform/node_modules/next/dist/compiled/@edge-runtime/primitives/timers.js.LEGAL.txt,06_DIGITAL_PLATFORM/community-platform/node_modules/next/dist/compiled/@edge-runtime/primitives/timers.js.LEGAL.txt
e3b0c44298fc1c149afbf4c8996fb92427ae41e4649b934ca495991b7852b855,0,151,community-platform/node_modules/next/dist/compiled/@edge-runtime/primitives/url.js.LEGAL.txt,06_DIGITAL_PLATFORM/community-platform/node_modules/next/dist/compiled/@edge-runtime/primitives/url.js.LEGAL.txt
e3b0c44298fc1c149afbf4c8996fb92427ae41e4649b934ca495991b7852b855,0,151,community-platform/node_modules/next/dist/compiled/client-only/index.js,06_DIGITAL_PLATFORM/community-platform/node_modules/next/dist/compiled/client-only/index.js
e3b0c44298fc1c149afbf4c8996fb92427ae41e4649b934ca495991b7852b855,0,151,community-platform/node_modules/next/dist/compiled/server-only/empty.js,06_DIGITAL_PLATFORM/community-platform/node_modules/next/dist/compiled/server-only/empty.js
e3b0c44298fc1c149afbf4c8996fb92427ae41e4649b934ca495991b7852b855,0,151,community-platform/node_modules/next/dist/lib/require-instrumentation-client.d.ts,06_DIGITAL_PLATFORM/community-platform/node_modules/next/dist/lib/require-instrumentation-client.d.ts
e3b0c44298fc1c149afbf4c8996fb92427ae41e4649b934ca495991b7852b855,0,151,community-platform/node_modules/next/dist/lib/setup-exception-listeners.d.ts,06_DIGITAL_PLATFORM/community-platform/node_modules/next/dist/lib/setup-exception-listeners.d.ts
e3b0c44298fc1c149afbf4c8996fb92427ae41e4649b934ca495991b7852b855,0,151,community-platform/node_modules/next/dist/server/node-environment-baseline.d.ts,06_DIGITAL_PLATFORM/community-platform/node_modules/next/dist/server/node-environment-baseline.d.ts
e3b0c44298fc1c149afbf4c8996fb92427ae41e4649b934ca495991b7852b855,0,151,community-platform/node_modules/next/dist/server/node-polyfill-crypto.d.ts,06_DIGITAL_PLATFORM/community-platform/node_modules/next/dist/server/node-polyfill-crypto.d.ts
e3b0c44298fc1c149afbf4c8996fb92427ae41e4649b934ca495991b7852b855,0,151,community-platform/node_modules/next/dist/server/route-modules/app-page/vendored/contexts/app-router-context.d.ts,06_DIGITAL_PLATFORM/community-platform/node_modules/next/dist/server/route-modules/app-page/vendored/contexts/app-router-context.d.ts
e3b0c44298fc1c149afbf4c8996fb92427ae41e4649b934ca495991b7852b855,0,151,community-platform/node_modules/next/dist/server/route-modules/app-page/vendored/contexts/head-manager-context.d.ts,06_DIGITAL_PLATFORM/community-platform/node_modules/next/dist/server/route-modules/app-page/vendored/contexts/head-manager-context.d.ts
e3b0c44298fc1c149afbf4c8996fb92427ae41e4649b934ca495991b7852b855,0,151,community-platform/node_modules/next/dist/server/route-modules/app-page/vendored/contexts/hooks-client-context.d.ts,06_DIGITAL_PLATFORM/community-platform/node_modules/next/dist/server/route-modules/app-page/vendored/contexts/hooks-client-context.d.ts
e3b0c44298fc1c149afbf4c8996fb92427ae41e4649b934ca495991b7852b855,0,151,community-platform/node_modules/next/dist/server/route-modules/app-page/vendored/contexts/image-config-context.d.ts,06_DIGITAL_PLATFORM/community-platform/node_modules/next/dist/server/route-modules/app-page/vendored/contexts/image-config-context.d.ts
e3b0c44298fc1c149afbf4c8996fb92427ae41e4649b934ca495991b7852b855,0,151,community-platform/node_modules/next/dist/server/route-modules/app-page/vendored/contexts/router-context.d.ts,06_DIGITAL_PLATFORM/community-platform/node_modules/next/dist/server/route-modules/app-page/vendored/contexts/router-context.d.ts
e3b0c44298fc1c149afbf4c8996fb92427ae41e4649b934ca495991b7852b855,0,151,community-platform/node_modules/next/dist/server/route-modules/app-page/vendored/contexts/server-inserted-html.d.ts,06_DIGITAL_PLATFORM/community-platform/node_modules/next/dist/server/route-modules/app-page/vendored/contexts/server-inserted-html.d.ts
e3b0c44298fc1c149afbf4c8996fb92427ae41e4649b934ca495991b7852b855,0,151,community-platform/node_modules/next/dist/server/route-modules/app-page/vendored/rsc/react-compiler-runtime.d.ts,06_DIGITAL_PLATFORM/community-platform/node_modules/next/dist/server/route-modules/app-page/vendored/rsc/react-compiler-runtime.d.ts
e3b0c44298fc1c149afbf4c8996fb92427ae41e4649b934ca495991b7852b855,0,151,community-platform/node_modules/next/dist/server/route-modules/app-page/vendored/rsc/react-dom.d.ts,06_DIGITAL_PLATFORM/community-platform/node_modules/next/dist/server/route-modules/app-page/vendored/rsc/react-dom.d.ts
e3b0c44298fc1c149afbf4c8996fb92427ae41e4649b934ca495991b7852b855,0,151,community-platform/node_modules/next/dist/server/route-modules/app-page/vendored/rsc/react-jsx-dev-runtime.d.ts,06_DIGITAL_PLATFORM/community-platform/node_modules/next/dist/server/route-modules/app-page/vendored/rsc/react-jsx-dev-runtime.d.ts
e3b0c44298fc1c149afbf4c8996fb92427ae41e4649b934ca495991b7852b855,0,151,community-platform/node_modules/next/dist/server/route-modules/app-page/vendored/rsc/react-jsx-runtime.d.ts,06_DIGITAL_PLATFORM/community-platform/node_modules/next/dist/server/route-modules/app-page/vendored/rsc/react-jsx-runtime.d.ts
e3b0c44298fc1c149afbf4c8996fb92427ae41e4649b934ca495991b7852b855,0,151,community-platform/node_modules/next/dist/server/route-modules/app-page/vendored/rsc/react-server-dom-turbopack-server.d.ts,06_DIGITAL_PLATFORM/community-platform/node_modules/next/dist/server/route-modules/app-page/vendored/rsc/react-server-dom-turbopack-server.d.ts
e3b0c44298fc1c149afbf4c8996fb92427ae41e4649b934ca495991b7852b855,0,151,community-platform/node_modules/next/dist/server/route-modules/app-page/vendored/rsc/react-server-dom-turbopack-static.d.ts,06_DIGITAL_PLATFORM/community-platform/node_modules/next/dist/server/route-modules/app-page/vendored/rsc/react-server-dom-turbopack-static.d.ts
e3b0c44298fc1c149afbf4c8996fb92427ae41e4649b934ca495991b7852b855,0,151,community-platform/node_modules/next/dist/server/route-modules/app-page/vendored/rsc/react-server-dom-webpack-server.d.ts,06_DIGITAL_PLATFORM/community-platform/node_modules/next/dist/server/route-modules/app-page/vendored/rsc/react-server-dom-webpack-server.d.ts
e3b0c44298fc1c149afbf4c8996fb92427ae41e4649b934ca495991b7852b855,0,151,community-platform/node_modules/next/dist/server/route-modules/app-page/vendored/rsc/react-server-dom-webpack-static.d.ts,06_DIGITAL_PLATFORM/community-platform/node_modules/next/dist/server/route-modules/app-page/vendored/rsc/react-server-dom-webpack-static.d.ts
e3b0c44298fc1c149afbf4c8996fb92427ae41e4649b934ca495991b7852b855,0,151,community-platform/node_modules/next/dist/server/route-modules/app-page/vendored/rsc/react.d.ts,06_DIGITAL_PLATFORM/community-platform/node_modules/next/dist/server/route-modules/app-page/vendored/rsc/react.d.ts
e3b0c44298fc1c149afbf4c8996fb92427ae41e4649b934ca495991b7852b855,0,151,community-platform/node_modules/next/dist/server/route-modules/app-page/vendored/ssr/react-compiler-runtime.d.ts,06_DIGITAL_PLATFORM/community-platform/node_modules/next/dist/server/route-modules/app-page/vendored/ssr/react-compiler-runtime.d.ts
e3b0c44298fc1c149afbf4c8996fb92427ae41e4649b934ca495991b7852b855,0,151,community-platform/node_modules/next/dist/server/route-modules/app-page/vendored/ssr/react-dom-server.d.ts,06_DIGITAL_PLATFORM/community-platform/node_modules/next/dist/server/route-modules/app-page/vendored/ssr/react-dom-server.d.ts
e3b0c44298fc1c149afbf4c8996fb92427ae41e4649b934ca495991b7852b855,0,151,community-platform/node_modules/next/dist/server/route-modules/app-page/vendored/ssr/react-dom.d.ts,06_DIGITAL_PLATFORM/community-platform/node_modules/next/dist/server/route-modules/app-page/vendored/ssr/react-dom.d.ts
e3b0c44298fc1c149afbf4c8996fb92427ae41e4649b934ca495991b7852b855,0,151,community-platform/node_modules/next/dist/server/route-modules/app-page/vendored/ssr/react-jsx-dev-runtime.d.ts,06_DIGITAL_PLATFORM/community-platform/node_modules/next/dist/server/route-modules/app-page/vendored/ssr/react-jsx-dev-runtime.d.ts
e3b0c44298fc1c149afbf4c8996fb92427ae41e4649b934ca495991b7852b855,0,151,community-platform/node_modules/next/dist/server/route-modules/app-page/vendored/ssr/react-jsx-runtime.d.ts,06_DIGITAL_PLATFORM/community-platform/node_modules/next/dist/server/route-modules/app-page/vendored/ssr/react-jsx-runtime.d.ts
e3b0c44298fc1c149afbf4c8996fb92427ae41e4649b934ca495991b7852b855,0,151,community-platform/node_modules/next/dist/server/route-modules/app-page/vendored/ssr/react-server-dom-turbopack-client.d.ts,06_DIGITAL_PLATFORM/community-platform/node_modules/next/dist/server/route-modules/app-page/vendored/ssr/react-server-dom-turbopack-client.d.ts
e3b0c44298fc1c149afbf4c8996fb92427ae41e4649b934ca495991b7852b855,0,151,community-platform/node_modules/next/dist/server/route-modules/app-page/vendored/ssr/react-server-dom-webpack-client.d.ts,06_DIGITAL_PLATFORM/community-platform/node_modules/next/dist/server/route-modules/app-page/vendored/ssr/react-server-dom-webpack-client.d.ts
e3b0c44298fc1c149afbf4c8996fb92427ae41e4649b934ca495991b7852b855,0,151,community-platform/node_modules/next/dist/server/route-modules/app-page/vendored/ssr/react.d.ts,06_DIGITAL_PLATFORM/community-platform/node_modules/next/dist/server/route-modules/app-page/vendored/ssr/react.d.ts
e3b0c44298fc1c149afbf4c8996fb92427ae41e4649b934ca495991b7852b855,0,151,community-platform/node_modules/next/dist/server/route-modules/pages/vendored/contexts/app-router-context.d.ts,06_DIGITAL_PLATFORM/community-platform/node_modules/next/dist/server/route-modules/pages/vendored/contexts/app-router-context.d.ts
e3b0c44298fc1c149afbf4c8996fb92427ae41e4649b934ca495991b7852b855,0,151,community-platform/node_modules/next/dist/server/route-modules/pages/vendored/contexts/head-manager-context.d.ts,06_DIGITAL_PLATFORM/community-platform/node_modules/next/dist/server/route-modules/pages/vendored/contexts/head-manager-context.d.ts
e3b0c44298fc1c149afbf4c8996fb92427ae41e4649b934ca495991b7852b855,0,151,community-platform/node_modules/next/dist/server/route-modules/pages/vendored/contexts/hooks-client-context.d.ts,06_DIGITAL_PLATFORM/community-platform/node_modules/next/dist/server/route-modules/pages/vendored/contexts/hooks-client-context.d.ts
e3b0c44298fc1c149afbf4c8996fb92427ae41e4649b934ca495991b7852b855,0,151,community-platform/node_modules/next/dist/server/route-modules/pages/vendored/contexts/html-context.d.ts,06_DIGITAL_PLATFORM/community-platform/node_modules/next/dist/server/route-modules/pages/vendored/contexts/html-context.d.ts
e3b0c44298fc1c149afbf4c8996fb92427ae41e4649b934ca495991b7852b855,0,151,community-platform/node_modules/next/dist/server/route-modules/pages/vendored/contexts/image-config-context.d.ts,06_DIGITAL_PLATFORM/community-platform/node_modules/next/dist/server/route-modules/pages/vendored/contexts/image-config-context.d.ts
e3b0c44298fc1c149afbf4c8996fb92427ae41e4649b934ca495991b7852b855,0,151,community-platform/node_modules/next/dist/server/route-modules/pages/vendored/contexts/loadable-context.d.ts,06_DIGITAL_PLATFORM/community-platform/node_modules/next/dist/server/route-modules/pages/vendored/contexts/loadable-context.d.ts
e3b0c44298fc1c149afbf4c8996fb92427ae41e4649b934ca495991b7852b855,0,151,community-platform/node_modules/next/dist/server/route-modules/pages/vendored/contexts/loadable.d.ts,06_DIGITAL_PLATFORM/community-platform/node_modules/next/dist/server/route-modules/pages/vendored/contexts/loadable.d.ts
e3b0c44298fc1c149afbf4c8996fb92427ae41e4649b934ca495991b7852b855,0,151,community-platform/node_modules/next/dist/server/route-modules/pages/vendored/contexts/router-context.d.ts,06_DIGITAL_PLATFORM/community-platform/node_modules/next/dist/server/route-modules/pages/vendored/contexts/router-context.d.ts
e3b0c44298fc1c149afbf4c8996fb92427ae41e4649b934ca495991b7852b855,0,151,community-platform/node_modules/next/dist/server/route-modules/pages/vendored/contexts/server-inserted-html.d.ts,06_DIGITAL_PLATFORM/community-platform/node_modules/next/dist/server/route-modules/pages/vendored/contexts/server-inserted-html.d.ts
e3b0c44298fc1c149afbf4c8996fb92427ae41e4649b934ca495991b7852b855,0,151,community-platform/node_modules/next/font/google/index.js,06_DIGITAL_PLATFORM/community-platform/node_modules/next/font/google/index.js
e3b0c44298fc1c149afbf4c8996fb92427ae41e4649b934ca495991b7852b855,0,151,community-platform/node_modules/next/font/local/index.js,06_DIGITAL_PLATFORM/community-platform/node_modules/next/font/local/index.js
e3b0c44298fc1c149afbf4c8996fb92427ae41e4649b934ca495991b7852b855,0,151,institution/00-control/adoption-register/.gitkeep,04_INSTITUTION_AND_GOVERNANCE/institution/00-control/adoption-register/.gitkeep
e3b0c44298fc1c149afbf4c8996fb92427ae41e4649b934ca495991b7852b855,0,151,institution/00-control/manifests/.gitkeep,04_INSTITUTION_AND_GOVERNANCE/institution/00-control/manifests/.gitkeep
e3b0c44298fc1c149afbf4c8996fb92427ae41e4649b934ca495991b7852b855,0,151,institution/00-control/releases/.gitkeep,04_INSTITUTION_AND_GOVERNANCE/institution/00-control/releases/.gitkeep
e3b0c44298fc1c149afbf4c8996fb92427ae41e4649b934ca495991b7852b855,0,151,institution/01-formation/charter/.gitkeep,04_INSTITUTION_AND_GOVERNANCE/institution/01-formation/charter/.gitkeep
e3b0c44298fc1c149afbf4c8996fb92427ae41e4649b934ca495991b7852b855,0,151,institution/01-formation/ein/.gitkeep,04_INSTITUTION_AND_GOVERNANCE/institution/01-formation/ein/.gitkeep
e3b0c44298fc1c149afbf4c8996fb92427ae41e4649b934ca495991b7852b855,0,151,institution/01-formation/organizational-actions/.gitkeep,04_INSTITUTION_AND_GOVERNANCE/institution/01-formation/organizational-actions/.gitkeep
e3b0c44298fc1c149afbf4c8996fb92427ae41e4649b934ca495991b7852b855,0,151,institution/01-formation/state-filings/.gitkeep,04_INSTITUTION_AND_GOVERNANCE/institution/01-formation/state-filings/.gitkeep
e3b0c44298fc1c149afbf4c8996fb92427ae41e4649b934ca495991b7852b855,0,151,institution/02-constitutional/ACCOUNT-001/0.1.0/.gitkeep,04_INSTITUTION_AND_GOVERNANCE/institution/02-constitutional/ACCOUNT-001/0.1.0/.gitkeep
e3b0c44298fc1c149afbf4c8996fb92427ae41e4649b934ca495991b7852b855,0,151,institution/02-constitutional/AFF-001/0.1.0/.gitkeep,04_INSTITUTION_AND_GOVERNANCE/institution/02-constitutional/AFF-001/0.1.0/.gitkeep
e3b0c44298fc1c149afbf4c8996fb92427ae41e4649b934ca495991b7852b855,0,151,institution/02-constitutional/BYL-001/0.1.0/.gitkeep,04_INSTITUTION_AND_GOVERNANCE/institution/02-constitutional/BYL-001/0.1.0/.gitkeep
e3b0c44298fc1c149afbf4c8996fb92427ae41e4649b934ca495991b7852b855,0,151,institution/02-constitutional/CONST-GUARD-001/0.1.0/.gitkeep,04_INSTITUTION_AND_GOVERNANCE/institution/02-constitutional/CONST-GUARD-001/0.1.0/.gitkeep
e3b0c44298fc1c149afbf4c8996fb92427ae41e4649b934ca495991b7852b855,0,151,institution/02-constitutional/DISC-001/0.1.0/.gitkeep,04_INSTITUTION_AND_GOVERNANCE/institution/02-constitutional/DISC-001/0.1.0/.gitkeep
e3b0c44298fc1c149afbf4c8996fb92427ae41e4649b934ca495991b7852b855,0,151,institution/02-constitutional/DOC-001/0.1.0/.gitkeep,04_INSTITUTION_AND_GOVERNANCE/institution/02-constitutional/DOC-001/0.1.0/.gitkeep
e3b0c44298fc1c149afbf4c8996fb92427ae41e4649b934ca495991b7852b855,0,151,institution/02-constitutional/ECC-CON-001/0.1.0/.gitkeep,04_INSTITUTION_AND_GOVERNANCE/institution/02-constitutional/ECC-CON-001/0.1.0/.gitkeep
e3b0c44298fc1c149afbf4c8996fb92427ae41e4649b934ca495991b7852b855,0,151,institution/02-constitutional/ECC-COUNCIL-001/0.1.0/.gitkeep,04_INSTITUTION_AND_GOVERNANCE/institution/02-constitutional/ECC-COUNCIL-001/0.1.0/.gitkeep
e3b0c44298fc1c149afbf4c8996fb92427ae41e4649b934ca495991b7852b855,0,151,institution/02-constitutional/FIN-001/0.1.0/.gitkeep,04_INSTITUTION_AND_GOVERNANCE/institution/02-constitutional/FIN-001/0.1.0/.gitkeep
e3b0c44298fc1c149afbf4c8996fb92427ae41e4649b934ca495991b7852b855,0,151,institution/02-constitutional/FOUND-TRANS-001/0.1.0/.gitkeep,04_INSTITUTION_AND_GOVERNANCE/institution/02-constitutional/FOUND-TRANS-001/0.1.0/.gitkeep
e3b0c44298fc1c149afbf4c8996fb92427ae41e4649b934ca495991b7852b855,0,151,institution/02-constitutional/GOV-PROC-001/0.1.0/.gitkeep,04_INSTITUTION_AND_GOVERNANCE/institution/02-constitutional/GOV-PROC-001/0.1.0/.gitkeep
e3b0c44298fc1c149afbf4c8996fb92427ae41e4649b934ca495991b7852b855,0,151,institution/02-constitutional/JUR-001/0.1.0/.gitkeep,04_INSTITUTION_AND_GOVERNANCE/institution/02-constitutional/JUR-001/0.1.0/.gitkeep
e3b0c44298fc1c149afbf4c8996fb92427ae41e4649b934ca495991b7852b855,0,151,institution/02-constitutional/LOCAL-001/0.1.0/.gitkeep,04_INSTITUTION_AND_GOVERNANCE/institution/02-constitutional/LOCAL-001/0.1.0/.gitkeep
e3b0c44298fc1c149afbf4c8996fb92427ae41e4649b934ca495991b7852b855,0,151,institution/02-constitutional/MEM-001/0.1.0/.gitkeep,04_INSTITUTION_AND_GOVERNANCE/institution/02-constitutional/MEM-001/0.1.0/.gitkeep
e3b0c44298fc1c149afbf4c8996fb92427ae41e4649b934ca495991b7852b855,0,151,institution/02-constitutional/MIN-001/0.1.0/.gitkeep,04_INSTITUTION_AND_GOVERNANCE/institution/02-constitutional/MIN-001/0.1.0/.gitkeep
e3b0c44298fc1c149afbf4c8996fb92427ae41e4649b934ca495991b7852b855,0,151,institution/02-constitutional/REL-CON-001/0.1.0/.gitkeep,04_INSTITUTION_AND_GOVERNANCE/institution/02-constitutional/REL-CON-001/0.1.0/.gitkeep
e3b0c44298fc1c149afbf4c8996fb92427ae41e4649b934ca495991b7852b855,0,151,institution/02-constitutional/SAFE-001/0.1.0/.gitkeep,04_INSTITUTION_AND_GOVERNANCE/institution/02-constitutional/SAFE-001/0.1.0/.gitkeep
e3b0c44298fc1c149afbf4c8996fb92427ae41e4649b934ca495991b7852b855,0,151,institution/02-constitutional/SUCC-001/0.1.0/.gitkeep,04_INSTITUTION_AND_GOVERNANCE/institution/02-constitutional/SUCC-001/0.1.0/.gitkeep
e3b0c44298fc1c149afbf4c8996fb92427ae41e4649b934ca495991b7852b855,0,151,institution/03-doctrine-and-religious-life/beliefs/.gitkeep,04_INSTITUTION_AND_GOVERNANCE/institution/03-doctrine-and-religious-life/beliefs/.gitkeep
e3b0c44298fc1c149afbf4c8996fb92427ae41e4649b934ca495991b7852b855,0,151,institution/03-doctrine-and-religious-life/doctrine/.gitkeep,04_INSTITUTION_AND_GOVERNANCE/institution/03-doctrine-and-religious-life/doctrine/.gitkeep
e3b0c44298fc1c149afbf4c8996fb92427ae41e4649b934ca495991b7852b855,0,151,institution/03-doctrine-and-religious-life/history/.gitkeep,04_INSTITUTION_AND_GOVERNANCE/institution/03-doctrine-and-religious-life/history/.gitkeep
e3b0c44298fc1c149afbf4c8996fb92427ae41e4649b934ca495991b7852b855,0,151,institution/03-doctrine-and-religious-life/rites/.gitkeep,04_INSTITUTION_AND_GOVERNANCE/institution/03-doctrine-and-religious-life/rites/.gitkeep
e3b0c44298fc1c149afbf4c8996fb92427ae41e4649b934ca495991b7852b855,0,151,institution/03-doctrine-and-religious-life/teaching/.gitkeep,04_INSTITUTION_AND_GOVERNANCE/institution/03-doctrine-and-religious-life/teaching/.gitkeep
e3b0c44298fc1c149afbf4c8996fb92427ae41e4649b934ca495991b7852b855,0,151,institution/03-doctrine-and-religious-life/worship/.gitkeep,04_INSTITUTION_AND_GOVERNANCE/institution/03-doctrine-and-religious-life/worship/.gitkeep
e3b0c44298fc1c149afbf4c8996fb92427ae41e4649b934ca495991b7852b855,0,151,institution/04-governance/board/minutes/.gitkeep,04_INSTITUTION_AND_GOVERNANCE/institution/04-governance/board/minutes/.gitkeep
e3b0c44298fc1c149afbf4c8996fb92427ae41e4649b934ca495991b7852b855,0,151,institution/04-governance/board/resolutions/.gitkeep,04_INSTITUTION_AND_GOVERNANCE/institution/04-governance/board/resolutions/.gitkeep
e3b0c44298fc1c149afbf4c8996fb92427ae41e4649b934ca495991b7852b855,0,151,institution/04-governance/ccg/.gitkeep,04_INSTITUTION_AND_GOVERNANCE/institution/04-governance/ccg/.gitkeep
e3b0c44298fc1c149afbf4c8996fb92427ae41e4649b934ca495991b7852b855,0,151,institution/04-governance/cma/minutes/.gitkeep,04_INSTITUTION_AND_GOVERNANCE/institution/04-governance/cma/minutes/.gitkeep
e3b0c44298fc1c149afbf4c8996fb92427ae41e4649b934ca495991b7852b855,0,151,institution/04-governance/decisions/.gitkeep,04_INSTITUTION_AND_GOVERNANCE/institution/04-governance/decisions/.gitkeep
e3b0c44298fc1c149afbf4c8996fb92427ae41e4649b934ca495991b7852b855,0,151,institution/04-governance/eac/.gitkeep,04_INSTITUTION_AND_GOVERNANCE/institution/04-governance/eac/.gitkeep
e3b0c44298fc1c149afbf4c8996fb92427ae41e4649b934ca495991b7852b855,0,151,institution/04-governance/ecclesiastical-council/decisions/.gitkeep,04_INSTITUTION_AND_GOVERNANCE/institution/04-governance/ecclesiastical-council/decisions/.gitkeep
e3b0c44298fc1c149afbf4c8996fb92427ae41e4649b934ca495991b7852b855,0,151,institution/04-governance/ecclesiastical-council/founding/.gitkeep,04_INSTITUTION_AND_GOVERNANCE/institution/04-governance/ecclesiastical-council/founding/.gitkeep
e3b0c44298fc1c149afbf4c8996fb92427ae41e4649b934ca495991b7852b855,0,151,institution/04-governance/ecclesiastical-council/minutes/.gitkeep,04_INSTITUTION_AND_GOVERNANCE/institution/04-governance/ecclesiastical-council/minutes/.gitkeep
e3b0c44298fc1c149afbf4c8996fb92427ae41e4649b934ca495991b7852b855,0,151,institution/05-operations/affiliations/.gitkeep,04_INSTITUTION_AND_GOVERNANCE/institution/05-operations/affiliations/.gitkeep
e3b0c44298fc1c149afbf4c8996fb92427ae41e4649b934ca495991b7852b855,0,151,institution/05-operations/discipline/.gitkeep,04_INSTITUTION_AND_GOVERNANCE/institution/05-operations/discipline/.gitkeep
e3b0c44298fc1c149afbf4c8996fb92427ae41e4649b934ca495991b7852b855,0,151,institution/05-operations/education/.gitkeep,04_INSTITUTION_AND_GOVERNANCE/institution/05-operations/education/.gitkeep
e3b0c44298fc1c149afbf4c8996fb92427ae41e4649b934ca495991b7852b855,0,151,institution/05-operations/facilities/.gitkeep,04_INSTITUTION_AND_GOVERNANCE/institution/05-operations/facilities/.gitkeep
e3b0c44298fc1c149afbf4c8996fb92427ae41e4649b934ca495991b7852b855,0,151,institution/05-operations/finance/.gitkeep,04_INSTITUTION_AND_GOVERNANCE/institution/05-operations/finance/.gitkeep
e3b0c44298fc1c149afbf4c8996fb92427ae41e4649b934ca495991b7852b855,0,151,institution/05-operations/local-communities/.gitkeep,04_INSTITUTION_AND_GOVERNANCE/institution/05-operations/local-communities/.gitkeep
e3b0c44298fc1c149afbf4c8996fb92427ae41e4649b934ca495991b7852b855,0,151,institution/05-operations/membership/.gitkeep,04_INSTITUTION_AND_GOVERNANCE/institution/05-operations/membership/.gitkeep
e3b0c44298fc1c149afbf4c8996fb92427ae41e4649b934ca495991b7852b855,0,151,institution/05-operations/ministry/.gitkeep,04_INSTITUTION_AND_GOVERNANCE/institution/05-operations/ministry/.gitkeep
e3b0c44298fc1c149afbf4c8996fb92427ae41e4649b934ca495991b7852b855,0,151,institution/05-operations/safeguarding/.gitkeep,04_INSTITUTION_AND_GOVERNANCE/institution/05-operations/safeguarding/.gitkeep
e3b0c44298fc1c149afbf4c8996fb92427ae41e4649b934ca495991b7852b855,0,151,institution/06-templates/discipline/.gitkeep,04_INSTITUTION_AND_GOVERNANCE/institution/06-templates/discipline/.gitkeep
e3b0c44298fc1c149afbf4c8996fb92427ae41e4649b934ca495991b7852b855,0,151,institution/06-templates/doctrine/.gitkeep,04_INSTITUTION_AND_GOVERNANCE/institution/06-templates/doctrine/.gitkeep
e3b0c44298fc1c149afbf4c8996fb92427ae41e4649b934ca495991b7852b855,0,151,institution/06-templates/finance/.gitkeep,04_INSTITUTION_AND_GOVERNANCE/institution/06-templates/finance/.gitkeep
e3b0c44298fc1c149afbf4c8996fb92427ae41e4649b934ca495991b7852b855,0,151,institution/06-templates/governance/.gitkeep,04_INSTITUTION_AND_GOVERNANCE/institution/06-templates/governance/.gitkeep
e3b0c44298fc1c149afbf4c8996fb92427ae41e4649b934ca495991b7852b855,0,151,institution/06-templates/local-affiliation/.gitkeep,04_INSTITUTION_AND_GOVERNANCE/institution/06-templates/local-affiliation/.gitkeep
e3b0c44298fc1c149afbf4c8996fb92427ae41e4649b934ca495991b7852b855,0,151,institution/06-templates/manuals/.gitkeep,04_INSTITUTION_AND_GOVERNANCE/institution/06-templates/manuals/.gitkeep
e3b0c44298fc1c149afbf4c8996fb92427ae41e4649b934ca495991b7852b855,0,151,institution/06-templates/ministry/.gitkeep,04_INSTITUTION_AND_GOVERNANCE/institution/06-templates/ministry/.gitkeep
e3b0c44298fc1c149afbf4c8996fb92427ae41e4649b934ca495991b7852b855,0,151,institution/06-templates/safeguarding/.gitkeep,04_INSTITUTION_AND_GOVERNANCE/institution/06-templates/safeguarding/.gitkeep
e3b0c44298fc1c149afbf4c8996fb92427ae41e4649b934ca495991b7852b855,0,151,institution/06-templates/succession/.gitkeep,04_INSTITUTION_AND_GOVERNANCE/institution/06-templates/succession/.gitkeep
e3b0c44298fc1c149afbf4c8996fb92427ae41e4649b934ca495991b7852b855,0,151,institution/07-records/attendance/.gitkeep,04_INSTITUTION_AND_GOVERNANCE/institution/07-records/attendance/.gitkeep
e3b0c44298fc1c149afbf4c8996fb92427ae41e4649b934ca495991b7852b855,0,151,institution/07-records/credentials/.gitkeep,04_INSTITUTION_AND_GOVERNANCE/institution/07-records/credentials/.gitkeep
e3b0c44298fc1c149afbf4c8996fb92427ae41e4649b934ca495991b7852b855,0,151,institution/07-records/discipline/.gitkeep,04_INSTITUTION_AND_GOVERNANCE/institution/07-records/discipline/.gitkeep
e3b0c44298fc1c149afbf4c8996fb92427ae41e4649b934ca495991b7852b855,0,151,institution/07-records/financial/related-parties/.gitkeep,04_INSTITUTION_AND_GOVERNANCE/institution/07-records/financial/related-parties/.gitkeep
e3b0c44298fc1c149afbf4c8996fb92427ae41e4649b934ca495991b7852b855,0,151,institution/07-records/financial/reports/.gitkeep,04_INSTITUTION_AND_GOVERNANCE/institution/07-records/financial/reports/.gitkeep
e3b0c44298fc1c149afbf4c8996fb92427ae41e4649b934ca495991b7852b855,0,151,institution/07-records/membership/.gitkeep,04_INSTITUTION_AND_GOVERNANCE/institution/07-records/membership/.gitkeep
e3b0c44298fc1c149afbf4c8996fb92427ae41e4649b934ca495991b7852b855,0,151,institution/07-records/rites/.gitkeep,04_INSTITUTION_AND_GOVERNANCE/institution/07-records/rites/.gitkeep
e3b0c44298fc1c149afbf4c8996fb92427ae41e4649b934ca495991b7852b855,0,151,institution/07-records/safeguarding/.gitkeep,04_INSTITUTION_AND_GOVERNANCE/institution/07-records/safeguarding/.gitkeep
e3b0c44298fc1c149afbf4c8996fb92427ae41e4649b934ca495991b7852b855,0,151,institution/07-records/services/.gitkeep,04_INSTITUTION_AND_GOVERNANCE/institution/07-records/services/.gitkeep
e3b0c44298fc1c149afbf4c8996fb92427ae41e4649b934ca495991b7852b855,0,151,institution/07-records/teaching/.gitkeep,04_INSTITUTION_AND_GOVERNANCE/institution/07-records/teaching/.gitkeep
e3b0c44298fc1c149afbf4c8996fb92427ae41e4649b934ca495991b7852b855,0,151,institution/08-evidence/church-characteristics/.gitkeep,04_INSTITUTION_AND_GOVERNANCE/institution/08-evidence/church-characteristics/.gitkeep
e3b0c44298fc1c149afbf4c8996fb92427ae41e4649b934ca495991b7852b855,0,151,institution/08-evidence/exhibits/.gitkeep,04_INSTITUTION_AND_GOVERNANCE/institution/08-evidence/exhibits/.gitkeep
e3b0c44298fc1c149afbf4c8996fb92427ae41e4649b934ca495991b7852b855,0,151,institution/08-evidence/facilities/.gitkeep,04_INSTITUTION_AND_GOVERNANCE/institution/08-evidence/facilities/.gitkeep
e3b0c44298fc1c149afbf4c8996fb92427ae41e4649b934ca495991b7852b855,0,151,institution/08-evidence/publications/.gitkeep,04_INSTITUTION_AND_GOVERNANCE/institution/08-evidence/publications/.gitkeep
e3b0c44298fc1c149afbf4c8996fb92427ae41e4649b934ca495991b7852b855,0,151,institution/08-evidence/worship/.gitkeep,04_INSTITUTION_AND_GOVERNANCE/institution/08-evidence/worship/.gitkeep
e3b0c44298fc1c149afbf4c8996fb92427ae41e4649b934ca495991b7852b855,0,151,institution/09-tax-and-regulatory/form-1023/.gitkeep,04_INSTITUTION_AND_GOVERNANCE/institution/09-tax-and-regulatory/form-1023/.gitkeep
e3b0c44298fc1c149afbf4c8996fb92427ae41e4649b934ca495991b7852b855,0,151,institution/09-tax-and-regulatory/irs-correspondence/.gitkeep,04_INSTITUTION_AND_GOVERNANCE/institution/09-tax-and-regulatory/irs-correspondence/.gitkeep
e3b0c44298fc1c149afbf4c8996fb92427ae41e4649b934ca495991b7852b855,0,151,institution/09-tax-and-regulatory/schedule-a/.gitkeep,04_INSTITUTION_AND_GOVERNANCE/institution/09-tax-and-regulatory/schedule-a/.gitkeep
e3b0c44298fc1c149afbf4c8996fb92427ae41e4649b934ca495991b7852b855,0,151,institution/09-tax-and-regulatory/state-compliance/.gitkeep,04_INSTITUTION_AND_GOVERNANCE/institution/09-tax-and-regulatory/state-compliance/.gitkeep
e3b0c44298fc1c149afbf4c8996fb92427ae41e4649b934ca495991b7852b855,0,151,institution/99-archive/historical-drafts/.gitkeep,04_INSTITUTION_AND_GOVERNANCE/institution/99-archive/historical-drafts/.gitkeep
e3b0c44298fc1c149afbf4c8996fb92427ae41e4649b934ca495991b7852b855,0,151,institution/99-archive/superseded/.gitkeep,04_INSTITUTION_AND_GOVERNANCE/institution/99-archive/superseded/.gitkeep
e3b0c44298fc1c149afbf4c8996fb92427ae41e4649b934ca495991b7852b855,0,151,institution/99-archive/withdrawn/.gitkeep,04_INSTITUTION_AND_GOVERNANCE/institution/99-archive/withdrawn/.gitkeep
e3b0c44298fc1c149afbf4c8996fb92427ae41e4649b934ca495991b7852b855,0,151,institution/scripts/.gitkeep,04_INSTITUTION_AND_GOVERNANCE/institution/scripts/.gitkeep
e43345b6a6a3bf057c919b65b1523b1f9d492a52a78b5865dab795eaecc6b686,41840,2,Church/CH-053-IRS-Church-Characteristics-Matrix.docx,80_HISTORICAL_AND_PREINTEGRATION_PACKAGES/Church/CH-053-IRS-Church-Characteristics-Matrix.docx
e43345b6a6a3bf057c919b65b1523b1f9d492a52a78b5865dab795eaecc6b686,41840,2,institution/09-tax-and-regulatory/form-1023/CH-053-IRS-Church-Characteristics-Matrix.docx,04_INSTITUTION_AND_GOVERNANCE/institution/09-tax-and-regulatory/form-1023/CH-053-IRS-Church-Characteristics-Matrix.docx
e485b507f83d9638a38825725e0491a436c7b40a9cfd25a01d738948f09d8477,42733,2,Church/CH-008-Formal-Doctrine.docx,80_HISTORICAL_AND_PREINTEGRATION_PACKAGES/Church/CH-008-Formal-Doctrine.docx
e485b507f83d9638a38825725e0491a436c7b40a9cfd25a01d738948f09d8477,42733,2,institution/03-doctrine-and-religious-life/doctrine/CH-008-Formal-Doctrine.docx,04_INSTITUTION_AND_GOVERNANCE/institution/03-doctrine-and-religious-life/doctrine/CH-008-Formal-Doctrine.docx
e52d4b25325caa7629304e8984660ac6bb9f798f18b64c9b88086c0f1071d60c,1781,2,community-platform/node_modules/@supabase/realtime-js/dist/main/RealtimePresence.d.ts,06_DIGITAL_PLATFORM/community-platform/node_modules/@supabase/realtime-js/dist/main/RealtimePresence.d.ts
e52d4b25325caa7629304e8984660ac6bb9f798f18b64c9b88086c0f1071d60c,1781,2,community-platform/node_modules/@supabase/realtime-js/dist/module/RealtimePresence.d.ts,06_DIGITAL_PLATFORM/community-platform/node_modules/@supabase/realtime-js/dist/module/RealtimePresence.d.ts
e61eb506795b4f24593d9a18d008f28d14060c380478fe5ef4019c392ae2d5f8,252,2,release_v1_0/source/constitution_of_the_way_v1_0.md,03_RELEASES_AND_BASELINES/release_v1_0/source/constitution_of_the_way_v1_0.md
e61eb506795b4f24593d9a18d008f28d14060c380478fe5ef4019c392ae2d5f8,252,2,source/constitution_of_the_way_v1_0.md,01_FOUNDATIONAL_SOURCE/source/constitution_of_the_way_v1_0.md
e68e428a09f4bf6e09c4e1aef7cbbcdbfc7691b054319f7ae878e2f9c1d41555,42,2,community-platform/node_modules/next/dist/client/app-next-turbopack.d.ts,06_DIGITAL_PLATFORM/community-platform/node_modules/next/dist/client/app-next-turbopack.d.ts
e68e428a09f4bf6e09c4e1aef7cbbcdbfc7691b054319f7ae878e2f9c1d41555,42,2,community-platform/node_modules/next/dist/client/next-dev-turbopack.d.ts,06_DIGITAL_PLATFORM/community-platform/node_modules/next/dist/client/next-dev-turbopack.d.ts
e7f0a4e75ace985e12b38c78afc09d74759f5cd9304506077faf1c88ad4fa3ec,71447,2,community-platform/node_modules/next/dist/compiled/react-server-dom-turbopack/cjs/react-server-dom-turbopack-client.edge.production.js,06_DIGITAL_PLATFORM/community-platform/node_modules/next/dist/compiled/react-server-dom-turbopack/cjs/react-server-dom-turbopack-client.edge.production.js
e7f0a4e75ace985e12b38c78afc09d74759f5cd9304506077faf1c88ad4fa3ec,71447,2,community-platform/node_modules/next/dist/compiled/react-server-dom-turbopack-experimental/cjs/react-server-dom-turbopack-client.edge.production.js,06_DIGITAL_PLATFORM/community-platform/node_modules/next/dist/compiled/react-server-dom-turbopack-experimental/cjs/react-server-dom-turbopack-client.edge.production.js
e8ebf59c37b2a6755d70e86eb96e199da6a710c654f8765232413e1c07c66a87,200731,2,community-platform/node_modules/next/dist/compiled/react-server-dom-turbopack/cjs/react-server-dom-turbopack-client.node.development.js,06_DIGITAL_PLATFORM/community-platform/node_modules/next/dist/compiled/react-server-dom-turbopack/cjs/react-server-dom-turbopack-client.node.development.js
e8ebf59c37b2a6755d70e86eb96e199da6a710c654f8765232413e1c07c66a87,200731,2,community-platform/node_modules/next/dist/compiled/react-server-dom-turbopack-experimental/cjs/react-server-dom-turbopack-client.node.development.js,06_DIGITAL_PLATFORM/community-platform/node_modules/next/dist/compiled/react-server-dom-turbopack-experimental/cjs/react-server-dom-turbopack-client.node.development.js
e90fa99ad20377f8bf20cde4331add5e97205974a5b2cbc2f75887567977f705,41179,2,DOC-OPS-001-Doctrine-Docket-and-Teaching-Classification-Procedures.docx,80_HISTORICAL_AND_PREINTEGRATION_PACKAGES/top_level_institutional_exports/DOC-OPS-001-Doctrine-Docket-and-Teaching-Classification-Procedures.docx
e90fa99ad20377f8bf20cde4331add5e97205974a5b2cbc2f75887567977f705,41179,2,institution/06-templates/manuals/DOC-OPS-001-Doctrine-Docket-and-Teaching-Classification-Procedures.docx,04_INSTITUTION_AND_GOVERNANCE/institution/06-templates/manuals/DOC-OPS-001-Doctrine-Docket-and-Teaching-Classification-Procedures.docx
e9168abd4722b909215d6c3d173c381bba45ebed204efb1533ec706adc7def07,2208,3,HTERP/HTERP_v0.1/dossier_template.md,02_RESEARCH_AND_EVIDENCE/HTERP/HTERP_v0.1/dossier_template.md
e9168abd4722b909215d6c3d173c381bba45ebed204efb1533ec706adc7def07,2208,3,HTERP/HTERP_v0.2/dossier_template.md,02_RESEARCH_AND_EVIDENCE/HTERP/HTERP_v0.2/dossier_template.md
e9168abd4722b909215d6c3d173c381bba45ebed204efb1533ec706adc7def07,2208,3,HTERP/HTERP_v1.4/dossier_template.md,02_RESEARCH_AND_EVIDENCE/HTERP/HTERP_v1.4/dossier_template.md
e9273b6011d22753eddcac540584f50319beef4bc9dd3a272a13303389f85a92,2118,2,HTERP/HTERP_v0.2/blind/blinded_phenomenology_matrix.csv,02_RESEARCH_AND_EVIDENCE/HTERP/HTERP_v0.2/blind/blinded_phenomenology_matrix.csv
e9273b6011d22753eddcac540584f50319beef4bc9dd3a272a13303389f85a92,2118,2,HTERP/HTERP_v1.4/blind/blinded_phenomenology_matrix.csv,02_RESEARCH_AND_EVIDENCE/HTERP/HTERP_v1.4/blind/blinded_phenomenology_matrix.csv
e9886c3cacd3d676165b68793e76773a11019b0707a67be3721a5edcafbd6001,194236,2,community-platform/node_modules/next/dist/compiled/react-server-dom-turbopack/cjs/react-server-dom-turbopack-client.edge.development.js,06_DIGITAL_PLATFORM/community-platform/node_modules/next/dist/compiled/react-server-dom-turbopack/cjs/react-server-dom-turbopack-client.edge.development.js
e9886c3cacd3d676165b68793e76773a11019b0707a67be3721a5edcafbd6001,194236,2,community-platform/node_modules/next/dist/compiled/react-server-dom-turbopack-experimental/cjs/react-server-dom-turbopack-client.edge.development.js,06_DIGITAL_PLATFORM/community-platform/node_modules/next/dist/compiled/react-server-dom-turbopack-experimental/cjs/react-server-dom-turbopack-client.edge.development.js
e9acaf9de51ed35a677257b27200c3ab47d16e634c1289b29c07850f072b76ec,2026,2,institutional_integrity/institutional_integrity_v0_3/compliance/61_compliance_calendar.md,05_INTEGRITY_SAFEGUARDING_AND_COMPLIANCE/institutional_integrity/institutional_integrity_v0_3/compliance/61_compliance_calendar.md
e9acaf9de51ed35a677257b27200c3ab47d16e634c1289b29c07850f072b76ec,2026,2,institutional_integrity/institutional_integrity_v0_4/compliance/61_compliance_calendar.md,05_INTEGRITY_SAFEGUARDING_AND_COMPLIANCE/institutional_integrity/institutional_integrity_v0_4/compliance/61_compliance_calendar.md
ea3fccbb0db9fe3d255586d6a32e42dc91e338281e5f5f685b5f1227d700d668,40935,2,AFF-001-Affiliation-and-Disaffiliation-Code.docx,80_HISTORICAL_AND_PREINTEGRATION_PACKAGES/top_level_institutional_exports/AFF-001-Affiliation-and-Disaffiliation-Code.docx
ea3fccbb0db9fe3d255586d6a32e42dc91e338281e5f5f685b5f1227d700d668,40935,2,institution/02-constitutional/AFF-001/0.1.0/AFF-001-Affiliation-and-Disaffiliation-Code.docx,04_INSTITUTION_AND_GOVERNANCE/institution/02-constitutional/AFF-001/0.1.0/AFF-001-Affiliation-and-Disaffiliation-Code.docx
ea660ca47caabd584d48ff23f7d1efb06bd20bcc9908314dfe7ad2bb5c85bf4e,3550,2,HTERP/HTERP_v0.2/analysis/calibration_synthesis.md,02_RESEARCH_AND_EVIDENCE/HTERP/HTERP_v0.2/analysis/calibration_synthesis.md
ea660ca47caabd584d48ff23f7d1efb06bd20bcc9908314dfe7ad2bb5c85bf4e,3550,2,HTERP/HTERP_v1.4/analysis/calibration_synthesis.md,02_RESEARCH_AND_EVIDENCE/HTERP/HTERP_v1.4/analysis/calibration_synthesis.md
ea6c0cf49761b73c20c1d1246ada99e2c60a690d8b99b25615dc6c402d3833c8,273,2,community-platform/node_modules/next/dist/compiled/react-server-dom-turbopack/static.browser.js,06_DIGITAL_PLATFORM/community-platform/node_modules/next/dist/compiled/react-server-dom-turbopack/static.browser.js
ea6c0cf49761b73c20c1d1246ada99e2c60a690d8b99b25615dc6c402d3833c8,273,2,community-platform/node_modules/next/dist/compiled/react-server-dom-turbopack-experimental/static.browser.js,06_DIGITAL_PLATFORM/community-platform/node_modules/next/dist/compiled/react-server-dom-turbopack-experimental/static.browser.js
eae676896368e4e639bdeba7baef2fc991223b1433eb058674459ee699627798,40291,2,institution/06-templates/governance/GOV-VAL-001-Governance-Act-Validity-Review.docx,04_INSTITUTION_AND_GOVERNANCE/institution/06-templates/governance/GOV-VAL-001-Governance-Act-Validity-Review.docx
eae676896368e4e639bdeba7baef2fc991223b1433eb058674459ee699627798,40291,2,operations/templates/04-Governance/GOV-VAL-001-Governance-Act-Validity-Review.docx,80_HISTORICAL_AND_PREINTEGRATION_PACKAGES/operations/templates/04-Governance/GOV-VAL-001-Governance-Act-Validity-Review.docx
ebfb2e8db25d703bae7f776a0b92d0ca3350f0ef19f0d4bc7187fe51a121ca65,31,2,community-platform/node_modules/next/dist/esm/shared/lib/isomorphic/path.d.ts,06_DIGITAL_PLATFORM/community-platform/node_modules/next/dist/esm/shared/lib/isomorphic/path.d.ts
ebfb2e8db25d703bae7f776a0b92d0ca3350f0ef19f0d4bc7187fe51a121ca65,31,2,community-platform/node_modules/next/dist/shared/lib/isomorphic/path.d.ts,06_DIGITAL_PLATFORM/community-platform/node_modules/next/dist/shared/lib/isomorphic/path.d.ts
ece38395c7b6aab465146fb914921177d26522e5515036e60bd2491000e99f66,40612,2,Church/CH-042-Annual-Budget-and-Budget-Procedure.docx,80_HISTORICAL_AND_PREINTEGRATION_PACKAGES/Church/CH-042-Annual-Budget-and-Budget-Procedure.docx
ece38395c7b6aab465146fb914921177d26522e5515036e60bd2491000e99f66,40612,2,institution/05-operations/compliance/CH-042-Annual-Budget-and-Budget-Procedure.docx,04_INSTITUTION_AND_GOVERNANCE/institution/05-operations/compliance/CH-042-Annual-Budget-and-Budget-Procedure.docx
ef855250c10ce0979b358c5800a703facfe61d0e1425fbf7ed99dfffea83df40,2511,4,institutional_integrity/institutional_integrity_v0_2_release/modular_source/operations/39_implementation_queue.md,05_INTEGRITY_SAFEGUARDING_AND_COMPLIANCE/institutional_integrity/institutional_integrity_v0_2_release/modular_source/operations/39_implementation_queue.md
ef855250c10ce0979b358c5800a703facfe61d0e1425fbf7ed99dfffea83df40,2511,4,institutional_integrity/institutional_integrity_v0_3/operations/39_implementation_queue.md,05_INTEGRITY_SAFEGUARDING_AND_COMPLIANCE/institutional_integrity/institutional_integrity_v0_3/operations/39_implementation_queue.md
ef855250c10ce0979b358c5800a703facfe61d0e1425fbf7ed99dfffea83df40,2511,4,institutional_integrity/institutional_integrity_v0_4/operations/39_implementation_queue.md,05_INTEGRITY_SAFEGUARDING_AND_COMPLIANCE/institutional_integrity/institutional_integrity_v0_4/operations/39_implementation_queue.md
ef855250c10ce0979b358c5800a703facfe61d0e1425fbf7ed99dfffea83df40,2511,4,operations/39_implementation_queue.md,80_HISTORICAL_AND_PREINTEGRATION_PACKAGES/operations/39_implementation_queue.md
efa6bb96ac3226780ba640f5fdfd7fa58a352cdd22a6f74c108b6e7a6683821f,17255,4,governance/04_model_bylaws_common_core.md,80_HISTORICAL_AND_PREINTEGRATION_PACKAGES/governance/04_model_bylaws_common_core.md
efa6bb96ac3226780ba640f5fdfd7fa58a352cdd22a6f74c108b6e7a6683821f,17255,4,institutional_integrity/institutional_integrity_v0_2_release/modular_source/governance/04_model_bylaws_common_core.md,05_INTEGRITY_SAFEGUARDING_AND_COMPLIANCE/institutional_integrity/institutional_integrity_v0_2_release/modular_source/governance/04_model_bylaws_common_core.md
efa6bb96ac3226780ba640f5fdfd7fa58a352cdd22a6f74c108b6e7a6683821f,17255,4,institutional_integrity/institutional_integrity_v0_3/governance/04_model_bylaws_common_core.md,05_INTEGRITY_SAFEGUARDING_AND_COMPLIANCE/institutional_integrity/institutional_integrity_v0_3/governance/04_model_bylaws_common_core.md
efa6bb96ac3226780ba640f5fdfd7fa58a352cdd22a6f74c108b6e7a6683821f,17255,4,institutional_integrity/institutional_integrity_v0_4/governance/04_model_bylaws_common_core.md,05_INTEGRITY_SAFEGUARDING_AND_COMPLIANCE/institutional_integrity/institutional_integrity_v0_4/governance/04_model_bylaws_common_core.md
f1c2fea33a9252ccba1f7c7a9310ea7c0e82f3cff1bc7c693ff153bd54175b25,208,3,community-platform/node_modules/next/dist/compiled/scheduler/index.native.js,06_DIGITAL_PLATFORM/community-platform/node_modules/next/dist/compiled/scheduler/index.native.js
f1c2fea33a9252ccba1f7c7a9310ea7c0e82f3cff1bc7c693ff153bd54175b25,208,3,community-platform/node_modules/next/dist/compiled/scheduler-experimental/index.native.js,06_DIGITAL_PLATFORM/community-platform/node_modules/next/dist/compiled/scheduler-experimental/index.native.js
f1c2fea33a9252ccba1f7c7a9310ea7c0e82f3cff1bc7c693ff153bd54175b25,208,3,community-platform/node_modules/scheduler/index.native.js,06_DIGITAL_PLATFORM/community-platform/node_modules/scheduler/index.native.js
f258e3960f324a956fc76a3d3d9e964fff2244ff5859dcc6ce5951e5413ca826,160,2,community-platform/node_modules/next/dist/styled-jsx/types/global.d.ts,06_DIGITAL_PLATFORM/community-platform/node_modules/next/dist/styled-jsx/types/global.d.ts
f258e3960f324a956fc76a3d3d9e964fff2244ff5859dcc6ce5951e5413ca826,160,2,community-platform/node_modules/styled-jsx/global.d.ts,06_DIGITAL_PLATFORM/community-platform/node_modules/styled-jsx/global.d.ts
f2dd93f6f91f983cd91232098d4ac55578596d33d680d7cb9438ea3b0a611b4b,669,3,community-platform/node_modules/next/dist/compiled/react-dom/server.node.js,06_DIGITAL_PLATFORM/community-platform/node_modules/next/dist/compiled/react-dom/server.node.js
f2dd93f6f91f983cd91232098d4ac55578596d33d680d7cb9438ea3b0a611b4b,669,3,community-platform/node_modules/next/dist/compiled/react-dom-experimental/server.node.js,06_DIGITAL_PLATFORM/community-platform/node_modules/next/dist/compiled/react-dom-experimental/server.node.js
f2dd93f6f91f983cd91232098d4ac55578596d33d680d7cb9438ea3b0a611b4b,669,3,community-platform/node_modules/react-dom/server.node.js,06_DIGITAL_PLATFORM/community-platform/node_modules/react-dom/server.node.js
f30bc8378970bb3c7861e2652edd3806b1c09c948985469ed9287a10efc9a990,140,2,community-platform/node_modules/@supabase/functions-js/dist/main/version.d.ts.map,06_DIGITAL_PLATFORM/community-platform/node_modules/@supabase/functions-js/dist/main/version.d.ts.map
f30bc8378970bb3c7861e2652edd3806b1c09c948985469ed9287a10efc9a990,140,2,community-platform/node_modules/@supabase/functions-js/dist/module/version.d.ts.map,06_DIGITAL_PLATFORM/community-platform/node_modules/@supabase/functions-js/dist/module/version.d.ts.map
f4646265d6e2a665890505947eb1f72c5e1f5a77b30dcab7f25be517aa0859c8,1143,4,institutional_integrity/institutional_integrity_v0_2_release/modular_source/operations/16_discipline_appeals_sop.md,05_INTEGRITY_SAFEGUARDING_AND_COMPLIANCE/institutional_integrity/institutional_integrity_v0_2_release/modular_source/operations/16_discipline_appeals_sop.md
f4646265d6e2a665890505947eb1f72c5e1f5a77b30dcab7f25be517aa0859c8,1143,4,institutional_integrity/institutional_integrity_v0_3/operations/16_discipline_appeals_sop.md,05_INTEGRITY_SAFEGUARDING_AND_COMPLIANCE/institutional_integrity/institutional_integrity_v0_3/operations/16_discipline_appeals_sop.md
f4646265d6e2a665890505947eb1f72c5e1f5a77b30dcab7f25be517aa0859c8,1143,4,institutional_integrity/institutional_integrity_v0_4/operations/16_discipline_appeals_sop.md,05_INTEGRITY_SAFEGUARDING_AND_COMPLIANCE/institutional_integrity/institutional_integrity_v0_4/operations/16_discipline_appeals_sop.md
f4646265d6e2a665890505947eb1f72c5e1f5a77b30dcab7f25be517aa0859c8,1143,4,operations/16_discipline_appeals_sop.md,80_HISTORICAL_AND_PREINTEGRATION_PACKAGES/operations/16_discipline_appeals_sop.md
f46e2071943dd77b4edcf969aa6bdfaa66c4ca0e1c25152336c4a1c657674ad9,41653,2,Church/CH-022-Recurring-Worship-Location-Use-Agreement.docx,80_HISTORICAL_AND_PREINTEGRATION_PACKAGES/Church/CH-022-Recurring-Worship-Location-Use-Agreement.docx
f46e2071943dd77b4edcf969aa6bdfaa66c4ca0e1c25152336c4a1c657674ad9,41653,2,institution/05-operations/membership/CH-022-Recurring-Worship-Location-Use-Agreement.docx,04_INSTITUTION_AND_GOVERNANCE/institution/05-operations/membership/CH-022-Recurring-Worship-Location-Use-Agreement.docx
f4fb0feb1b00278cf012c28764970ee0d1667358b2fb8e9014506be2c40bdbc1,40128,2,institution/06-templates/discipline/DISC-APP-001-Appeal.docx,04_INSTITUTION_AND_GOVERNANCE/institution/06-templates/discipline/DISC-APP-001-Appeal.docx
f4fb0feb1b00278cf012c28764970ee0d1667358b2fb8e9014506be2c40bdbc1,40128,2,operations/templates/01-Discipline/DISC-APP-001-Appeal.docx,80_HISTORICAL_AND_PREINTEGRATION_PACKAGES/operations/templates/01-Discipline/DISC-APP-001-Appeal.docx
f551324327d867b57d4c2376537d5513d22537390ca8476d825e9bb82fb995a4,40596,2,institution/02-constitutional/LOCAL-001/0.1.0/LOCAL-001-Local-Community-Constitutional-Framework.docx,04_INSTITUTION_AND_GOVERNANCE/institution/02-constitutional/LOCAL-001/0.1.0/LOCAL-001-Local-Community-Constitutional-Framework.docx
f551324327d867b57d4c2376537d5513d22537390ca8476d825e9bb82fb995a4,40596,2,LOCAL-001-Local-Community-Constitutional-Framework.docx,80_HISTORICAL_AND_PREINTEGRATION_PACKAGES/top_level_institutional_exports/LOCAL-001-Local-Community-Constitutional-Framework.docx
f60ae9190ec5686fb4a0daf91a9ef172cf137022365ae63c7140357e8fd359cf,250,2,community-platform/node_modules/next/dist/api/router.js.map,06_DIGITAL_PLATFORM/community-platform/node_modules/next/dist/api/router.js.map
f60ae9190ec5686fb4a0daf91a9ef172cf137022365ae63c7140357e8fd359cf,250,2,community-platform/node_modules/next/dist/esm/api/router.js.map,06_DIGITAL_PLATFORM/community-platform/node_modules/next/dist/esm/api/router.js.map
f626476acb96128314c3f7e225f6a7b0392a12c2d655aa67d9c8d604d1b4b1b3,95905,2,.archive/institutional_integrity_v0_3_source_pack.zip,99_UNCLASSIFIED/.archive/institutional_integrity_v0_3_source_pack.zip
f626476acb96128314c3f7e225f6a7b0392a12c2d655aa67d9c8d604d1b4b1b3,95905,2,institutional_integrity/institutional_integrity_v0_3_release/04_sources/institutional_integrity_v0_3_source_pack.zip,05_INTEGRITY_SAFEGUARDING_AND_COMPLIANCE/institutional_integrity/institutional_integrity_v0_3_release/04_sources/institutional_integrity_v0_3_source_pack.zip
f6c43e3d0355786c8496b56b69d123876ac51fc56a0586bc33f6fa1d9a835b1e,104,2,community-platform/node_modules/next/dist/api/app.js,06_DIGITAL_PLATFORM/community-platform/node_modules/next/dist/api/app.js
f6c43e3d0355786c8496b56b69d123876ac51fc56a0586bc33f6fa1d9a835b1e,104,2,community-platform/node_modules/next/dist/esm/api/app.js,06_DIGITAL_PLATFORM/community-platform/node_modules/next/dist/esm/api/app.js
f6e15b1a0f7912a8dbae536f037b9c059026742f3dfe740b37bd03fc7d816d65,10869,2,community-platform/node_modules/next/dist/compiled/scheduler/cjs/scheduler.native.production.js,06_DIGITAL_PLATFORM/community-platform/node_modules/next/dist/compiled/scheduler/cjs/scheduler.native.production.js
f6e15b1a0f7912a8dbae536f037b9c059026742f3dfe740b37bd03fc7d816d65,10869,2,community-platform/node_modules/scheduler/cjs/scheduler.native.production.js,06_DIGITAL_PLATFORM/community-platform/node_modules/scheduler/cjs/scheduler.native.production.js
f7222f85b3b08e2170a9f925df6a55d5affd5a55140c45a74ed59d2dc552f792,40938,3,binders/OPS-IMPL-001-Operational-Implementation-Manuals-Completion-Binder.docx,80_HISTORICAL_AND_PREINTEGRATION_PACKAGES/binders/OPS-IMPL-001-Operational-Implementation-Manuals-Completion-Binder.docx
f7222f85b3b08e2170a9f925df6a55d5affd5a55140c45a74ed59d2dc552f792,40938,3,institution/06-templates/manuals/OPS-IMPL-001-Operational-Implementation-Manuals-Completion-Binder.docx,04_INSTITUTION_AND_GOVERNANCE/institution/06-templates/manuals/OPS-IMPL-001-Operational-Implementation-Manuals-Completion-Binder.docx
f7222f85b3b08e2170a9f925df6a55d5affd5a55140c45a74ed59d2dc552f792,40938,3,institution/99-archive/historical-drafts/production-binders/OPS-IMPL-001-Operational-Implementation-Manuals-Completion-Binder.docx,04_INSTITUTION_AND_GOVERNANCE/institution/99-archive/historical-drafts/production-binders/OPS-IMPL-001-Operational-Implementation-Manuals-Completion-Binder.docx
f759460eb3571d5bf1e1a9e5ef7cb033ec5c67f25d64a6bbf5a9ac43bd25831a,563,3,community-platform/node_modules/next/dist/compiled/react-dom/server.browser.js,06_DIGITAL_PLATFORM/community-platform/node_modules/next/dist/compiled/react-dom/server.browser.js
f759460eb3571d5bf1e1a9e5ef7cb033ec5c67f25d64a6bbf5a9ac43bd25831a,563,3,community-platform/node_modules/next/dist/compiled/react-dom-experimental/server.browser.js,06_DIGITAL_PLATFORM/community-platform/node_modules/next/dist/compiled/react-dom-experimental/server.browser.js
f759460eb3571d5bf1e1a9e5ef7cb033ec5c67f25d64a6bbf5a9ac43bd25831a,563,3,community-platform/node_modules/react-dom/server.browser.js,06_DIGITAL_PLATFORM/community-platform/node_modules/react-dom/server.browser.js
f7604a53a00250f66db4b47dd44327ce2a43f6edec850d5217bb80238819efdd,15292,2,community-platform/node_modules/next/dist/esm/next-devtools/server/font/geist-latin-ext.woff2,06_DIGITAL_PLATFORM/community-platform/node_modules/next/dist/esm/next-devtools/server/font/geist-latin-ext.woff2
f7604a53a00250f66db4b47dd44327ce2a43f6edec850d5217bb80238819efdd,15292,2,community-platform/node_modules/next/dist/next-devtools/server/font/geist-latin-ext.woff2,06_DIGITAL_PLATFORM/community-platform/node_modules/next/dist/next-devtools/server/font/geist-latin-ext.woff2
f8d7dc882ede74f9b75e77dbe1355c289db9f254d6273a9176b74581306c5374,43083,2,Church/CH-012-Religious-History.docx,80_HISTORICAL_AND_PREINTEGRATION_PACKAGES/Church/CH-012-Religious-History.docx
f8d7dc882ede74f9b75e77dbe1355c289db9f254d6273a9176b74581306c5374,43083,2,institution/03-doctrine-and-religious-life/history/CH-012-Religious-History.docx,04_INSTITUTION_AND_GOVERNANCE/institution/03-doctrine-and-religious-life/history/CH-012-Religious-History.docx
f8da57ca1c6f5e4e63615444fd5400c781b465ac01da038b40bef8261c4f460b,40784,2,Church/CH-043-Financial-Statements-and-Reporting-Standard.docx,80_HISTORICAL_AND_PREINTEGRATION_PACKAGES/Church/CH-043-Financial-Statements-and-Reporting-Standard.docx
f8da57ca1c6f5e4e63615444fd5400c781b465ac01da038b40bef8261c4f460b,40784,2,institution/05-operations/compliance/CH-043-Financial-Statements-and-Reporting-Standard.docx,04_INSTITUTION_AND_GOVERNANCE/institution/05-operations/compliance/CH-043-Financial-Statements-and-Reporting-Standard.docx
f960d05784161659e94022403e96590d13a90626536450b31157a60b4a745048,2341,2,community-platform/node_modules/next/dist/compiled/react-server-dom-webpack/cjs/react-server-dom-webpack-node-register.js,06_DIGITAL_PLATFORM/community-platform/node_modules/next/dist/compiled/react-server-dom-webpack/cjs/react-server-dom-webpack-node-register.js
f960d05784161659e94022403e96590d13a90626536450b31157a60b4a745048,2341,2,community-platform/node_modules/next/dist/compiled/react-server-dom-webpack-experimental/cjs/react-server-dom-webpack-node-register.js,06_DIGITAL_PLATFORM/community-platform/node_modules/next/dist/compiled/react-server-dom-webpack-experimental/cjs/react-server-dom-webpack-node-register.js
f96ec1bd834afaf56dc9e74ba94554411ade0bcd2a3b825105add5b5ae265dd4,194,8,community-platform/node_modules/next/dist/compiled/react-server-dom-turbopack/server.js,06_DIGITAL_PLATFORM/community-platform/node_modules/next/dist/compiled/react-server-dom-turbopack/server.js
f96ec1bd834afaf56dc9e74ba94554411ade0bcd2a3b825105add5b5ae265dd4,194,8,community-platform/node_modules/next/dist/compiled/react-server-dom-turbopack/static.js,06_DIGITAL_PLATFORM/community-platform/node_modules/next/dist/compiled/react-server-dom-turbopack/static.js
f96ec1bd834afaf56dc9e74ba94554411ade0bcd2a3b825105add5b5ae265dd4,194,8,community-platform/node_modules/next/dist/compiled/react-server-dom-turbopack-experimental/server.js,06_DIGITAL_PLATFORM/community-platform/node_modules/next/dist/compiled/react-server-dom-turbopack-experimental/server.js
f96ec1bd834afaf56dc9e74ba94554411ade0bcd2a3b825105add5b5ae265dd4,194,8,community-platform/node_modules/next/dist/compiled/react-server-dom-turbopack-experimental/static.js,06_DIGITAL_PLATFORM/community-platform/node_modules/next/dist/compiled/react-server-dom-turbopack-experimental/static.js
f96ec1bd834afaf56dc9e74ba94554411ade0bcd2a3b825105add5b5ae265dd4,194,8,community-platform/node_modules/next/dist/compiled/react-server-dom-webpack/server.js,06_DIGITAL_PLATFORM/community-platform/node_modules/next/dist/compiled/react-server-dom-webpack/server.js
f96ec1bd834afaf56dc9e74ba94554411ade0bcd2a3b825105add5b5ae265dd4,194,8,community-platform/node_modules/next/dist/compiled/react-server-dom-webpack/static.js,06_DIGITAL_PLATFORM/community-platform/node_modules/next/dist/compiled/react-server-dom-webpack/static.js
f96ec1bd834afaf56dc9e74ba94554411ade0bcd2a3b825105add5b5ae265dd4,194,8,community-platform/node_modules/next/dist/compiled/react-server-dom-webpack-experimental/server.js,06_DIGITAL_PLATFORM/community-platform/node_modules/next/dist/compiled/react-server-dom-webpack-experimental/server.js
f96ec1bd834afaf56dc9e74ba94554411ade0bcd2a3b825105add5b5ae265dd4,194,8,community-platform/node_modules/next/dist/compiled/react-server-dom-webpack-experimental/static.js,06_DIGITAL_PLATFORM/community-platform/node_modules/next/dist/compiled/react-server-dom-webpack-experimental/static.js
fa1a68fb24d45a329611b91cb5180bf37491959ba6c8e63ef9264e00792c9add,40304,2,institution/06-templates/local-affiliation/AFF-REV-001-Affiliation-Review-Docket.docx,04_INSTITUTION_AND_GOVERNANCE/institution/06-templates/local-affiliation/AFF-REV-001-Affiliation-Review-Docket.docx
fa1a68fb24d45a329611b91cb5180bf37491959ba6c8e63ef9264e00792c9add,40304,2,operations/templates/05-Local-and-Affiliation/AFF-REV-001-Affiliation-Review-Docket.docx,80_HISTORICAL_AND_PREINTEGRATION_PACKAGES/operations/templates/05-Local-and-Affiliation/AFF-REV-001-Affiliation-Review-Docket.docx
fa2e725a8770d4fa96adada5590d8d078c3900b1d075bad82163607563418501,42100,2,provisional_theological_baseline_v0_8.docx,80_HISTORICAL_AND_PREINTEGRATION_PACKAGES/top_level_foundational_exports/provisional_theological_baseline_v0_8.docx
fa2e725a8770d4fa96adada5590d8d078c3900b1d075bad82163607563418501,42100,2,reference_v0.8/provisional_theological_baseline_v0_8.docx,03_RELEASES_AND_BASELINES/reference_v0.8/provisional_theological_baseline_v0_8.docx
fae0159c869a447b38433e1d9d2e60b6787b8169c9e6f0495b707aa1af2fd021,1030,4,institutional_integrity/institutional_integrity_v0_2_release/modular_source/operations/17_exit_nonretaliation_sop.md,05_INTEGRITY_SAFEGUARDING_AND_COMPLIANCE/institutional_integrity/institutional_integrity_v0_2_release/modular_source/operations/17_exit_nonretaliation_sop.md
fae0159c869a447b38433e1d9d2e60b6787b8169c9e6f0495b707aa1af2fd021,1030,4,institutional_integrity/institutional_integrity_v0_3/operations/17_exit_nonretaliation_sop.md,05_INTEGRITY_SAFEGUARDING_AND_COMPLIANCE/institutional_integrity/institutional_integrity_v0_3/operations/17_exit_nonretaliation_sop.md
fae0159c869a447b38433e1d9d2e60b6787b8169c9e6f0495b707aa1af2fd021,1030,4,institutional_integrity/institutional_integrity_v0_4/operations/17_exit_nonretaliation_sop.md,05_INTEGRITY_SAFEGUARDING_AND_COMPLIANCE/institutional_integrity/institutional_integrity_v0_4/operations/17_exit_nonretaliation_sop.md
fae0159c869a447b38433e1d9d2e60b6787b8169c9e6f0495b707aa1af2fd021,1030,4,operations/17_exit_nonretaliation_sop.md,80_HISTORICAL_AND_PREINTEGRATION_PACKAGES/operations/17_exit_nonretaliation_sop.md
fb128dd23a02e2808d03ea9594a14e04c8ca68e173eb97d8bafcbd035c5d75c9,113,2,community-platform/node_modules/next/dist/api/script.js,06_DIGITAL_PLATFORM/community-platform/node_modules/next/dist/api/script.js
fb128dd23a02e2808d03ea9594a14e04c8ca68e173eb97d8bafcbd035c5d75c9,113,2,community-platform/node_modules/next/dist/esm/api/script.js,06_DIGITAL_PLATFORM/community-platform/node_modules/next/dist/esm/api/script.js
fbef63635b955cd9ff5121e1bf34a3270521617a2927a2a22a238e4c5d168d0c,2616,2,institutional_integrity/institutional_integrity_v0_3/founding/50_committee_charters.md,05_INTEGRITY_SAFEGUARDING_AND_COMPLIANCE/institutional_integrity/institutional_integrity_v0_3/founding/50_committee_charters.md
fbef63635b955cd9ff5121e1bf34a3270521617a2927a2a22a238e4c5d168d0c,2616,2,institutional_integrity/institutional_integrity_v0_4/founding/50_committee_charters.md,05_INTEGRITY_SAFEGUARDING_AND_COMPLIANCE/institutional_integrity/institutional_integrity_v0_4/founding/50_committee_charters.md
fc0d6aad2590122f697b22f99c0c02ef0812e04ffe5e79ee660d31bfae462705,706,4,forms/34_conflict_disclosure_form.md,80_HISTORICAL_AND_PREINTEGRATION_PACKAGES/forms/34_conflict_disclosure_form.md
fc0d6aad2590122f697b22f99c0c02ef0812e04ffe5e79ee660d31bfae462705,706,4,institutional_integrity/institutional_integrity_v0_2_release/modular_source/forms/34_conflict_disclosure_form.md,05_INTEGRITY_SAFEGUARDING_AND_COMPLIANCE/institutional_integrity/institutional_integrity_v0_2_release/modular_source/forms/34_conflict_disclosure_form.md
fc0d6aad2590122f697b22f99c0c02ef0812e04ffe5e79ee660d31bfae462705,706,4,institutional_integrity/institutional_integrity_v0_3/forms/34_conflict_disclosure_form.md,05_INTEGRITY_SAFEGUARDING_AND_COMPLIANCE/institutional_integrity/institutional_integrity_v0_3/forms/34_conflict_disclosure_form.md
fc0d6aad2590122f697b22f99c0c02ef0812e04ffe5e79ee660d31bfae462705,706,4,institutional_integrity/institutional_integrity_v0_4/forms/34_conflict_disclosure_form.md,05_INTEGRITY_SAFEGUARDING_AND_COMPLIANCE/institutional_integrity/institutional_integrity_v0_4/forms/34_conflict_disclosure_form.md
fc4f17c41a481fd88e05245255c53e7b7373f62ae9d7c3b729811ec70214a113,603,2,community-platform/node_modules/@supabase/realtime-js/dist/main/phoenix/types.d.ts.map,06_DIGITAL_PLATFORM/community-platform/node_modules/@supabase/realtime-js/dist/main/phoenix/types.d.ts.map
fc4f17c41a481fd88e05245255c53e7b7373f62ae9d7c3b729811ec70214a113,603,2,community-platform/node_modules/@supabase/realtime-js/dist/module/phoenix/types.d.ts.map,06_DIGITAL_PLATFORM/community-platform/node_modules/@supabase/realtime-js/dist/module/phoenix/types.d.ts.map
fc71c8306184311c2a580297d2f71d1f130eac7217720a22be2548a118ba9a99,7025,2,community-platform/node_modules/@supabase/functions-js/dist/main/FunctionsClient.d.ts,06_DIGITAL_PLATFORM/community-platform/node_modules/@supabase/functions-js/dist/main/FunctionsClient.d.ts
fc71c8306184311c2a580297d2f71d1f130eac7217720a22be2548a118ba9a99,7025,2,community-platform/node_modules/@supabase/functions-js/dist/module/FunctionsClient.d.ts,06_DIGITAL_PLATFORM/community-platform/node_modules/@supabase/functions-js/dist/module/FunctionsClient.d.ts
fd4aba630193738cd04953cf4ff9f3b096fb03a27dfdf81659609d29d9b542d3,200,2,community-platform/node_modules/@supabase/functions-js/dist/main/helper.d.ts.map,06_DIGITAL_PLATFORM/community-platform/node_modules/@supabase/functions-js/dist/main/helper.d.ts.map
fd4aba630193738cd04953cf4ff9f3b096fb03a27dfdf81659609d29d9b542d3,200,2,community-platform/node_modules/@supabase/functions-js/dist/module/helper.d.ts.map,06_DIGITAL_PLATFORM/community-platform/node_modules/@supabase/functions-js/dist/module/helper.d.ts.map
fd7a5704534e28ad9462079e248b2074b5d83b199ead933c91aba330960f2b19,40290,2,institution/06-templates/finance/FIN-GIFT-001F-Gift-Acceptance-Review.docx,04_INSTITUTION_AND_GOVERNANCE/institution/06-templates/finance/FIN-GIFT-001F-Gift-Acceptance-Review.docx
fd7a5704534e28ad9462079e248b2074b5d83b199ead933c91aba330960f2b19,40290,2,operations/templates/03-Finance/FIN-GIFT-001F-Gift-Acceptance-Review.docx,80_HISTORICAL_AND_PREINTEGRATION_PACKAGES/operations/templates/03-Finance/FIN-GIFT-001F-Gift-Acceptance-Review.docx
fd860a193138a4d8bc485d2d3d17b5a71e639ac074c0833f4c2c8f9adc5dea0c,1845,2,HTERP/HTERP_v0.2/protocols/HTERP-NEURO-neurological-control.md,02_RESEARCH_AND_EVIDENCE/HTERP/HTERP_v0.2/protocols/HTERP-NEURO-neurological-control.md
fd860a193138a4d8bc485d2d3d17b5a71e639ac074c0833f4c2c8f9adc5dea0c,1845,2,HTERP/HTERP_v1.4/protocols/HTERP-NEURO-neurological-control.md,02_RESEARCH_AND_EVIDENCE/HTERP/HTERP_v1.4/protocols/HTERP-NEURO-neurological-control.md
fdb63cebea9286b6d112fdd7d73126f3130bfc16cd662f74c12897c768051840,39721,2,binders/RID-001-Religious-Identity-Layer-Production-Binder.docx,80_HISTORICAL_AND_PREINTEGRATION_PACKAGES/binders/RID-001-Religious-Identity-Layer-Production-Binder.docx
fdb63cebea9286b6d112fdd7d73126f3130bfc16cd662f74c12897c768051840,39721,2,institution/99-archive/historical-drafts/production-binders/RID-001-Religious-Identity-Layer-Production-Binder.docx,04_INSTITUTION_AND_GOVERNANCE/institution/99-archive/historical-drafts/production-binders/RID-001-Religious-Identity-Layer-Production-Binder.docx
fe6cdb13d66fbe809a5c5911fd7a9e46096a577a5a6a3ccbe2d9472436c25302,286,2,community-platform/node_modules/next/dist/compiled/react-server-dom-turbopack/index.js,06_DIGITAL_PLATFORM/community-platform/node_modules/next/dist/compiled/react-server-dom-turbopack/index.js
fe6cdb13d66fbe809a5c5911fd7a9e46096a577a5a6a3ccbe2d9472436c25302,286,2,community-platform/node_modules/next/dist/compiled/react-server-dom-turbopack-experimental/index.js,06_DIGITAL_PLATFORM/community-platform/node_modules/next/dist/compiled/react-server-dom-turbopack-experimental/index.js
fea2122d9008204141b3c559819b7c92b5288a7aa891c40cc81f6c579f64a86d,40244,2,institution/06-templates/local-affiliation/LOCAL-APP-001-Local-Community-Recognition-Application.docx,04_INSTITUTION_AND_GOVERNANCE/institution/06-templates/local-affiliation/LOCAL-APP-001-Local-Community-Recognition-Application.docx
fea2122d9008204141b3c559819b7c92b5288a7aa891c40cc81f6c579f64a86d,40244,2,operations/templates/05-Local-and-Affiliation/LOCAL-APP-001-Local-Community-Recognition-Application.docx,80_HISTORICAL_AND_PREINTEGRATION_PACKAGES/operations/templates/05-Local-and-Affiliation/LOCAL-APP-001-Local-Community-Recognition-Application.docx
